{"pareto_front_0": [], "pareto_front_1": [], "pareto_front_2": [], "pareto_front_3": [], "pareto_front_4": [], "pareto_front_5": [], "pareto_front_6": [], "pareto_front_7": [], "pareto_front_8": [], "pareto_front_9": [], "mean_qpu_run_time(ms)": 531.9023393667661, "stdev_qpu_run_time(ms)": 257.68402232723383, "all_qpu_run_times(ms)": [483.2332134246826, 51.596879959106445, 1323.9762783050537, 421.3850498199463, 725.5854606628418, 1749.4208812713623, 498.9762306213379, 436.8922710418701, 428.0238151550293, 474.9755859375, 474.20787811279297, 476.83143615722656, 469.8448181152344, 474.17593002319336, 483.28542709350586, 463.73820304870605, 1265.824556350708, 459.08498764038086, 461.9607925415039, 591.2351608276367, 509.11974906921387, 456.24685287475586, 452.20136642456055, 406.80885314941406, 411.03386878967285, 465.1610851287842, 521.8603610992432, 408.07509422302246, 403.4709930419922, 406.329870223999, 405.28392791748047, 403.820276260376, 519.4110870361328, 419.58069801330566, 596.2705612182617, 415.6310558319092, 417.47093200683594, 416.0475730895996, 82.14402198791504, 416.02468490600586, 412.74070739746094, 404.12402153015137, 405.4882526397705, 691.9596195220947, 592.963695526123, 454.85949516296387, 445.65892219543457, 640.7697200775146, 701.2596130371094, 695.5819129943848, 1279.0348529815674, 1274.8937606811523, 462.8448486328125, 44.59834098815918, 1270.9710597991943, 413.82694244384766, 700.5338668823242, 888.5931968688965, 453.0799388885498, 398.04840087890625, 407.2988033294678, 459.77067947387695, 462.9473686218262, 471.1265563964844, 466.67003631591797, 456.59732818603516, 458.9998722076416, 467.9877758026123, 1278.9154052734375, 463.16027641296387, 443.9554214477539, 585.6664180755615, 512.2008323669434, 451.16162300109863, 456.7286968231201, 405.55453300476074, 416.03684425354004, 465.52538871765137, 504.85706329345703, 403.40495109558105, 406.7723751068115, 406.9409370422363, 392.1520709991455, 403.522253036499, 512.627363204956, 404.4005870819092, 585.4940414428711, 404.77824211120605, 411.88597679138184, 413.14172744750977, 51.867008209228516, 404.6051502227783, 408.42509269714355, 403.78665924072266, 410.4735851287842, 700.6392478942871, 584.0780735015869, 460.315465927124, 458.4660530090332, 510.5717182159424, 696.3231563568115, 690.117359161377, 1270.352840423584, 1261.5208625793457, 448.94933700561523, 47.56903648376465, 1261.392593383789, 404.73461151123047, 700.0837326049805, 892.5724029541016, 450.2747058868408, 405.49325942993164, 400.3467559814453, 456.2234878540039, 446.7811584472656, 454.5400142669678, 453.0167579650879, 448.52638244628906, 453.2144069671631, 449.1257667541504, 1273.9098072052002, 451.3821601867676, 457.8714370727539, 584.5563411712646, 514.2202377319336, 448.96674156188965, 459.8088264465332, 398.745059967041, 402.1584987640381, 466.6581153869629, 511.5189552307129, 400.17056465148926, 405.9863090515137, 398.9393711090088, 403.0606746673584, 402.74882316589355, 503.7493705749512, 397.3233699798584, 585.6637954711914, 403.2571315765381, 405.0638675689697, 404.7532081604004, 76.39122009277344, 403.0032157897949, 407.942533493042, 398.55337142944336, 403.2723903656006, 697.9589462280273, 588.8280868530273, 458.0998420715332, 460.7887268066406, 515.855073928833, 698.9514827728271, 693.3789253234863, 1274.9710083007812, 1308.455467224121, 456.434965133667, 48.98953437805176, 1270.5209255218506, 408.7247848510742, 696.2811946868896, 890.6445503234863, 601.6414165496826, 403.179407119751, 402.209997177124, 453.4456729888916, 453.49717140197754, 460.1118564605713, 451.35045051574707, 441.82801246643066, 447.6313591003418, 447.8931427001953, 1287.90283203125, 445.02806663513184, 451.07364654541016, 587.4240398406982, 519.6993350982666, 466.80641174316406, 471.5580940246582, 414.2494201660156, 417.65308380126953, 471.4956283569336, 522.4671363830566, 407.6526165008545, 403.83005142211914, 399.55592155456543, 416.33152961730957, 404.66880798339844, 519.5307731628418, 409.41357612609863, 593.529224395752, 409.7604751586914, 406.1703681945801, 407.92131423950195, 90.13962745666504, 412.4572277069092, 413.72036933898926, 407.8352451324463, 405.9422016143799, 695.7097053527832, 592.411994934082, 462.82124519348145, 459.97118949890137, 512.6690864562988, 706.3405513763428, 705.540657043457, 1271.573543548584, 1278.6710262298584, 460.6611728668213, 39.27969932556152, 1274.259090423584, 407.26161003112793, 708.5833549499512, 894.1142559051514, 464.6494388580322, 415.63916206359863, 416.69774055480957, 458.15443992614746, 459.2287540435791, 470.3211784362793, 466.7229652404785, 469.1286087036133, 467.79656410217285, 467.2060012817383, 1268.580675125122, 464.05649185180664, 465.0278091430664, 598.0391502380371, 515.5768394470215, 457.20601081848145, 460.066556930542, 403.17583084106445, 407.4437618255615, 459.02419090270996, 515.6228542327881, 401.8375873565674, 414.58916664123535, 416.48268699645996, 413.6815071105957, 412.5785827636719, 512.6113891601562, 390.78426361083984, 577.0039558410645, 396.7132568359375, 408.4196090698242, 404.0653705596924, 83.90355110168457, 399.9199867248535, 406.13794326782227, 401.2296199798584, 401.7925262451172, 694.2048072814941, 585.5624675750732, 446.8841552734375, 457.5057029724121, 514.646053314209, 697.4313259124756, 696.357250213623, 1271.4154720306396, 1280.1525592803955, 454.0677070617676, 43.55502128601074, 1279.9851894378662, 407.4668884277344, 699.6176242828369, 898.5416889190674, 455.04069328308105, 416.5365695953369, 413.0425453186035, 453.77445220947266, 456.7523002624512, 459.71083641052246, 454.35452461242676, 455.2767276763916, 454.1785717010498, 462.0060920715332, 1268.589973449707, 464.4179344177246, 463.306188583374, 596.3640213012695, 512.8889083862305, 465.3146266937256, 457.6590061187744, 413.40112686157227, 406.24046325683594, 458.4786891937256, 512.8791332244873, 403.1853675842285, 402.16970443725586, 404.0653705596924, 419.3398952484131, 584.449052810669, 511.826753616333, 405.11441230773926, 596.0242748260498, 419.30603981018066, 421.2157726287842, 414.77251052856445, 72.05414772033691, 418.5049533843994, 408.0667495727539, 407.38463401794434, 413.67530822753906, 719.9258804321289, 591.9482707977295, 465.9721851348877, 472.1226692199707, 523.0660438537598, 707.9675197601318, 699.8922824859619, 1269.5794105529785, 1272.6051807403564, 457.5190544128418, 46.03433609008789, 1272.345781326294, 409.06810760498047, 712.2690677642822, 902.0311832427979, 464.54334259033203, 418.6747074127197, 408.278226852417, 464.42627906799316, 467.27490425109863, 461.85851097106934, 461.8692398071289, 464.8606777191162, 460.5522155761719, 455.8703899383545, 1280.3173065185547, 460.2198600769043, 463.4969234466553, 597.5465774536133, 521.686315536499, 468.1377410888672, 466.33219718933105, 410.6631278991699, 412.5781059265137, 461.20619773864746, 516.0520076751709, 410.68363189697266, 420.5789566040039, 407.381534576416, 410.24255752563477, 409.1758728027344, 515.8214569091797, 405.1337242126465, 595.8247184753418, 408.9341163635254, 409.9273681640625, 414.9460792541504, 84.55228805541992, 406.22806549072266, 411.529541015625, 413.9728546142578, 404.7574996948242, 705.8970928192139, 592.2412872314453, 462.38017082214355, 463.1342887878418, 520.5681324005127, 707.1316242218018, 702.9802799224854, 1288.5816097259521, 1286.0000133514404, 459.81597900390625, 43.81251335144043, 1269.615888595581, 406.3839912414551, 700.6051540374756, 894.0238952636719, 473.4020233154297, 419.89898681640625, 417.51551628112793, 469.95997428894043, 466.70055389404297, 467.37122535705566, 469.07806396484375, 464.74146842956543, 468.87755393981934, 471.71974182128906, 1268.3355808258057, 458.6784839630127, 462.31627464294434, 593.3735370635986, 513.3497714996338, 465.32368659973145, 461.6587162017822, 409.9705219268799, 419.1315174102783, 465.0769233703613, 514.0109062194824, 412.77313232421875, 410.1300239562988, 418.78557205200195, 414.3366813659668, 406.0249328613281, 512.596607208252, 401.6120433807373,