{"pareto_front_0": [], "pareto_front_1": [], "pareto_front_2": [], "pareto_front_3": [], "pareto_front_4": [], "pareto_front_5": [], "pareto_front_6": [], "pareto_front_7": [], "pareto_front_8": [], "pareto_front_9": [], "mean_qpu_run_time(ms)": 533.8603950463809, "stdev_qpu_run_time(ms)": 254.5638145831582, "all_qpu_run_times(ms)": [468.29938888549805, 50.89306831359863, 1268.1095600128174, 403.9111137390137, 899.916410446167, 896.4591026306152, 519.0110206604004, 417.42801666259766, 421.8432903289795, 467.8692817687988, 465.84105491638184, 457.7467441558838, 457.8442573547363, 456.942081451416, 456.42924308776855, 399.83153343200684, 1283.3240032196045, 454.79488372802734, 455.7230472564697, 591.4537906646729, 583.284854888916, 456.9845199584961, 406.15248680114746, 409.898042678833, 411.7472171783447, 513.1428241729736, 403.7356376647949, 411.53526306152344, 409.25073623657227, 406.40997886657715, 649.6436595916748, 395.62296867370605, 452.5763988494873, 507.4460506439209, 507.2798728942871, 408.73193740844727, 401.39245986938477, 411.20386123657227, 78.65452766418457, 405.61389923095703, 407.9926013946533, 403.1825065612793, 409.3432426452637, 594.7425365447998, 592.871904373169, 515.4075622558594, 515.8967971801758, 406.8474769592285, 714.1201496124268, 710.6418609619141, 1276.7987251281738, 1275.2199172973633, 460.8428478240967, 46.547651290893555, 1269.8023319244385, 415.9519672393799, 905.6787490844727, 905.86256980896, 524.7690677642822, 432.08932876586914, 437.7410411834717, 489.39061164855957, 480.5896282196045, 472.8851318359375, 465.6789302825928, 463.0608558654785, 473.9038944244385, 419.30270195007324, 1280.5938720703125, 461.8222713470459, 461.63439750671387, 598.8950729370117, 591.7768478393555, 461.5366458892822, 409.4970226287842, 409.0397357940674, 420.79782485961914, 515.7918930053711, 421.2837219238281, 413.05017471313477, 416.365385055542, 415.95911979675293, 473.99425506591797, 421.2806224822998, 475.90017318725586, 522.5236415863037, 521.4738845825195, 413.3591651916504, 414.7622585296631, 414.1957759857178, 70.44124603271484, 411.53597831726074, 414.39366340637207, 408.97226333618164, 413.2051467895508, 596.625804901123, 596.8635082244873, 509.8457336425781, 520.7071304321289, 414.09873962402344, 706.737756729126, 705.0330638885498, 1271.6352939605713, 1267.4970626831055, 467.74768829345703, 48.42400550842285, 1258.939504623413, 404.86931800842285, 892.5926685333252, 897.0146179199219, 513.6208534240723, 405.4133892059326, 410.39586067199707, 459.21802520751953, 447.1888542175293, 461.61460876464844, 465.0251865386963, 462.0976448059082, 460.4976177215576, 404.02936935424805, 1270.8311080932617, 453.0658721923828, 468.8723087310791, 581.0718536376953, 585.4082107543945, 450.93488693237305, 400.89964866638184, 400.4495143890381, 405.6508541107178, 509.3989372253418, 413.5019779205322, 409.137487411499, 414.7531986236572, 403.03897857666016, 465.3654098510742, 416.16249084472656, 465.6412601470947, 518.6378955841064, 512.4104022979736, 411.48924827575684, 415.1499271392822, 409.7890853881836, 57.28626251220703, 405.7629108428955, 396.45957946777344, 402.0252227783203, 412.86158561706543, 593.0180549621582, 591.804027557373, 514.6293640136719, 513.2367610931396, 403.6862850189209, 703.8605213165283, 701.4129161834717, 1266.7701244354248, 1258.8903903961182, 456.5131664276123, 45.96662521362305, 1279.2637348175049, 402.68778800964355, 888.4363174438477, 888.5135650634766, 511.3401412963867, 415.3025150299072, 411.75389289855957, 664.2754077911377, 448.85778427124023, 463.6545181274414, 455.3663730621338, 463.5462760925293, 468.4290885925293, 397.9828357696533, 1258.4331035614014, 453.81736755371094, 470.2796936035156, 598.6020565032959, 595.7484245300293, 470.9916114807129, 411.82947158813477, 412.1713638305664, 411.6992950439453, 520.0924873352051, 412.5511646270752, 415.3463840484619, 401.5543460845947, 401.4933109283447, 463.85669708251953, 408.3287715911865, 464.16330337524414, 527.3840427398682, 525.1879692077637, 413.5441780090332, 413.7697219848633, 412.66393661499023, 75.50382614135742, 410.79044342041016, 408.1990718841553, 416.84794425964355, 422.75476455688477, 605.6296825408936, 601.84645652771, 523.6365795135498, 529.6952724456787, 424.61228370666504, 720.8719253540039, 718.0683612823486, 1280.7033061981201, 1272.5582122802734, 471.3633060455322, 46.662330627441406, 1269.6096897125244, 413.70415687561035, 904.4387340545654, 902.2006988525391, 524.3320465087891, 416.90707206726074, 411.43345832824707, 469.94566917419434, 462.89944648742676, 459.84888076782227, 463.99664878845215, 460.45827865600586, 457.52549171447754, 409.00683403015137, 1282.2949886322021, 456.3422203063965, 462.0709419250488, 588.2999897003174, 591.5884971618652, 463.9754295349121, 409.3317985534668, 410.36438941955566, 410.65239906311035, 521.6917991638184, 405.76624870300293, 411.2410545349121, 419.9991226196289, 406.0356616973877, 461.20190620422363, 412.0750427246094, 462.6924991607666, 517.4260139465332, 521.1100578308105, 421.6456413269043, 413.9976501464844, 421.708345413208, 67.45409965515137, 419.30270195007324, 412.9471778869629, 410.62402725219727, 407.26327896118164, 592.2632217407227, 592.0538902282715, 508.64410400390625, 521.9388008117676, 414.2744541168213, 704.3530941009521, 704.364538192749, 1273.6241817474365, 1282.0758819580078, 462.69702911376953, 44.252872467041016, 1277.7881622314453, 408.76269340515137, 894.1256999969482, 897.6078033447266, 516.8983936309814, 406.67223930358887, 413.0237102508545, 460.6173038482666, 457.32569694519043, 454.98156547546387, 457.6902389526367, 456.1576843261719, 467.1027660369873, 412.25147247314453, 1270.2674865722656, 454.37026023864746, 460.8609676361084, 579.6897411346436, 585.2622985839844, 457.11803436279297, 403.9325714111328, 409.44862365722656, 415.5259132385254, 513.0267143249512, 401.3936519622803, 410.2139472961426, 406.6190719604492, 409.7297191619873, 458.11963081359863, 399.9464511871338, 460.2007865905762, 521.6953754425049, 515.756368637085, 401.3066291809082, 406.22830390930176, 410.4902744293213, 67.56925582885742, 409.76643562316895, 410.73155403137207, 416.84937477111816, 416.06974601745605, 595.4983234405518, 598.0720520019531, 520.3166007995605, 518.4619426727295, 418.34020614624023, 709.4824314117432, 710.0365161895752, 1274.2056846618652, 1267.657995223999, 460.66999435424805, 45.4864501953125, 1268.6200141906738, 401.5815258026123, 894.8211669921875, 901.4396667480469, 515.608549118042, 640.5165195465088, 410.46833992004395, 467.89026260375977, 463.75179290771484, 470.45302391052246, 464.21241760253906, 462.7349376678467, 461.9603157043457, 418.1218147277832, 1284.2862606048584, 460.35122871398926, 463.9606475830078, 599.9033451080322, 590.0473594665527, 460.2015018463135, 413.9866828918457, 416.6233539581299, 418.3948040008545, 520.8709239959717, 410.7074737548828, 410.24208068847656, 410.1402759552002, 413.9597415924072, 459.9311351776123, 414.0350818634033, 464.6601676940918, 521.8055248260498, 518.5141563415527, 407.37438201904297, 409.72113609313965, 410.8920097351074, 80.03449440002441, 422.09577560424805, 406.9185256958008, 409.6546173095703, 407.3610305786133, 591.5670394897461, 591.9508934020996, 514.7442817687988, 519.9244022369385, 404.59251403808594, 712.8689289093018, 711.7645740509033, 1278.7680625915527, 1287.574052810669, 464.1551971435547, 50.83036422729492, 1286.0732078552246, 410.51697731018066, 906.346321105957, 902.4868011474609, 520.3289985656738, 411.16929054260254, 418.50733757019043, 474.13182258605957, 470.813512802124, 474.2755889892578, 473.76203536987305, 469.48909759521484, 473.82330894470215, 415.79484939575195, 1280.8828353881836, 463.1965160369873, 464.6010398864746, 596.2960720062256, 591.6128158569336, 471.4841842651367, 413.57922554016113, 413.80929946899414, 413.1429195404053, 523.3657360076904, 405.5140018463135, 408.247709274292, 413.06185722351074, 401.49664878845215, 452.14319229125977, 406.4815044403076, 455.8529853820801, 