{"pareto_front_0": [[6]], "pareto_front_1": [[3], [3, 4], [3, 4, 5], [3, 4, 5, 7]], "pareto_front_2": [[6]], "pareto_front_3": [[3], [3, 4], [3, 4, 5], [3, 4, 5, 7]], "pareto_front_4": [[3], [3, 4], [3, 4, 5], [3, 4, 5, 7]], "pareto_front_5": [[6]], "pareto_front_6": [[3], [3, 4], [3, 4, 5], [3, 4, 5, 6]], "pareto_front_7": [[7]], "pareto_front_8": [[7]], "pareto_front_9": [[3], [3, 4], [3, 4, 5], [3, 4, 5, 6]], "mean_qpu_run_time(ms)": 681.6563248634338, "stdev_qpu_run_time(ms)": 286.5295946673851, "all_qpu_run_times(ms)": [53.021907806396484, 710.5019092559814, 468.89185905456543, 415.36712646484375, 469.8927402496338, 521.8243598937988, 422.32370376586914, 411.8056297302246, 416.1853790283203, 709.9463939666748, 413.13695907592773, 516.3555145263672, 522.2654342651367, 519.7384357452393, 415.5135154724121, 408.8854789733887, 709.876537322998, 521.2676525115967, 468.8687324523926, 712.4335765838623, 599.4446277618408, 46.32830619812012, 526.1399745941162, 418.165922164917, 468.3187007904053, 468.2300090789795, 420.50719261169434, 417.3774719238281, 466.46976470947266, 406.970739364624, 408.95962715148926, 409.5745086669922, 414.45136070251465, 178.81250381469727, 889.7881507873535, 904.5753479003906, 709.507942199707, 900.0887870788574, 703.6895751953125, 707.7810764312744, 703.5138607025146, 700.493335723877, 705.1632404327393, 894.9301242828369, 901.979923248291, 893.6841487884521, 893.0602073669434, 704.8840522766113, 907.1106910705566, 903.9137363433838, 596.7411994934082, 590.5406475067139, 596.2109565734863, 587.0282649993896, 591.1943912506104, 1293.842077255249, 1265.2299404144287, 706.4182758331299, 704.1804790496826, 587.6624584197998, 1278.3756256103516, 1270.460844039917, 701.4408111572266, 891.7117118835449, 900.2349376678467, 895.2128887176514, 1269.291639328003, 1278.5046100616455, 892.3320770263672, 1273.0069160461426, 1278.2235145568848, 700.3598213195801, 707.0291042327881, 960.7844352722168, 895.698070526123, 904.9618244171143, 57.7850341796875, 709.6011638641357, 460.9181880950928, 419.3766117095947, 462.5668525695801, 519.5331573486328, 414.1871929168701, 405.961275100708, 413.7740135192871, 708.8372707366943, 415.65418243408203, 522.209644317627, 515.6641006469727, 521.1598873138428, 415.36974906921387, 422.4216938018799, 715.6200408935547, 516.920804977417, 460.8917236328125, 703.1219005584717, 604.5000553131104, 43.04099082946777, 520.9710597991943, 408.87975692749023, 458.0492973327637, 454.3745517730713, 413.6688709259033, 418.8864231109619, 470.2873229980469, 413.51914405822754, 415.47584533691406, 406.2633514404297, 408.0810546875, 385.46299934387207, 126.23333930969238, 902.0159244537354, 695.8436965942383, 907.4141979217529, 705.941915512085, 698.3504295349121, 700.9961605072021, 705.6536674499512, 699.9239921569824, 908.0424308776855, 902.026891708374, 906.6004753112793, 911.7822647094727, 727.9016971588135, 908.397912979126, 899.0185260772705, 594.9959754943848, 590.6405448913574, 589.266300201416, 592.1196937561035, 589.2055034637451, 1287.0452404022217, 1273.2594013214111, 707.9818248748779, 701.1516094207764, 591.8262004852295, 1299.2801666259766, 1273.714542388916, 701.2975215911865, 900.3269672393799, 921.0431575775146, 896.641731262207, 1264.9805545806885, 1271.4605331420898, 897.7503776550293, 1277.9028415679932, 1265.0108337402344, 697.7443695068359, 699.1674900054932, 701.8983364105225, 898.2226848602295, 896.7452049255371, 49.42131042480469, 697.9730129241943, 456.76732063293457, 406.45861625671387, 453.68385314941406, 515.3310298919678, 404.5133590698242, 408.02001953125, 409.38711166381836, 700.9921073913574, 407.5808525085449, 515.0973796844482, 515.6476497650146, 510.38336753845215, 419.9402332305908, 419.24357414245605, 703.4974098205566, 517.1949863433838, 450.3216743469238, 704.5371532440186, 585.1702690124512, 43.89381408691406, 510.591983795166, 404.6609401702881, 457.82017707824707, 459.03968811035156, 408.4920883178711, 412.27030754089355, 461.1067771911621, 403.80263328552246, 409.8074436187744, 414.8850440979004, 410.9804630279541, 279.3745994567871, 577.9368877410889, 891.002893447876, 694.4358348846436, 891.326904296875, 703.1161785125732, 701.4012336730957, 699.2170810699463, 700.6487846374512, 969.3653583526611, 900.2130031585693, 900.672197341919, 907.2926044464111, 905.6155681610107, 712.3985290527344, 909.3384742736816, 900.5472660064697, 595.5862998962402, 597.7535247802734, 595.1714515686035, 594.0241813659668, 596.5185165405273, 1284.6012115478516, 1275.4859924316406, 702.455997467041, 703.8936614990234, 594.1553115844727, 1284.982681274414, 1274.7175693511963, 708.1761360168457, 902.6350975036621, 903.2955169677734, 898.0042934417725, 1288.7015342712402, 1281.3124656677246, 897.4800109863281, 1278.2707214355469, 1278.047800064087, 712.4078273773193, 709.6822261810303, 718.2905673980713, 906.4555168151855, 909.4924926757812, 53.53069305419922, 716.3918018341064, 470.5061912536621, 413.5711193084717, 469.2974090576172, 522.148609161377, 414.2115116119385, 413.4359359741211, 405.3518772125244, 708.7047100067139, 413.1176471710205, 525.9721279144287, 518.9733505249023, 521.6820240020752, 413.041353225708, 408.6284637451172, 714.3642902374268, 518.6038017272949, 465.9264087677002, 701.9810676574707, 590.0499820709229, 48.63476753234863, 517.4274444580078, 418.4081554412842, 468.5206413269043, 467.8614139556885, 408.98633003234863, 412.9617214202881, 466.0062789916992, 404.9680233001709, 405.5895805358887, 400.8517265319824, 408.62131118774414, 281.2376022338867, 206.1750888824463, 900.7680416107178, 699.3358135223389, 892.486572265625, 703.5529613494873, 706.6707611083984, 711.5943431854248, 709.2761993408203, 710.024356842041, 902.2431373596191, 899.0805149078369, 900.8533954620361, 896.2440490722656, 703.6788463592529, 903.6984443664551, 904.7420024871826, 590.12770652771, 595.7422256469727, 590.8381938934326, 592.7774906158447, 593.5852527618408, 1279.3464660644531, 1275.4974365234375, 700.6278038024902, 696.5734958648682, 589.3776416778564, 1273.6971378326416, 1271.350622177124, 698.0619430541992, 894.371747970581, 899.8003005981445, 895.3626155853271, 1574.068307876587, 1271.7468738555908, 902.8856754302979, 1283.6799621582031, 1280.0304889678955, 701.5852928161621, 710.5538845062256, 704.4730186462402, 910.6247425079346, 907.7513217926025, 51.50628089904785, 714.0665054321289, 468.3949947357178, 423.39253425598145, 467.52309799194336, 525.3629684448242, 418.40052604675293, 412.89377212524414, 414.23487663269043, 714.3726348876953, 415.4095649719238, 519.5574760437012, 520.0138092041016, 521.2850570678711, 409.191370010376, 418.118953704834, 713.5136127471924, 516.8812274932861, 458.10985565185547, 706.6404819488525, 604.6380996704102, 50.60553550720215, 533.3209037780762, 408.75744819641113, 468.7230587005615, 464.52808380126953, 404.07371520996094, 415.5445098876953, 462.72730827331543, 411.33904457092285, 412.1520519256592, 409.98339653015137, 412.2605323791504, 338.93299102783203, 669.1727638244629, 892.6403522491455, 707.9324722290039, 904.2167663574219, 707.8423500061035, 702.3382186889648, 717.3886299133301, 717.3986434936523, 707.3574066162109, 909.982442855835, 908.717155456543, 907.6273441314697, 905.4853916168213, 712.846040725708, 898.1654644012451, 899.6996879577637, 598.9198684692383, 595.5126285552979, 591.2380218505859, 590.8472537994385, 594.8300361633301, 1291.7921543121338, 1273.926019668579, 695.5368518829346, 702.5840282440186, 592.944860458374, 1280.0018787384033, 1277.9548168182373, 695.3749656677246, 885.7841491699219, 891.9687271118164, 907.0212841033936, 1266.6938304901123, 1266.688346862793, 887.4101638793945, 1266.272783279419, 1278.710126876831, 701.6136646270752, 705.1854133605957, 708.9898586273193, 903.1612873077393, 892.0423984527588, 62.81590461730957, 699.1615295410156, 464.6263122558594, 404.58202362060547, 453.33075523376465, 512.9377841949463, 401.29876136779785, 409.11221504211426, 406.45432472229004, 699.0749835968018, 407.7188968658447, 