{"pareto_front_0": [[7]], "pareto_front_1": [[7]], "pareto_front_2": [[7]], "pareto_front_3": [[7]], "pareto_front_4": [[6]], "pareto_front_5": [[6]], "pareto_front_6": [[7]], "pareto_front_7": [[3], [3, 4], [3, 4, 5], [3, 4, 5, 6]], "pareto_front_8": [[3], [3, 4], [3, 4, 5], [3, 4, 5, 7], [3, 4, 5, 7, 8]], "pareto_front_9": [[3], [3, 4], [3, 4, 5], [3, 4, 5, 7]], "mean_qpu_run_time(ms)": 693.6637172573492, "stdev_qpu_run_time(ms)": 299.5878483283169, "all_qpu_run_times(ms)": [49.41153526306152, 401.6108512878418, 409.14177894592285, 515.3670310974121, 516.9780254364014, 402.76193618774414, 590.8815860748291, 406.9688320159912, 409.2373847961426, 704.1926383972168, 514.6570205688477, 702.4087905883789, 460.5119228363037, 593.4343338012695, 410.57562828063965, 414.7367477416992, 413.88463973999023, 462.13817596435547, 519.9427604675293, 457.49855041503906, 587.6321792602539, 513.9875411987305, 44.73447799682617, 406.68725967407227, 408.82182121276855, 457.8518867492676, 455.2915096282959, 411.1473560333252, 462.2619152069092, 407.9289436340332, 413.6810302734375, 411.6065502166748, 406.30245208740234, 378.34954261779785, 936.7465972900391, 895.9770202636719, 1074.915885925293, 899.5034694671631, 897.0279693603516, 703.8450241088867, 705.8379650115967, 709.9630832672119, 709.6450328826904, 896.2564468383789, 911.8764400482178, 902.6181697845459, 903.9933681488037, 711.2159729003906, 905.9429168701172, 903.9678573608398, 599.9815464019775, 597.963809967041, 594.6230888366699, 899.6443748474121, 711.798906326294, 704.1208744049072, 594.6676731109619, 1280.3213596343994, 1277.7979373931885, 706.4166069030762, 903.8181304931641, 905.3072929382324, 908.3263874053955, 905.750036239624, 906.0826301574707, 901.3383388519287, 1274.7187614440918, 1279.402732849121, 905.613899230957, 1294.564962387085, 1273.209571838379, 710.3283405303955, 713.1116390228271, 711.660623550415, 1281.583309173584, 903.569221496582, 51.73993110656738, 419.28720474243164, 424.50475692749023, 527.7113914489746, 522.7358341217041, 414.0796661376953, 602.4904251098633, 412.3547077178955, 421.7183589935303, 720.3066349029541, 527.2834300994873, 721.698522567749, 476.4277935028076, 592.0310020446777, 405.7192802429199, 413.64407539367676, 411.21482849121094, 462.5086784362793, 519.7231769561768, 465.14201164245605, 596.9879627227783, 517.3358917236328, 42.49835014343262, 408.42700004577637, 410.4125499725342, 465.66247940063477, 456.8319320678711, 406.14914894104004, 466.0923480987549, 413.9101505279541, 414.8111343383789, 411.2999439239502, 417.5598621368408, 300.3537654876709, 938.1418228149414, 898.6063003540039, 705.0831317901611, 902.1909236907959, 903.4245014190674, 700.415849685669, 708.5683345794678, 707.7257633209229, 697.4868774414062, 892.5504684448242, 914.3397808074951, 903.4597873687744, 903.0680656433105, 708.1484794616699, 900.9158611297607, 897.6855278015137, 593.3587551116943, 594.2056179046631, 596.5335369110107, 901.5223979949951, 712.8863334655762, 702.6915550231934, 593.1925773620605, 1278.7508964538574, 1266.263484954834, 705.9361934661865, 894.6034908294678, 898.0567455291748, 896.723747253418, 902.7576446533203, 898.6384868621826, 897.4716663360596, 1274.7151851654053, 1280.561923980713, 894.6878910064697, 1278.8441181182861, 1277.7314186096191, 702.6169300079346, 702.221155166626, 694.7987079620361, 1274.9972343444824, 894.9756622314453, 58.66575241088867, 418.593168258667, 410.4795455932617, 522.1214294433594, 513.967752456665, 407.66429901123047, 597.8960990905762, 415.18640518188477, 401.90863609313965, 702.5330066680908, 518.04518699646, 698.7259387969971, 464.3070697784424, 592.6530361175537, 412.9483699798584, 410.6268882751465, 416.3546562194824, 458.0111503601074, 511.1663341522217, 461.1997604370117, 594.1414833068848, 516.8840885162354, 48.145294189453125, 403.4004211425781, 407.4528217315674, 457.5762748718262, 461.75575256347656, 778.8171768188477, 451.31468772888184, 403.7649631500244, 404.2088985443115, 402.41479873657227, 410.1266860961914, 409.72232818603516, 926.2099266052246, 896.0530757904053, 703.7079334259033, 897.1319198608398, 901.1862277984619, 707.984209060669, 702.2175788879395, 700.5288600921631, 703.7577629089355, 906.0769081115723, 900.7761478424072, 899.7137546539307, 905.4932594299316, 713.3228778839111, 907.3169231414795, 905.1635265350342, 602.9057502746582, 599.1411209106445, 593.9149856567383, 907.8993797302246, 713.9129638671875, 713.5739326477051, 602.1039485931396, 1295.9957122802734, 1288.9902591705322, 709.2678546905518, 907.36985206604, 894.486665725708, 902.1756649017334, 915.327787399292, 897.3698616027832, 900.8598327636719, 1284.4364643096924, 1309.7290992736816, 909.4932079315186, 1280.4207801818848, 1280.250072479248, 707.918643951416, 705.625057220459, 711.5013599395752, 1287.2357368469238, 907.8128337860107, 51.02896690368652, 415.6954288482666, 414.93964195251465, 530.8001041412354, 521.4812755584717, 413.8970375061035, 595.2143669128418, 407.4358940124512, 408.282995223999, 701.9355297088623, 517.2033309936523, 706.0353755950928, 469.5889949798584, 598.8178253173828, 421.7567443847656, 424.41868782043457, 423.7697124481201, 475.736141204834, 521.2323665618896, 467.987060546875, 594.0029621124268, 519.460916519165, 42.91415214538574, 410.17913818359375, 421.1690425872803, 466.68362617492676, 462.0325565338135, 418.3685779571533, 470.99947929382324, 418.7440872192383, 409.90257263183594, 415.118932723999, 414.8213863372803, 410.1591110229492, 425.3222942352295, 898.8463878631592, 701.4508247375488, 901.9637107849121, 892.894983291626, 699.0790367126465, 704.4029235839844, 707.5049877166748, 703.1266689300537, 897.4268436431885, 893.2299613952637, 895.1108455657959, 891.2389278411865, 703.1786441802979, 897.1202373504639, 889.0397548675537, 595.8545207977295, 592.5242900848389, 594.2947864532471, 895.6305980682373, 711.4467620849609, 702.0974159240723, 591.1564826965332, 1272.6202011108398, 1276.383876800537, 700.2353668212891, 899.1706371307373, 896.5377807617188, 896.9013690948486, 896.8634605407715, 899.6257781982422, 899.1489410400391, 1273.8044261932373, 1280.224084854126, 895.7962989807129, 1267.4083709716797, 1273.3423709869385, 702.2011280059814, 699.0852355957031, 1107.2721481323242, 1279.806137084961, 897.2265720367432, 45.10211944580078, 407.792329788208, 404.64329719543457, 517.3854827880859, 516.9351100921631, 406.48412704467773, 591.5484428405762, 408.0839157104492, 407.4077606201172, 706.8560123443604, 514.793872833252, 708.8861465454102, 462.0506763458252, 596.0836410522461, 409.4116687774658, 408.59079360961914, 408.80346298217773, 464.3268585205078, 516.0973072052002, 476.17077827453613, 591.998815536499, 520.9815502166748, 57.19423294067383, 420.05038261413574, 424.7324466705322, 464.3986225128174, 463.5505676269531, 413.621187210083, 468.40834617614746, 416.63670539855957, 414.7672653198242, 420.1822280883789, 410.7859134674072, 312.6099109649658, 898.9317417144775, 900.0282287597656, 715.3046131134033, 905.2789211273193, 913.7527942657471, 711.8632793426514, 716.3479328155518, 719.8972702026367, 717.8683280944824, 905.7064056396484, 902.2796154022217, 903.2585620880127, 898.1587886810303, 712.1913433074951, 901.4577865600586, 902.665376663208, 600.0518798828125, 592.9107666015625, 595.0076580047607, 899.6930122375488, 712.5082015991211, 715.1346206665039, 601.6678810119629, 1281.797170639038, 1265.3703689575195, 706.0568332672119, 912.3940467834473, 906.5275192260742, 920.8180904388428, 897.3901271820068, 900.4194736480713, 904.3998718261719, 1279.1998386383057, 1283.4875583648682, 908.2517623901367, 1283.8282585144043, 1285.1064205169678, 707.3464393615723, 713.3312225341797, 710.6118202209473, 1281.8851470947266, 908.2634449005127, 50.20737648010254, 411.88669204711914, 414.4296646118164, 518.7129974365234, 519.7110176086426, 407.9291820526123, 598.6285209655762, 408.59007835388184, 410.40515899658203, 703.6824226379395, 517.1566009521484, 701.5106678009033, 461.5297317504883, 