{"pareto_front_0": [[1]], "pareto_front_1": [[1]], "pareto_front_2": [[1], [1, 10], [1, 10, 11], [1, 10, 11, 12], [1, 10, 11, 12, 19]], "pareto_front_3": [[1]], "pareto_front_4": [[0]], "pareto_front_5": [[0], [0, 10], [0, 10, 11], [0, 10, 11, 12], [0, 10, 11, 12, 19]], "pareto_front_6": [[0]], "pareto_front_7": [[0], [0, 1], [0, 1, 10], [0, 1, 10, 11], [0, 1, 10, 11, 12], [0, 1, 10, 11, 12, 19]], "pareto_front_8": [[1], [1, 10], [1, 10, 11], [1, 10, 11, 12], [1, 10, 11, 12, 19]], "pareto_front_9": [[0], [0, 10], [0, 10, 11], [0, 10, 11, 12], [0, 10, 11, 12, 19]], "mean_qpu_run_time(ms)": 742.463886093449, "stdev_qpu_run_time(ms)": 355.507993494792, "all_qpu_run_times(ms)": [528.1803607940674, 413.80810737609863, 1255.8703422546387, 889.7256851196289, 512.0222568511963, 1263.002872467041, 408.85090827941895, 893.0814266204834, 407.2909355163574, 114.4111156463623, 896.460771560669, 455.974817276001, 541.7797565460205, 513.8616561889648, 461.4062309265137, 125.79536437988281, 1277.99654006958, 590.5351638793945, 516.0393714904785, 594.3593978881836, 1281.773567199707, 593.6365127563477, 587.1713161468506, 109.7557544708252, 1290.0781631469727, 467.4825668334961, 522.1865177154541, 595.3545570373535, 596.9552993774414, 597.4681377410889, 463.76895904541016, 108.34074020385742, 405.1353931427002, 461.57288551330566, 48.909664154052734, 56.64396286010742, 228.6531925201416, 111.41538619995117, 1309.152364730835, 1276.627540588379, 1265.4643058776855, 1282.5498580932617, 1265.8555507659912, 1268.5291767120361, 896.141529083252, 902.1809101104736, 703.6263942718506, 602.6461124420166, 596.5044498443604, 1291.4528846740723, 905.8358669281006, 1269.6170806884766, 1273.7658023834229, 900.824785232544, 895.8370685577393, 899.9490737915039, 898.0562686920166, 899.1684913635254, 893.6417102813721, 700.7739543914795, 594.5045948028564, 700.6540298461914, 708.5895538330078, 699.8927593231201, 701.3218402862549, 702.2011280059814, 894.7014808654785, 899.7304439544678, 896.660327911377, 900.2816677093506, 898.0796337127686, 893.0647373199463, 895.9791660308838, 899.8260498046875, 516.5505409240723, 406.4667224884033, 1281.6929817199707, 895.3468799591064, 517.4033641815186, 1446.0065364837646, 406.0800075531006, 893.1970596313477, 405.7490825653076, 203.25350761413574, 897.8109359741211, 455.3179740905762, 403.00655364990234, 515.6397819519043, 466.31526947021484, 145.26963233947754, 1276.5209674835205, 593.4491157531738, 522.8495597839355, 590.6329154968262, 1276.1929035186768, 589.3492698669434, 588.6180400848389, 114.59803581237793, 1283.5001945495605, 452.9452323913574, 507.18116760253906, 591.7983055114746, 590.6431674957275, 588.8631343841553, 464.6799564361572, 82.3516845703125, 419.7971820831299, 465.9855365753174, 49.484968185424805, 42.77157783508301, 190.74583053588867, 89.97535705566406, 1315.0148391723633, 1282.3820114135742, 1288.0394458770752, 1280.289888381958, 1272.268295288086, 1282.5548648834229, 903.4643173217773, 903.3463001251221, 699.5797157287598, 591.9992923736572, 597.0733165740967, 1287.8854274749756, 911.1952781677246, 1265.9895420074463, 1277.012586593628, 901.4286994934082, 899.0955352783203, 897.388219833374, 899.6479511260986, 896.6166973114014, 899.9183177947998, 702.6164531707764, 596.4908599853516, 708.6355686187744, 704.2021751403809, 702.7304172515869, 708.0361843109131, 708.0578804016113, 897.8016376495361, 891.2854194641113, 898.5917568206787, 897.1984386444092, 895.4887390136719, 893.5348987579346, 893.8665390014648, 1074.880838394165, 513.1843090057373, 415.6174659729004, 1289.9837493896484, 900.7124900817871, 512.549877166748, 1282.6478481292725, 411.8034839630127, 905.0168991088867, 412.62340545654297, 174.6349334716797, 900.141716003418, 466.29881858825684, 414.2262935638428, 521.0366249084473, 463.29259872436523, 90.0418758392334, 1280.2655696868896, 588.5918140411377, 515.6524181365967, 602.4608612060547, 1282.3936939239502, 591.571569442749, 598.1502532958984, 122.8950023651123, 1277.3633003234863, 463.3004665374756, 521.6538906097412, 603.4293174743652, 603.4402847290039, 597.2855091094971, 474.2729663848877, 91.11309051513672, 404.987096786499, 467.759370803833, 47.01876640319824, 51.86939239501953, 232.92994499206543, 104.98332977294922, 1349.9925136566162, 1295.6948280334473, 1302.5681972503662, 1301.3677597045898, 1267.6844596862793, 1277.6424884796143, 905.1203727722168, 905.921220779419, 709.1126441955566, 599.9691486358643, 586.859941482544, 1280.752420425415, 904.0610790252686, 1298.17533493042, 1278.0983448028564, 901.1292457580566, 900.3262519836426, 897.653341293335, 905.7650566101074, 898.7982273101807, 897.4518775939941, 699.0795135498047, 586.6644382476807, 701.8516063690186, 696.9921588897705, 703.1137943267822, 701.7128467559814, 706.2680721282959, 898.4415531158447, 901.4239311218262, 900.22873878479, 1088.2844924926758, 906.1932563781738, 904.0236473083496, 904.8988819122314, 903.3803939819336, 525.5906581878662, 411.9904041290283, 1269.5586681365967, 907.1519374847412, 524.5547294616699, 1289.6673679351807, 404.85644340515137, 907.8872203826904, 407.28759765625, 126.18255615234375, 908.6263179779053, 472.14388847351074, 409.0242385864258, 510.72120666503906, 468.5039520263672, 178.04908752441406, 1290.9677028656006, 582.6773643493652, 511.5346908569336, 593.9342975616455, 1327.772855758667, 598.0796813964844, 589.4508361816406, 120.32151222229004, 1282.0181846618652, 469.6919918060303, 520.9412574768066, 599.1499423980713, 601.7804145812988, 595.7112312316895, 473.2375144958496, 93.75119209289551, 422.8541851043701, 470.278263092041, 52.89721488952637, 43.81752014160156, 276.4880657196045, 71.98166847229004, 1312.323808670044, 1287.3692512512207, 1278.8574695587158, 1278.7985801696777, 1281.4717292785645, 1283.200979232788, 903.8982391357422, 905.6999683380127, 707.693338394165, 598.2067584991455, 593.6026573181152, 1276.5796184539795, 895.423173904419, 1275.2299308776855, 1273.1716632843018, 896.1081504821777, 894.8245048522949, 895.2016830444336, 906.4066410064697, 895.4486846923828, 901.0622501373291, 710.2766036987305, 594.5403575897217, 705.9731483459473, 702.9092311859131, 697.7553367614746, 706.4182758331299, 895.8923816680908, 901.6597270965576, 901.430606842041, 904.9842357635498, 909.8970890045166, 904.7434329986572, 895.9732055664062, 902.8151035308838, 904.9148559570312, 517.2748565673828, 413.47575187683105, 1301.7776012420654, 904.2034149169922, 518.6312198638916, 1289.10231590271, 418.3359146118164, 901.7231464385986, 418.2009696960449, 125.21553039550781, 904.1495323181152, 463.94896507263184, 414.8826599121094, 515.1839256286621, 463.6564254760742, 163.63072395324707, 1284.0321063995361, 597.2812175750732, 523.8430500030518, 599.860429763794, 1285.6979370117188, 606.1210632324219, 602.6272773742676, 122.91574478149414, 1286.623477935791, 469.04659271240234, 520.2455520629883, 600.4214286804199, 605.1192283630371, 598.0989933013916, 459.4700336456299, 59.5550537109375, 408.9312553405762, 468.3797359466553, 48.87843132019043, 56.18786811828613, 259.2477798461914, 98.4792709350586, 1332.7744007110596, 1279.1619300842285, 1294.1009998321533, 1286.3337993621826, 1281.5778255462646, 1277.5609493255615, 902.9982089996338, 905.3919315338135, 713.9616012573242, 589.7860527038574, 589.7808074951172, 1273.6501693725586, 901.9284248352051, 1280.1358699798584, 1269.0603733062744, 900.6152153015137, 901.4360904693604, 900.8834362030029, 898.2052803039551, 898.730993270874, 901.0429382324219, 698.4822750091553, 589.2324447631836, 705.6484222412109, 708.9340686798096, 698.035478591919, 698.286771774292, 898.3409404754639, 905.5705070495605, 903.7714004516602, 913.5751724243164, 909.1436862945557, 910.0122451782227, 907.886266708374, 912.6615524291992, 905.6823253631592, 524.8541831970215, 419.0711975097656, 1290.5638217926025, 908.2674980163574, 515.3501033782959, 1296.424388885498, 414.68095779418945, 902.7161598205566, 412.7950668334961, 176.9864559173584, 906.7521095275879, 461.50946617126465, 