{"pareto_front_0": [[0], [0, 10], [0, 10, 11], [0, 10, 11, 12], [0, 10, 11, 12, 19]], "pareto_front_1": [[1]], "pareto_front_2": [[1], [1, 10], [1, 10, 11], [1, 10, 11, 12], [1, 10, 11, 12, 19]], "pareto_front_3": [[0]], "pareto_front_4": [[0], [0, 1]], "pareto_front_5": [[0]], "pareto_front_6": [[0]], "pareto_front_7": [[0], [0, 10], [0, 10, 11], [0, 10, 11, 12], [0, 10, 11, 12, 19]], "pareto_front_8": [[0]], "pareto_front_9": [[0]], "mean_qpu_run_time(ms)": 736.2092491827513, "stdev_qpu_run_time(ms)": 386.8815940155921, "all_qpu_run_times(ms)": [516.2394046783447, 419.13557052612305, 1289.1504764556885, 906.6612720489502, 512.7432346343994, 1279.7768115997314, 403.5313129425049, 414.23702239990234, 137.57991790771484, 904.472827911377, 699.8095512390137, 456.83884620666504, 408.2458019256592, 514.2314434051514, 456.9859504699707, 74.22137260437012, 1281.9297313690186, 595.9451198577881, 462.8891944885254, 596.282958984375, 406.719446182251, 1280.327558517456, 585.378885269165, 593.3947563171387, 83.1000804901123, 458.14967155456543, 513.4732723236084, 595.8569049835205, 597.8007316589355, 519.9568271636963, 83.71424674987793, 72.40414619445801, 460.38126945495605, 48.35653305053711, 50.49586296081543, 225.39114952087402, 94.14267539978027, 123.5649585723877, 1274.0685939788818, 1267.8940296173096, 1269.4013118743896, 1276.611089706421, 451.4188766479492, 1279.4342041015625, 1274.170160293579, 898.7903594970703, 699.7685432434082, 593.4324264526367, 895.7200050354004, 961.5037441253662, 904.1385650634766, 903.6109447479248, 917.996883392334, 915.0290489196777, 910.1846218109131, 1300.37260055542, 1309.0953826904297, 917.8497791290283, 722.6347923278809, 596.4064598083496, 713.3321762084961, 600.4796028137207, 598.8583564758301, 602.3566722869873, 718.2648181915283, 606.0774326324463, 906.9855213165283, 901.768684387207, 912.9443168640137, 1290.7342910766602, 1291.6038036346436, 1289.2203330993652, 1298.2168197631836, 1298.5024452209473, 1294.9817180633545, 471.0977077484131, 519.5541381835938, 414.567232131958, 1299.2687225341797, 909.959077835083, 524.0046977996826, 1293.651819229126, 414.30163383483887, 417.01674461364746, 139.36305046081543, 916.3017272949219, 710.1333141326904, 466.9179916381836, 426.4531135559082, 522.068977355957, 471.8921184539795, 93.4760570526123, 1294.9714660644531, 602.2782325744629, 476.5317440032959, 604.5913696289062, 429.340124130249, 1312.6537799835205, 582.9551219940186, 596.6339111328125, 133.087158203125, 460.60752868652344, 514.85276222229, 594.9952602386475, 592.4921035766602, 513.2901668548584, 83.24122428894043, 84.3961238861084, 452.55517959594727, 43.398141860961914, 56.85281753540039, 218.84942054748535, 66.59221649169922, 426.006555557251, 1284.5592498779297, 1298.2687950134277, 1292.6537990570068, 1283.0760478973389, 466.3670063018799, 1281.3351154327393, 1265.6593322753906, 896.4345455169678, 703.9821147918701, 596.2777137756348, 904.6375751495361, 700.1662254333496, 909.0030193328857, 909.0766906738281, 905.8151245117188, 911.2775325775146, 903.6023616790771, 1286.0770225524902, 1279.5517444610596, 901.146650314331, 708.0459594726562, 595.1588153839111, 694.8833465576172, 593.0979251861572, 596.4975357055664, 592.3290252685547, 703.8552761077881, 590.9585952758789, 896.414041519165, 904.2847156524658, 902.6174545288086, 1281.4807891845703, 1556.4005374908447, 1295.7167625427246, 1303.490161895752, 1303.8427829742432, 1310.4486465454102, 466.0196304321289, 519.5908546447754, 415.2181148529053, 1291.5031909942627, 907.6077938079834, 528.303861618042, 1299.4489669799805, 408.3387851715088, 412.6594066619873, 104.22706604003906, 908.7858200073242, 711.8566036224365, 458.5378170013428, 411.3802909851074, 515.8710479736328, 465.0378227233887, 85.66784858703613, 1287.2328758239746, 595.4558849334717, 461.2154960632324, 592.0515060424805, 411.29326820373535, 1294.3475246429443, 594.001054763794, 595.6189632415771, 154.14047241210938, 469.77877616882324, 522.6864814758301, 599.0195274353027, 600.5496978759766, 524.2505073547363, 54.715633392333984, 90.1346206665039, 472.41973876953125, 48.117876052856445, 55.46402931213379, 260.408878326416, 90.51823616027832, 1324.7830867767334, 1282.9647064208984, 1296.449899673462, 1291.334629058838, 1291.060209274292, 468.48082542419434, 1304.123878479004, 1296.034574508667, 903.3737182617188, 710.960865020752, 601.6440391540527, 907.156229019165, 711.3316059112549, 904.1545391082764, 901.69358253479, 903.0656814575195, 899.4379043579102, 897.9294300079346, 1277.601718902588, 1281.4297676086426, 895.618200302124, 706.639289855957, 598.8624095916748, 706.4902782440186, 586.6310596466064, 590.0275707244873, 589.4966125488281, 709.0191841125488, 591.1986827850342, 901.0734558105469, 901.6246795654297, 900.4542827606201, 1271.4965343475342, 1279.5016765594482, 1267.0423984527588, 1269.0773010253906, 1275.7480144500732, 1264.9812698364258, 461.18974685668945, 509.40442085266113, 407.21774101257324, 1298.043966293335, 894.2348957061768, 510.07795333862305, 1280.9996604919434, 401.2303352355957, 405.10010719299316, 94.22922134399414, 890.4421329498291, 704.2593955993652, 460.97683906555176, 405.6577682495117, 518.4576511383057, 460.0958824157715, 96.72832489013672, 1274.6849060058594, 595.5824851989746, 456.18152618408203, 875.3316402435303, 402.3149013519287, 1273.4830379486084, 590.5075073242188, 594.3386554718018, 124.22466278076172, 459.6712589263916, 515.4252052307129, 586.2300395965576, 592.3902988433838, 516.5340900421143, 87.56136894226074, 77.41045951843262, 469.9549674987793, 46.09394073486328, 50.71115493774414, 245.072603225708, 69.4570541381836, 582.8185081481934, 1289.989948272705, 1297.278881072998, 1292.2708988189697, 1275.2540111541748, 480.682373046875, 1284.7933769226074, 1297.2822189331055, 906.8889617919922, 723.0007648468018, 598.5555648803711, 909.3704223632812, 704.5855522155762, 912.686824798584, 897.8230953216553, 897.3996639251709, 895.9431648254395, 903.109073638916, 1286.8013381958008, 1278.9452075958252, 899.547815322876, 710.2882862091064, 597.9290008544922, 708.1599235534668, 593.3716297149658, 594.9001312255859, 592.2415256500244, 707.8635692596436, 595.6852436065674, 912.1501445770264, 910.1157188415527, 916.5966510772705, 1295.8977222442627, 1280.4358005523682, 1287.949800491333, 1290.62819480896, 1300.9545803070068, 1286.607265472412, 460.3753089904785, 522.388219833374, 416.5647029876709, 1283.0379009246826, 908.6694717407227, 523.2644081115723, 1280.2300453186035, 418.0147647857666, 406.6433906555176, 66.03860855102539, 894.0830230712891, 704.5643329620361, 471.15397453308105, 411.99541091918945, 511.0456943511963, 467.4363136291504, 98.79732131958008, 1284.3430042266846, 604.1810512542725, 461.2927436828613, 593.3017730712891, 409.0383052825928, 1280.6243896484375, 592.5192832946777, 587.9855155944824, 137.11881637573242, 468.7216281890869, 509.7651481628418, 585.9720706939697, 588.266134262085, 517.6510810852051, 102.56338119506836, 60.8518123626709, 466.19629859924316, 53.26437950134277, 53.79033088684082, 182.73282051086426, 72.72934913635254, 1305.3560256958008, 1269.4308757781982, 1273.5280990600586, 1271.5764045715332, 1275.6540775299072, 461.90333366394043, 1273.3652591705322, 1273.9448547363281, 896.7196941375732, 702.1079063415527, 593.1038856506348, 894.1950798034668, 1005.4755210876465, 898.3933925628662, 905.127763748169, 905.0130844116211, 904.0224552154541, 901.7016887664795, 1286.2467765808105, 1288.4635925292969, 905.9832096099854, 714.637041091919, 604.7806739807129, 716.3105010986328, 592.3175811767578, 602.0801067352295, 608.0634593963623, 716.1097526550293, 598.1190204620361, 911.607027053833, 909.0030193328857, 901.4439582824707, 1294.1398620605469, 1277.916431427002, 1300.748586654663, 1292.0503616333008, 1292.2711372375488, 1283.8540077209473, 465.2700424194336, 519.4578170776367, 413.87271881103516, 1290.3499603271484, 896.9118595123291, 524.4226455688477, 1296.2992191314697, 407.06920623779297, 408.8704586029053, 