{"pareto_front_0": [[5], [5, 7]], "pareto_front_1": [[2], [2, 3], [2, 3, 4], [2, 3, 4, 5], [2, 3, 4, 5, 6]], "pareto_front_2": [[4], [4, 7]], "pareto_front_3": [[5], [5, 7]], "pareto_front_4": [[2], [2, 3], [2, 3, 5], [2, 3, 5, 7]], "pareto_front_5": [[8]], "pareto_front_6": [[2], [2, 3]], "pareto_front_7": [[4], [4, 7]], "pareto_front_8": [[2], [2, 3], [2, 3, 4], [2, 3, 4, 6], [2, 3, 4, 6, 7]], "pareto_front_9": [[4]], "mean_qpu_run_time(ms)": 798.5408189684846, "stdev_qpu_run_time(ms)": 345.24120029222377, "all_qpu_run_times(ms)": [412.3668670654297, 412.2195243835449, 519.99831199646, 519.2422866821289, 515.2387619018555, 518.150806427002, 516.8707370758057, 520.6105709075928, 899.505615234375, 516.4282321929932, 42.962074279785156, 48.95138740539551, 54.29434776306152, 895.183801651001, 902.3373126983643, 904.4747352600098, 896.3265419006348, 903.1569957733154, 904.2975902557373, 520.193338394165, 469.745397567749, 415.0662422180176, 414.49975967407227, 407.4418544769287, 411.6017818450928, 519.1411972045898, 703.6700248718262, 408.08558464050293, 515.850305557251, 518.6705589294434, 515.3677463531494, 901.181697845459, 121.48880958557129, 1287.4789237976074, 1288.0854606628418, 1297.3127365112305, 1287.5339984893799, 1284.2316627502441, 907.3607921600342, 908.9491367340088, 906.4240455627441, 1281.1033725738525, 1275.378704071045, 1286.0040664672852, 900.6214141845703, 703.4823894500732, 592.2055244445801, 1286.5676879882812, 1286.9391441345215, 1298.7263202667236, 905.1334857940674, 703.8671970367432, 597.7137088775635, 708.8091373443604, 596.9972610473633, 1280.6313037872314, 1288.858413696289, 1286.940097808838, 1290.811538696289, 1301.2709617614746, 1286.2932682037354, 516.4327621459961, 904.832124710083, 901.0205268859863, 898.2019424438477, 895.3468799591064, 894.2756652832031, 901.1492729187012, 896.6059684753418, 899.749755859375, 700.425386428833, 596.5640544891357, 707.8373432159424, 592.6103591918945, 595.3044891357422, 595.55983543396, 701.0846138000488, 704.5347690582275, 897.660493850708, 890.4688358306885, 895.4617977142334, 896.1238861083984, 905.1346778869629, 594.0139293670654, 696.1398124694824, 587.3761177062988, 408.42485427856445, 400.38537979125977, 512.4115943908691, 511.81864738464355, 519.5205211639404, 513.5576725006104, 510.75196266174316, 512.4480724334717, 898.4072208404541, 524.4154930114746, 46.77414894104004, 50.627946853637695, 40.52853584289551, 896.5845108032227, 889.5280361175537, 891.0565376281738, 896.5895175933838, 900.8076190948486, 899.7218608856201, 518.3861255645752, 1008.3541870117188, 412.0965003967285, 408.17809104919434, 406.33249282836914, 405.5519104003906, 513.298749923706, 702.9139995574951, 406.68678283691406, 512.702465057373, 518.2030200958252, 512.6523971557617, 901.7651081085205, 119.50492858886719, 1291.1200523376465, 1293.853998184204, 1302.138328552246, 1284.0931415557861, 1287.0328426361084, 908.0259799957275, 906.8679809570312, 932.8515529632568, 1293.0588722229004, 1282.8164100646973, 1293.9376831054688, 905.691385269165, 712.6951217651367, 593.8329696655273, 1290.6484603881836, 1297.8401184082031, 1291.4316654205322, 914.5219326019287, 716.8247699737549, 604.1204929351807, 705.9648036956787, 600.7416248321533, 1290.0185585021973, 1285.5632305145264, 1287.825584411621, 1302.9439449310303, 1292.1223640441895, 1294.334888458252, 517.37380027771, 903.7809371948242, 906.8830013275146, 902.440071105957, 899.6188640594482, 898.9982604980469, 903.0964374542236, 905.5759906768799, 904.5922756195068, 699.7227668762207, 595.893144607544, 711.7822170257568, 596.189022064209, 596.0855484008789, 593.7824249267578, 712.9757404327393, 712.3901844024658, 899.8391628265381, 901.7171859741211, 899.7423648834229, 909.4042778015137, 913.8312339782715, 591.6688442230225, 708.7059020996094, 598.2842445373535, 411.6804599761963, 409.1448783874512, 519.0110206604004, 522.5017070770264, 520.9405422210693, 519.5906162261963, 521.6965675354004, 527.3666381835938, 910.912275314331, 524.5914459228516, 48.32196235656738, 48.67100715637207, 45.29285430908203, 922.4271774291992, 900.5618095397949, 899.634838104248, 907.0641994476318, 908.2479476928711, 906.9602489471436, 510.4565620422363, 458.6906433105469, 409.73711013793945, 409.4860553741455, 407.6113700866699, 406.8484306335449, 511.716365814209, 706.6702842712402, 403.9433002471924, 509.6769332885742, 512.2649669647217, 511.8727684020996, 900.496244430542, 171.76485061645508, 1281.6054821014404, 1282.1781635284424, 1279.3924808502197, 1279.090166091919, 1263.0913257598877, 894.7739601135254, 894.8047161102295, 899.3020057678223, 1285.6347560882568, 1279.6173095703125, 1269.7033882141113, 895.3104019165039, 699.9719142913818, 597.9964733123779, 1276.6084671020508, 1268.129825592041, 1282.1731567382812, 894.7668075561523, 700.913667678833, 588.3958339691162, 698.2388496398926, 587.0592594146729, 1273.0207443237305, 1282.3569774627686, 1276.7517566680908, 1281.872034072876, 1277.66752243042, 1276.5660285949707, 516.1011219024658, 901.461124420166, 901.2405872344971, 896.5013027191162, 896.2373733520508, 896.9459533691406, 908.1330299377441, 898.8761901855469, 897.1679210662842, 693.9349174499512, 586.9910717010498, 1253.5114288330078, 585.7727527618408, 595.6528186798096, 591.7418003082275, 709.683895111084, 708.4970474243164, 900.7551670074463, 897.1841335296631, 905.5166244506836, 901.8781185150146, 903.7125110626221, 593.721866607666, 711.4081382751465, 598.8097190856934, 409.65723991394043, 407.91821479797363, 524.1336822509766, 520.1013088226318, 522.9494571685791, 520.1461315155029, 519.9737548828125, 524.3124961853027, 902.106523513794, 523.1492519378662, 48.2943058013916, 50.885677337646484, 43.32447052001953, 920.1440811157227, 907.4604511260986, 905.9555530548096, 904.7558307647705, 912.2087955474854, 908.7841510772705, 524.6469974517822, 467.6809310913086, 421.8118190765381, 415.9832000732422, 417.5879955291748, 423.6636161804199, 526.0238647460938, 709.9771499633789, 417.7107810974121, 519.172191619873, 518.4602737426758, 515.7160758972168, 897.1295356750488, 124.27568435668945, 1276.2370109558105, 1277.815580368042, 1281.3684940338135, 1281.193494796753, 1312.70432472229, 902.6577472686768, 899.2524147033691, 897.815465927124, 1288.3970737457275, 1275.67720413208, 1274.4169235229492, 900.9943008422852, 704.2491436004639, 594.5043563842773, 1286.0641479492188, 1289.5731925964355, 1307.3582649230957, 913.2258892059326, 706.4423561096191, 596.9915390014648, 719.2277908325195, 597.7826118469238, 1302.7524948120117, 1287.0242595672607, 1288.985013961792, 1291.773796081543, 1284.66796875, 1300.401210784912, 522.7415561676025, 908.7755680084229, 908.8249206542969, 903.6192893981934, 906.2836170196533, 904.5252799987793, 920.1562404632568, 911.113977432251, 902.4255275726318, 699.3081569671631, 601.1381149291992, 707.7984809875488, 592.5388336181641, 595.4740047454834, 591.1693572998047, 706.7413330078125, 702.8982639312744, 902.4989604949951, 897.3932266235352, 893.5678005218506, 897.0496654510498, 901.1542797088623, 597.5029468536377, 713.6280536651611, 596.7974662780762, 405.85994720458984, 405.68995475769043, 514.4672393798828, 511.5225315093994, 514.0748023986816, 515.5582427978516, 516.3202285766602, 517.4801349639893, 893.5880661010742, 518.7127590179443, 44.889211654663086, 51.87225341796875, 48.74610900878906, 899.038553237915, 895.7743644714355, 896.2624073028564, 891.9222354888916, 897.0484733581543, 900.0377655029297, 508.2378387451172, 458.2548141479492, 415.8508777618408, 409.24763679504395, 416.33129119873047, 416.90540313720703, 504.744291305542, 699.8124122619629, 405.69043159484863, 518.4147357940674, 520.4429626464844, 513.6401653289795, 898.4901905059814, 132.4143409729004, 1266.7744159698486, 1269.8187828063965, 1275.5699157714844, 1281.804084777832, 1288.0475521087646, 897.1989154815674, 897.5927829742432, 904.0064811706543, 1273.813247680664, 1281.6753387451172, 1277.6789665222168, 896.3267803192139, 705.3558826446533, 