{"pareto_front_0": [[2], [2, 3], [2, 3, 5], [2, 3, 5, 7]], "pareto_front_1": [[4], [4, 5]], "pareto_front_2": [[2], [2, 3], [2, 3, 5], [2, 3, 5, 7]], "pareto_front_3": [[4], [4, 7]], "pareto_front_4": [[2], [2, 3], [2, 3, 5], [2, 3, 5, 7]], "pareto_front_5": [[6]], "pareto_front_6": [[5], [5, 6], [5, 6, 7]], "pareto_front_7": [[2], [2, 3], [2, 3, 5], [2, 3, 5, 7]], "pareto_front_8": [[5], [5, 7]], "pareto_front_9": [[4], [4, 5], [4, 5, 7]], "mean_qpu_run_time(ms)": 794.8867433211383, "stdev_qpu_run_time(ms)": 311.723873112612, "all_qpu_run_times(ms)": [411.4203453063965, 405.45105934143066, 510.8380317687988, 509.8400115966797, 513.3607387542725, 898.3309268951416, 513.3986473083496, 898.8358974456787, 513.340950012207, 42.38629341125488, 53.3902645111084, 898.4065055847168, 895.7464694976807, 896.435022354126, 902.2502899169922, 902.3628234863281, 454.14042472839355, 411.07869148254395, 407.6981544494629, 409.2137813568115, 409.165620803833, 513.9319896697998, 701.7335891723633, 409.90304946899414, 520.3518867492676, 897.4065780639648, 515.526294708252, 515.3744220733643, 512.7468109130859, 900.3055095672607, 124.58348274230957, 1273.2083797454834, 1274.0998268127441, 1271.3582515716553, 1290.5189990997314, 1265.7129764556885, 892.174482345581, 894.6471214294434, 899.3239402770996, 1269.8678970336914, 1271.599292755127, 1290.7721996307373, 895.24245262146, 703.054666519165, 590.4695987701416, 903.1112194061279, 900.6485939025879, 898.9431858062744, 701.3747692108154, 589.9825096130371, 702.9745578765869, 587.7089500427246, 1279.919147491455, 1279.036283493042, 1270.2178955078125, 1646.0027694702148, 1274.2915153503418, 1284.9481105804443, 516.8538093566895, 707.0538997650146, 595.8895683288574, 902.8773307800293, 907.4709415435791, 898.5369205474854, 899.6539115905762, 910.768985748291, 903.7785530090332, 912.3170375823975, 909.5396995544434, 704.7662734985352, 597.1472263336182, 720.8330631256104, 711.514949798584, 600.5916595458984, 605.6804656982422, 602.1218299865723, 606.755256652832, 715.015172958374, 707.3953151702881, 1294.055461883545, 1291.1036014556885, 710.8154296875, 596.6215133666992, 905.7929515838623, 712.3022079467773, 418.28036308288574, 420.5358028411865, 509.9308490753174, 516.0989761352539, 521.2960243225098, 903.214693069458, 515.8329010009766, 910.3777408599854, 514.5463943481445, 43.234825134277344, 52.35743522644043, 904.2208194732666, 898.3414173126221, 897.9501724243164, 906.9786071777344, 904.2959213256836, 468.9211845397949, 411.33856773376465, 407.99736976623535, 408.9632034301758, 409.5001220703125, 521.5764045715332, 693.1924819946289, 393.5737609863281, 503.60107421875, 921.1456775665283, 510.1323127746582, 522.7921009063721, 521.8720436096191, 913.3718013763428, 634.8719596862793, 1297.0247268676758, 1276.0417461395264, 1278.1455516815186, 1288.4118556976318, 1277.52685546875, 900.841474533081, 895.1270580291748, 898.3273506164551, 1278.496503829956, 1276.174545288086, 1269.4900035858154, 897.9611396789551, 706.7039012908936, 598.7060070037842, 901.9453525543213, 902.026891708374, 901.4565944671631, 711.6901874542236, 593.6896800994873, 706.4089775085449, 594.1331386566162, 1281.8431854248047, 1280.4594039916992, 1286.891222000122, 1280.2138328552246, 1287.4479293823242, 1280.405044555664, 517.8918838500977, 700.9897232055664, 603.5196781158447, 903.2273292541504, 898.7367153167725, 903.9406776428223, 893.0535316467285, 899.8219966888428, 897.4575996398926, 896.6045379638672, 898.0965614318848, 704.376220703125, 593.8341617584229, 700.4637718200684, 707.2968482971191, 592.2708511352539, 590.4140472412109, 595.2620506286621, 593.6973094940186, 1095.4577922821045, 705.9206962585449, 1285.6991291046143, 1274.702787399292, 708.2295417785645, 596.8940258026123, 905.7481288909912, 701.4703750610352, 416.17417335510254, 417.52076148986816, 523.1492519378662, 524.2066383361816, 522.5307941436768, 904.4713973999023, 519.9410915374756, 908.5173606872559, 520.9946632385254, 46.56076431274414, 54.00681495666504, 903.6545753479004, 909.9841117858887, 907.2394371032715, 911.4198684692383, 907.1371555328369, 474.12705421447754, 420.90511322021484, 405.2112102508545, 418.0891513824463, 415.1763916015625, 521.0907459259033, 703.7343978881836, 410.3355407714844, 515.3875350952148, 907.2270393371582, 521.2485790252686, 508.6658000946045, 513.622522354126, 900.559663772583, 130.7535171508789, 1279.0749073028564, 1263.0608081817627, 1257.3578357696533, 1266.012191772461, 1276.0629653930664, 900.2523422241211, 906.5444469451904, 905.3585529327393, 1286.134958267212, 1296.4303493499756, 1290.0307178497314, 911.3476276397705, 709.6314430236816, 600.0373363494873, 922.4581718444824, 908.358097076416, 911.3268852233887, 709.313154220581, 599.2181301116943, 713.4842872619629, 597.4042415618896, 1286.7915630340576, 1298.3760833740234, 1280.78293800354, 1301.0377883911133, 1302.8545379638672, 1286.9510650634766, 521.2163925170898, 714.3259048461914, 593.8894748687744, 909.3472957611084, 900.0301361083984, 907.3798656463623, 907.6347351074219, 898.2317447662354, 901.940107345581, 894.4149017333984, 895.4660892486572, 703.1204700469971, 591.1908149719238, 703.0446529388428, 709.094762802124, 591.1502838134766, 596.4236259460449, 597.4299907684326, 593.7292575836182, 709.8109722137451, 709.4886302947998, 1270.9870338439941, 1274.512529373169, 708.5080146789551, 592.0460224151611, 905.5655002593994, 711.4322185516357, 419.15106773376465, 418.61677169799805, 521.7008590698242, 520.9972858428955, 520.4067230224609, 895.4119682312012, 528.1145572662354, 901.6804695129395, 516.2873268127441, 50.19545555114746, 46.73624038696289, 902.9314517974854, 894.9692249298096, 900.7928371429443, 899.0497589111328, 895.3006267547607, 467.37003326416016, 405.83324432373047, 415.4946804046631, 408.10179710388184, 414.1690731048584, 516.9210433959961, 701.0860443115234, 415.1463508605957, 520.9348201751709, 900.6807804107666, 514.4882202148438, 508.925199508667, 511.99841499328613, 896.0421085357666, 123.73542785644531, 1685.9562397003174, 1273.9620208740234, 1279.853105545044, 1288.9809608459473, 1290.8005714416504, 903.1250476837158, 898.7934589385986, 903.5940170288086, 1279.7389030456543, 1293.8578128814697, 1283.975601196289, 909.0936183929443, 711.6520404815674, 598.3283519744873, 908.2057476043701, 910.2387428283691, 903.7330150604248, 706.2160968780518, 601.3293266296387, 710.4496955871582, 605.2837371826172, 1278.7480354309082, 1272.064208984375, 1274.9254703521729, 1274.4827270507812, 1276.3957977294922, 1297.4650859832764, 510.27822494506836, 706.2849998474121, 601.1219024658203, 906.5814018249512, 902.1360874176025, 904.0274620056152, 901.5350341796875, 901.5917778015137, 909.3027114868164, 904.2282104492188, 898.4963893890381, 709.9754810333252, 595.9351062774658, 706.2239646911621, 716.895341873169, 595.9830284118652, 597.8269577026367, 601.2113094329834, 597.1729755401611, 714.7090435028076, 715.1753902435303, 1288.3708477020264, 1285.7158184051514, 711.7846012115479, 608.1390380859375, 909.247875213623, 708.7798118591309, 412.7228260040283, 406.27026557922363, 519.3569660186768, 518.5587406158447, 514.6982669830322, 898.080587387085, 515.9697532653809, 895.0295448303223, 518.9847946166992, 39.30354118347168, 51.18227005004883, 901.5777111053467, 906.5084457397461, 902.8832912445068, 908.2129001617432, 904.8330783843994, 465.29388427734375, 416.9270992279053, 411.1006259918213, 404.15501594543457, 407.93824195861816, 520.4606056213379, 707.7631950378418, 415.9882068634033, 519.1380977630615, 904.7415256500244, 516.7326927185059, 514.4534111022949, 517.5883769989014, 910.9199047088623, 118.60942840576172, 1283.4908962249756, 1284.5110893249512, 1276.8399715423584, 1285.513162612915, 1286.876916885376, 900.5506038665771, 895.5268859863281, 902.8029441833496, 1303.0526638031006, 1295.947790145874, 1290.1432514190674, 900.1431465148926, 702.2764682769775, 594.9826240539551, 899.0089893341064, 902.0285606384277, 897.2153663635254, 704.0824890136719, 