,best_itr,best_fval,best_solution,total_qaoa,total_impact,total_exe,execution_times,final_test_suite_costs,final_failure_rates
0,10,0.08506153242016842,"[0, 1, 0, 1, 1, 1, 0, 1, 1, 1, 1, 1, 1, 1, 1, 1, 1, 1, 1, 1, 1, 1, 1, 1, 1, 1, 1, 1, 1, 1, 1, 1, 1, 1, 1, 0, 0, 0, 0, 1, 1, 1, 1, 1, 0, 0, 0, 0, 0, 0, 1, 1]",226.23009276390076,0.001749277114868164,248.62283778190613,"[28.080190420150757, 22.35166311264038, 23.532052040100098, 21.692909240722656, 20.847900867462158, 22.550005674362183, 24.03076934814453, 20.678921937942505, 20.042912483215332, 22.424516916275024]","[np.float64(0.0057539900000000005), np.float64(0.0063976499999999995), np.float64(0.00722141), np.float64(0.008098210000000002), np.float64(0.00746202), np.float64(0.007664880000000001), np.float64(0.0072709), np.float64(0.0071637), np.float64(0.007689270000000001), np.float64(0.0073037499999999995)]","[np.float64(2.499999999999999), np.float64(2.852941176470587), np.float64(3.294117647058822), np.float64(3.735294117647057), np.float64(3.6764705882352926), np.float64(3.7499999999999987), np.float64(3.6470588235294104), np.float64(3.6323529411764692), np.float64(3.7499999999999987), np.float64(3.720588235294116)]"
