,best_itr,best_fval,best_solution,total_qaoa,total_impact,total_exe,execution_times,final_test_suite_costs,final_failure_rates
0,10,0.05126840504462811,"[0, 0, 0, 0, 0, 1, 1, 1, 1, 0, 0, 0, 0, 1, 1, 1, 0, 0, 1, 1, 1, 1, 1, 1, 0, 1, 1, 1, 1, 1, 0, 0, 0, 1, 1, 1, 1, 1, 1, 1, 0, 1, 1, 0, 0, 0, 1, 1, 1, 0, 1, 1, 1, 1, 1, 1, 0, 1, 1, 1, 1, 1, 0, 1, 1, 1, 1, 1, 1, 1, 1, 1, 0, 0, 0, 0, 0, 0, 0, 0, 0, 0, 0, 1, 1, 1, 0, 0, 0, 0, 0, 0, 0, 0, 0, 0, 0, 0, 0, 0, 0, 0, 0, 0, 0, 0, 0, 1, 0, 0, 0, 0, 1, 0, 0, 0, 0, 0, 0, 0, 0, 0, 0, 0, 0, 0, 1, 0, 0, 0]",424.33345341682434,0.006529569625854492,789.5982429981232,"[42.27215766906738, 40.78776574134827, 45.69548463821411, 40.18702745437622, 42.781208992004395, 42.460773944854736, 45.02567505836487, 39.59643006324768, 43.633546590805054, 41.89991283416748]","[np.float64(0.08600000000000002), np.float64(0.08400000000000002), np.float64(0.07700000000000001), np.float64(0.07200000000000001), np.float64(0.07), np.float64(0.067), np.float64(0.064), np.float64(0.07), np.float64(0.064), np.float64(0.068)]","[np.float64(4.365384615384612), np.float64(4.480769230769227), np.float64(4.417067307692305), np.float64(4.412259615384613), np.float64(4.435096153846152), np.float64(4.435096153846153), np.float64(4.411057692307691), np.float64(4.550480769230767), np.float64(4.427884615384614), np.float64(4.5288461538461515)]"
