{"pareto_front_1": [[3], [3, 10], [3, 10, 14], [3, 10, 14, 16], [3, 10, 14, 16, 18], [3, 10, 14, 16, 18, 23], [3, 10, 14, 16, 18, 23, 30], [3, 10, 14, 16, 18, 23, 30, 26], [3, 10, 14, 16, 18, 23, 30, 26, 34]], "pareto_front_2": [[3], [3, 4], [3, 4, 9], [3, 4, 9, 12], [3, 4, 9, 12, 20], [3, 4, 9, 12, 20, 30], [3, 4, 9, 12, 20, 30, 32], [3, 4, 9, 12, 20, 30, 32, 34], [3, 4, 9, 12, 20, 30, 32, 34, 37], [3, 4, 9, 12, 20, 30, 32, 34, 37, 40], [3, 4, 9, 12, 20, 30, 32, 34, 37, 40, 46]], "pareto_front_3": [[3], [3, 4], [3, 4, 5], [3, 4, 5, 8], [3, 4, 5, 8, 9], [3, 4, 5, 8, 9, 16], [3, 4, 5, 8, 9, 16, 17], [3, 4, 5, 8, 9, 16, 17, 18], [3, 4, 5, 8, 9, 16, 17, 18, 24], [3, 4, 5, 8, 9, 16, 17, 18, 24, 33], [3, 4, 5, 8, 9, 16, 17, 18, 24, 33, 42]], "pareto_front_4": [[0], [0, 3], [0, 3, 10], [0, 3, 10, 30], [0, 3, 10, 30, 34], [0, 3, 10, 30, 34, 35], [0, 3, 10, 30, 34, 35, 44], [0, 3, 10, 30, 34, 35, 44, 51]], "pareto_front_5": [[5], [5, 15], [5, 15, 20], [5, 15, 20, 40], [5, 15, 20, 40, 46]], "pareto_front_6": [[10], [10, 12], [10, 12, 15], [10, 12, 15, 31]], "pareto_front_7": [[3], [3, 4], [3, 4, 16], [3, 4, 16, 20], [3, 4, 16, 20, 46]], "pareto_front_8": [[1], [1, 3], [1, 3, 5], [1, 3, 5, 13], [1, 3, 5, 13, 15], [1, 3, 5, 13, 15, 33], [1, 3, 5, 13, 15, 33, 34]], "pareto_front_9": [[5], [5, 11], [5, 11, 20], [5, 11, 20, 25], [5, 11, 20, 25, 50]], "pareto_front_10": [[4], [4, 13], [4, 13, 15], [4, 13, 15, 19], [4, 13, 15, 19, 20], [4, 13, 15, 19, 20, 26], [4, 13, 15, 19, 20, 26, 27], [4, 13, 15, 19, 20, 26, 27, 33]], "mean_qpu_run_time(ms)": 23022.627500534058, "stdev_qpu_run_time(ms)": 1958.5799501120302, "all_qpu_run_times(ms)": [23130.58638572693, 20794.572830200195, 20896.262168884277, 20808.891773223877, 23017.02928543091, 21710.673093795776, 20080.55067062378, 19929.780960083008, 22083.309173583984, 23480.45825958252, 22423.13051223755, 23172.578811645508, 20218.68586540222, 23211.24219894409, 22497.332334518433, 27649.129390716553, 22539.70432281494, 24676.350831985474, 22371.02198600769, 22487.270832061768, 21339.208126068115, 24205.07311820984, 19494.298458099365, 21692.24214553833, 26189.237594604492, 19125.053882598877, 22717.005014419556, 23948.554039001465, 23154.749631881714, 23219.37584877014, 23973.76537322998, 24047.33943939209, 19783.89286994934, 21320.137977600098, 22578.014135360718, 24050.5313873291, 19948.253631591797, 21268.573999404907, 22479.522705078125, 23340.89493751526, 22624.038219451904, 24691.103219985962, 24064.120292663574, 21920.10545730591, 25552.180767059326, 19150.809049606323, 19484.601497650146, 23619.117498397827, 20224.45034980774, 21786.49592399597, 21841.90607070923, 21707.000732421875, 22889.08052444458, 21412.65034675598, 20978.06429862976, 23383.683681488037, 21047.292947769165, 19497.477769851685, 24078.842878341675, 22700.238943099976, 21116.557359695435, 21839.403867721558, 20369.93098258972, 22694.551944732666, 24046.23317718506, 21098.694801330566, 20280.394315719604, 20306.11300468445, 23303.945541381836, 23381.229400634766, 21460.832357406616, 21036.68236732483, 22898.24366569519, 20742.70534515381, 21816.75386428833, 22945.899486541748, 21831.85124397278, 21791.951656341553, 21016.533136367798, 22312.807083129883, 24488.24405670166, 20024.523735046387, 21426.515817642212, 22645.911931991577, 20051.98574066162, 20650.90322494507, 24748.04401397705, 24567.046642303467, 21473.4890460968, 21533.19263458252, 22932.626247406006, 23400.137424468994, 26051.329374313354, 19856.01496696472, 23395.409107208252, 21164.21103477478, 22653.618812561035, 23885.4923248291, 21488.274574279785, 21024.20949935913, 22661.563873291016, 21576.735258102417, 22977.920055389404, 20416.436433792114, 21126.04069709778, 21124.792337417603, 20144.426107406616, 22236.39988899231, 19666.6522026062, 23863.8117313385, 20321.81668281555, 23036.478757858276, 24254.18972969055, 20812.52670288086, 23079.703092575073, 21634.950876235962, 20016.542434692383, 19605.989456176758, 25020.521640777588, 27940.02866744995, 19945.87206840515, 25696.547508239746, 22678.824186325073, 21042.25468635559, 25631.640434265137, 24458.600759506226, 21824.058532714844, 23441.453456878662, 23065.693140029907, 22024.800062179565, 21626.782655715942, 19935.457706451416, 19678.813934326172, 23386.36827468872, 21489.004373550415, 28331.24804496765, 21628.90076637268, 29092.759370803833, 21157.021522521973, 20052.435159683228, 23750.905990600586, 21651.541471481323, 23001.82867050171, 23507.36093521118, 21643.147945404053, 23754.98604774475, 22710.230827331543, 26927.53005027771, 23076.44033432007, 21183.526039123535, 22644.35648918152, 20124.292612075806, 26188.8644695282, 20921.508073806763, 21654.731512069702, 25783.72836112976, 26303.36284637451, 23094.219207763672, 24288.092613220215, 21616.079330444336, 23257.925987243652, 21731.860637664795, 26279.566764831543, 19342.703342437744, 24792.277574539185, 22934.489727020264, 20501.617431640625, 22927.921533584595, 21062.209129333496, 22821.31338119507, 21633.32724571228, 22025.52580833435, 21367.88034439087, 22108.065128326416, 21767.152547836304, 23591.19439125061, 22083.449840545654, 20898.166179656982, 25041.37921333313, 20998.42619895935, 21367.5594329834, 23255.972862243652, 21750.73480606079, 22155.428171157837, 21645.35117149353, 20890.328884124756, 19888.134241104126, 26308.42638015747, 21152.119636535645, 22263.573169708252, 23963.173389434814, 22872.446537017822, 22063.19808959961, 25122.942447662354, 20917.978048324585, 23994.71426010132, 23546.555995941162, 31126.29222869873, 25111.5939617157, 20225.955724716187, 26318.724393844604, 22120.545148849487, 26446.751356124878, 21763.01622390747, 21765.27500152588, 22528.403282165527, 20200.798511505127, 28618.32046508789, 23582.02052116394, 24107.54346847534, 24744.584321975708, 23551.336526870728, 27123.00181388855, 26378.763675689697, 21420.8402633667, 24198.406219482422, 21000.284671783447, 20709.394693374634, 22222.840070724487, 23661.20409965515, 24149.710416793823, 21813.881397247314, 21897.34697341919, 24148.33354949951, 22700.108528137207, 22896.56162261963, 20270.17903327942, 23709.16247367859, 21833.34469795227, 24874.5174407959, 25261.747360229492, 22970.756769180298, 21036.31854057312, 24517.641305923462, 25952.272176742554, 22189.910650253296, 24156.022310256958, 22257.61651992798, 22252.80714035034, 23410.809993743896, 22537.585258483887, 21855.28588294983, 24189.7451877594, 19929.21543121338, 22229.0141582489, 21172.703504562378, 22656.31890296936, 24271.726608276367, 23377.33554840088, 23056.859970092773, 22680.853128433228, 25636.250734329224, 20774.903774261475, 20389.67275619507, 23830.503225326538, 23830.249547958374, 20296.051025390625, 20785.03131866455, 22730.64947128296, 23121.559619903564, 21555.44424057007, 19906.31365776062, 23835.780382156372, 21060.255527496338, 23033.773183822632, 24662.856340408325, 21649.540901184082, 21997.67827987671, 26183.99977684021, 21148.040771484375, 21230.18193244934, 25492.762565612793, 25092.087268829346, 23841.567993164062, 24705.24311065674, 21563.485145568848, 23589.109659194946, 24928.213834762573, 24595.446825027466, 24333.51969718933, 23474.683046340942, 19659.034490585327, 23410.081148147583, 23057.17706680298, 26950.63328742981, 24315.466165542603, 23948.99344444275, 21562.98565864563, 21505.106687545776, 21475.64697265625, 20991.31441116333, 23872.66492843628, 23838.988542556763, 21959.066152572632, 24478.748321533203, 20440.887689590454, 22375.779151916504, 27061.40089035034, 24368.022680282593, 20913.442611694336, 22400.874614715576, 23151.915550231934, 23949.95164871216, 24340.508460998535, 20896.273612976074, 26286.88073158264, 22434.049606323242, 22434.069633483887, 22422.03164100647, 21186.421632766724, 25399.94478225708, 21540.26508331299, 24645.164489746094, 23501.6348361969, 23060.888290405273, 21585.582971572876, 26183.152675628662, 26674.601078033447, 20039.21103477478, 21123.385190963745, 23584.184169769287, 25078.307151794434, 24751.595735549927, 23882.96890258789, 