{"pareto_front_1": [[8], [8, 10], [8, 10, 13], [8, 10, 13, 14], [8, 10, 13, 14, 27], [8, 10, 13, 14, 27, 32], [8, 10, 13, 14, 27, 32, 51]], "pareto_front_2": [[14], [14, 29], [14, 29, 34], [14, 29, 34, 45]], "pareto_front_3": [[18], [18, 26], [18, 26, 34]], "pareto_front_4": [[0], [0, 10], [0, 10, 11], [0, 10, 11, 13], [0, 10, 11, 13, 15], [0, 10, 11, 13, 15, 31], [0, 10, 11, 13, 15, 31, 33], [0, 10, 11, 13, 15, 31, 33, 48]], "pareto_front_5": [[0], [0, 5], [0, 5, 11]], "pareto_front_6": [[25], [25, 35], [25, 35, 42]], "pareto_front_7": [[10], [10, 11], [10, 11, 19], [10, 11, 19, 20]], "pareto_front_8": [[6], [6, 8], [6, 8, 16], [6, 8, 16, 29], [6, 8, 16, 29, 35]], "pareto_front_9": [[3], [3, 11], [3, 11, 33]], "pareto_front_10": [[11], [11, 20], [11, 20, 23], [11, 20, 23, 46]], "mean_qpu_run_time(ms)": 21002.15136575699, "stdev_qpu_run_time(ms)": 1908.5220934260417, "all_qpu_run_times(ms)": [17577.911138534546, 18793.367624282837, 18151.96967124939, 19404.067277908325, 18166.985511779785, 19377.00343132019, 18282.74416923523, 16911.813735961914, 18237.07365989685, 20260.676860809326, 19223.0122089386, 17894.68002319336, 20072.41129875183, 17781.65364265442, 20728.19209098816, 18936.492919921875, 24182.319164276123, 19856.983184814453, 22843.007564544678, 22480.99660873413, 19721.264123916626, 18992.23256111145, 18559.606552124023, 18526.961088180542, 17100.810289382935, 17106.755256652832, 18031.48365020752, 20414.955139160156, 18698.61626625061, 21310.382843017578, 18496.595859527588, 19335.47830581665, 20731.780767440796, 18603.734493255615, 18539.564847946167, 22003.55100631714, 21410.136461257935, 20689.176321029663, 21329.80966567993, 17398.1671333313, 22856.10008239746, 18685.274600982666, 22149.67179298401, 22302.400827407837, 22256.900310516357, 22699.66435432434, 22507.330894470215, 22870.43070793152, 20277.97770500183, 20831.728219985962, 21656.813859939575, 19379.135370254517, 22994.061946868896, 20894.752025604248, 20470.278024673462, 20905.195951461792, 23526.597023010254, 23799.40128326416, 18171.60201072693, 21747.885704040527, 20163.060665130615, 17779.759645462036, 21771.55113220215, 21457.539081573486, 20460.877656936646, 19056.060314178467, 22424.100399017334, 19117.655277252197, 20167.38510131836, 20353.798389434814, 18309.961080551147, 20163.89298439026, 22061.41757965088, 21060.157299041748, 22848.686456680298, 19178.03382873535, 21729.33053970337, 19645.76745033264, 19644.21558380127, 19850.995302200317, 22571.486711502075, 20168.201208114624, 21107.75876045227, 19838.50908279419, 21498.40521812439, 20685.35304069519, 19612.305879592896, 20482.48291015625, 18512.45093345642, 22422.197103500366, 19692.5151348114, 22485.13436317444, 22772.83239364624, 19078.500747680664, 22627.07805633545, 22068.59016418457, 22486.578226089478, 32141.605615615845, 19714.372873306274, 19092.722415924072, 20026.471614837646, 19702.556371688843, 19811.363220214844, 19135.06579399109, 19102.5869846344, 19126.32465362549, 20653.204441070557, 21895.332098007202, 20410.660982131958, 21350.63600540161, 19826.876163482666, 18509.166479110718, 23400.135278701782, 21137.52770423889, 21141.63851737976, 19145.344495773315, 21309.2782497406, 20483.917713165283, 18664.580821990967, 18640.1047706604, 17786.561250686646, 21314.674615859985, 20675.99320411682, 19939.507961273193, 21997.999906539917, 18024.303436279297, 20398.993492126465, 20951.918125152588, 20005.930185317993, 20015.817403793335, 20679.92377281189, 20660.966873168945, 19492.897748947144, 19800.455331802368, 19185.998916625977, 21238.454341888428, 19543.567657470703, 23930.577754974365, 22722.652196884155, 21369.755744934082, 19318.309783935547, 19955.654859542847, 18714.678525924683, 22668.047428131104, 19499.818801879883, 18773.041486740112, 22733.86001586914, 26122.795581817627, 20298.917770385742, 19364.08567428589, 17930.932998657227, 19314.08190727234, 20812.537908554077, 18577.449321746826, 22121.026039123535, 23658.750772476196, 21945.054292678833, 19606.78505897522, 20724.12085533142, 18688.724756240845, 17692.88730621338, 21635.72406768799, 19514.511346817017, 23537.35876083374, 20137.96830177307, 21013.375520706177, 20732.999086380005, 21735.69893836975, 20747.16305732727, 20750.23078918457, 18791.420459747314, 18556.39696121216, 21615.199089050293, 19306.13398551941, 22354.228019714355, 19566.69306755066, 20340.752124786377, 18445.427417755127, 22954.352378845215, 20969.331979751587, 19794.596433639526, 19048.020124435425, 20331.00152015686, 20958.055019378662, 21129.53495979309, 20265.36536216736, 21171.308994293213, 18673.68721961975, 18988.229274749756, 18749.078512191772, 18142.40789413452, 18085.124492645264, 20208.54616165161, 21206.74729347229, 19391.659021377563, 20961.70401573181, 20292.466163635254, 24306.639671325684, 19370.161533355713, 21192.77596473694, 20704.59008216858, 22464.801788330078, 19431.150913238525, 20407.116651535034, 23119.521379470825, 19698.820114135742, 20930.30834197998, 23468.92261505127, 18996.99354171753, 21092.958450317383, 23695.209980010986, 19677.23560333252, 23262.786626815796, 19717.548370361328, 18445.043563842773, 20426.865816116333, 20319.604635238647, 18145.256757736206, 21872.750759124756, 19505.004167556763, 23928.950309753418, 18270.600080490112, 21653.419733047485, 18196.72417640686, 21182.509183883667, 21090.415716171265, 21002.93755531311, 26136.013984680176, 20383.46028327942, 22355.141639709473, 20446.15125656128, 22168.049573898315, 24007.41410255432, 22489.581823349, 20299.241542816162, 19874.292373657227, 22864.52031135559, 20274.91021156311, 23896.73161506653, 20545.422792434692, 21756.54172897339, 19614.166498184204, 20509.466648101807, 18875.02384185791, 21851.228952407837, 23354.146480560303, 20480.319499969482, 21203.177452087402, 21107.280254364014, 23950.379371643066, 18985.092401504517, 22598.03533554077, 25275.97212791443, 20438.17114830017, 21833.348989486694, 20545.571327209473, 18992.93541908264, 19183.1214427948, 19718.225717544556, 19054.393768310547, 19585.322380065918, 20570.347785949707, 23184.95273590088, 24138.216495513916, 19731.067895889282, 19692.183256149292, 20993.45588684082, 19120.564699172974, 19084.72990989685, 19010.404586791992, 20558.528661727905, 23672.85442352295, 18782.377243041992, 19167.301654815674, 19948.9426612854, 20588.55414390564, 22827.73995399475, 22546.84090614319, 24149.218797683716, 19725.409746170044, 22010.89334487915, 21487.719774246216, 20354.91895675659, 22719.468593597412, 20037.740230560303, 19132.91096687317, 20469.9604511261, 20419.921875, 22657.47857093811, 18509.610652923584, 21345.183849334717, 21272.151470184326, 21109.000205993652, 21178.179025650024, 20557.090282440186, 19751.113891601562, 21331.253051757812, 25533.080339431763, 22023.063898086548, 22393.56780052185, 23603.76262664795, 22042.362689971924, 19768.69487762451, 23347.851753234863, 19884.920358657837, 25350.342988967896, 19233.9186668396, 22730.49235343933, 20618.759393692017, 21234.092235565186, 24379.558324813843, 20434.20696258545, 19267.088890075684, 20488.571882247925, 19248.799324035645, 24022.091388702393, 22741.026878356934, 20994.850397109985, 21451.5700340271, 22534.209728240967, 23437.593698501587, 22759.64617729187, 22752.442598342896, 21311.654806137085, 19735.743284225464, 19190.090894699097, 19708.072900772095, 20620.52273750305, 21513.45205307007, 20546.056509017944, 21238.582849502563, 20176.677942276, 21439.127445220947, 20317.269563674927, 24178.29704284668, 24828.04250717163, 21471.006393432617, 22189.4371509552, 18209.392786026, 22889.568328857422, 21191.4541721344, 23615.020751953125, 24712.49485015869, 23532.424211502075, 21095.29709815979, 24427.846431732178, 21959.77210998535, 23333.742380142212, 27596.26340866089, 22040.607929229736, 20693.454265594482, 22071.284770965576, 21475.13437271118, 20650.115966796875, 21170.196056365967, 18810.731649398804, 22654.756784439087, 19221.234798431396, 19615.91935157776, 19936.070680618286, 21866.335153579712, 21867.230653762817, 