{"pareto_front_1": [[5], [5, 9], [5, 9, 16], [5, 9, 16, 30], [5, 9, 16, 30, 29], [5, 9, 16, 30, 29, 43], [5, 9, 16, 30, 29, 43, 45]], "pareto_front_2": [[2], [2, 4], [2, 4, 21], [2, 4, 21, 24], [2, 4, 21, 24, 25], [2, 4, 21, 24, 25, 27], [2, 4, 21, 24, 25, 27, 34]], "pareto_front_3": [[8], [8, 17], [8, 17, 51]], "pareto_front_4": [[12], [12, 16], [12, 16, 30], [12, 16, 30, 33], [12, 16, 30, 33, 39]], "pareto_front_5": [[9], [9, 18], [9, 18, 21], [9, 18, 21, 23], [9, 18, 21, 23, 25], [9, 18, 21, 23, 25, 33]], "pareto_front_6": [[12], [12, 24], [12, 24, 34], [12, 24, 34, 51]], "pareto_front_7": [[1], [1, 3], [1, 3, 7], [1, 3, 7, 10], [1, 3, 7, 10, 16], [1, 3, 7, 10, 16, 17], [1, 3, 7, 10, 16, 17, 27], [1, 3, 7, 10, 16, 17, 27, 33]], "pareto_front_8": [[15], [15, 16]], "pareto_front_9": [[15], [15, 24], [15, 24, 28], [15, 24, 28, 34], [15, 24, 28, 34, 51]], "pareto_front_10": [[17], [17, 19], [17, 19, 36], [17, 19, 36, 50]], "mean_qpu_run_time(ms)": 22276.756939888, "stdev_qpu_run_time(ms)": 1788.263463679973, "all_qpu_run_times(ms)": [22862.56694793701, 23798.938751220703, 25567.577362060547, 24539.591073989868, 20682.458639144897, 22512.542247772217, 24386.56997680664, 21561.177968978882, 19996.787309646606, 23659.42335128784, 24291.651725769043, 20322.461128234863, 20651.27682685852, 19238.070249557495, 19531.00872039795, 21301.50270462036, 20282.34887123108, 24289.745569229126, 21599.63345527649, 21671.875715255737, 19741.984844207764, 19687.578201293945, 20944.292783737183, 23740.440607070923, 20733.036518096924, 21339.08200263977, 23417.784214019775, 21205.328226089478, 20197.691917419434, 19903.077840805054, 24027.67300605774, 22251.14345550537, 23833.389043807983, 22924.222946166992, 22331.7608833313, 23013.851642608643, 22393.42761039734, 23227.49090194702, 26708.33706855774, 25342.588424682617, 20852.583408355713, 21820.985078811646, 24744.71640586853, 21952.56209373474, 21697.80683517456, 21115.004301071167, 27203.803539276123, 27346.408367156982, 20941.629886627197, 21592.194318771362, 22324.21612739563, 26377.75754928589, 24439.849376678467, 20950.576782226562, 22101.144552230835, 21994.995832443237, 21496.10447883606, 23968.037843704224, 27135.38432121277, 20324.526071548462, 26512.07971572876, 22589.02883529663, 21793.883323669434, 21787.02974319458, 21073.59790802002, 20174.294471740723, 21934.430837631226, 19782.183170318604, 24541.27597808838, 18971.397399902344, 21076.392650604248, 20783.231258392334, 21948.015213012695, 19729.81095314026, 20387.72988319397, 20871.317625045776, 23445.037126541138, 20113.638162612915, 21147.939682006836, 19900.614023208618, 20169.824838638306, 21799.619913101196, 23407.299041748047, 22499.687433242798, 22430.14931678772, 20867.67077445984, 25757.19141960144, 22587.231636047363, 20720.744371414185, 21909.64913368225, 23116.61386489868, 20854.20250892639, 20121.201038360596, 20238.001346588135, 22411.463499069214, 22736.035585403442, 22577.821731567383, 24880.072593688965, 21918.360471725464, 20784.616708755493, 24412.065505981445, 21815.951585769653, 19435.52851676941, 21734.164237976074, 24327.08239555359, 25362.284183502197, 23106.50587081909, 19633.49723815918, 26001.33180618286, 22025.386095046997, 21140.73920249939, 20105.918884277344, 26055.51791191101, 23887.825965881348, 25030.654430389404, 24395.068645477295, 26698.378801345825, 22688.039302825928, 23251.906633377075, 22559.27801132202, 24211.063385009766, 20591.055154800415, 25638.855934143066, 21839.16926383972, 21146.44479751587, 23318.6297416687, 22562.54005432129, 20374.836444854736, 22417.240619659424, 21712.324142456055, 23355.684518814087, 22189.305782318115, 21166.165828704834, 20748.740911483765, 22299.649238586426, 27156.164169311523, 24924.408435821533, 22915.310621261597, 27102.397441864014, 23061.29264831543, 25797.296047210693, 23242.08927154541, 22726.027965545654, 21770.04313468933, 23262.63999938965, 21604.17413711548, 24313.591241836548, 26355.21650314331, 21755.305767059326, 21524.643182754517, 20977.850198745728, 22502.95090675354, 19665.853261947632, 20025.179862976074, 25739.6080493927, 22781.267166137695, 22519.27399635315, 25275.45976638794, 23056.800365447998, 24010.52236557007, 26773.93412590027, 25304.61025238037, 23167.81449317932, 20704.15186882019, 23190.327167510986, 19462.23258972168, 23122.08080291748, 19906.55827522278, 20327.839136123657, 25414.71576690674, 21539.95132446289, 21084.739208221436, 23730.684757232666, 21305.338144302368, 24941.843271255493, 22078.243732452393, 21322.35074043274, 22164.188623428345, 24302.41107940674, 23545.30644416809, 19092.00644493103, 22823.41480255127, 22619.271755218506, 23585.08348464966, 24417.518615722656, 20663.36727142334, 25047.96600341797, 19119.21525001526, 20619.148015975952, 21360.481023788452, 21396.848440170288, 20763.091325759888, 22127.0694732666, 23563.158750534058, 23573.764085769653, 23559.746026992798, 19947.13830947876, 23668.33186149597, 22738.66081237793, 21336.133003234863, 21411.806106567383, 20657.676458358765, 23673.582315444946, 23458.83822441101, 21845.555067062378, 21899.76692199707, 25460.281133651733, 19651.618003845215, 21915.252208709717, 23440.868616104126, 21171.815395355225, 25710.477828979492, 22529.00004386902, 23258.45718383789, 23280.79843521118, 20192.64268875122, 21550.88996887207, 21903.17463874817, 23299.473762512207, 22507.315397262573, 21291.494369506836, 20798.88415336609, 19276.710510253906, 21349.104642868042, 23105.092763900757, 23219.047784805298, 21182.504892349243, 24211.73357963562, 19140.6409740448, 22184.07106399536, 21772.21965789795, 20884.679555892944, 20182.328462600708, 20164.97564315796, 21477.53858566284, 22255.163431167603, 20874.207496643066, 21578.09853553772, 23047.041177749634, 22299.060344696045, 20902.815341949463, 24498.964309692383, 25315.4354095459, 23791.62836074829, 22363.319635391235, 23942.565202713013, 22950.791358947754, 20902.387619018555, 22410.069704055786, 22981.009006500244, 19574.244499206543, 21052.21962928772, 23058.300256729126, 22532.944440841675, 25003.72076034546, 24213.923454284668, 22169.150829315186, 22831.069707870483, 24241.624355316162, 19256.264209747314, 20457.22460746765, 19189.568519592285, 23069.406032562256, 23436.743021011353, 23587.828636169434, 21372.92718887329, 21140.42329788208, 20587.33582496643, 23518.939971923828, 24955.37233352661, 22022.939920425415, 19840.039491653442, 19136.18516921997, 19852.991580963135, 24114.18318748474, 20725.669384002686, 22172.55926132202, 23341.037034988403, 20656.152725219727, 22571.425914764404, 19941.35808944702, 19819.77605819702, 20500.90789794922, 23199.896812438965, 21032.236576080322, 23205.15251159668, 22519.188404083252, 21743.26467514038, 22527.074813842773, 23300.519943237305, 21683.279275894165, 18905.842542648315, 26192.99340248108, 24024.117469787598, 21095.699548721313, 21156.308889389038, 26051.1314868927, 23310.60218811035, 21913.095712661743, 19656.580924987793, 21164.128303527832, 19740.100622177124, 21826.40814781189, 21915.535926818848, 23402.38118171692, 23506.977081298828, 21343.045711517334, 22298.402786254883, 21402.85634994507, 21015.267372131348, 22589.720010757446, 20929.038524627686, 19944.09227371216, 22117.902040481567, 19856.961011886597, 21417.81187057495, 19286.126136779785, 19199.962615966797, 24908.54549407959, 24620.079278945923, 22101.471185684204, 20714.999437332153, 20716.30907058716, 21474.15566444397, 20497.64657020569, 20045.26972770691, 22711.984634399414, 23760.836839675903, 20725.139617919922, 24320.071697235107, 24376.94525718689, 24377.243995666504, 22751.39307975769, 20769.277572631836, 22616.43147468567, 20178.134202957153, 22571.107625961304, 22676.551818847656, 21246.713399887085, 21182.6491355896, 21264.252185821533, 22046.849727630615, 22641.35479927063, 21987.632751464844, 21185.017824172974, 24132.600784301758, 23468.068838119507, 22705.575942993164, 19769.020557403564, 22044.01707649231, 24166.192054748535, 24929.057836532593, 20463.132858276367, 25661.522388458252, 