{"pareto_front_1": [[15], [15, 43]], "pareto_front_2": [[9], [9, 13], [9, 13, 15], [9, 13, 15, 21], [9, 13, 15, 21, 40], [9, 13, 15, 21, 40, 50]], "pareto_front_3": [[13], [13, 47], [13, 47, 51]], "pareto_front_4": [[10], [10, 12], [10, 12, 16], [10, 12, 16, 18], [10, 12, 16, 18, 28], [10, 12, 16, 18, 28, 33], [10, 12, 16, 18, 28, 33, 50], [10, 12, 16, 18, 28, 33, 50, 51]], "pareto_front_5": [[3], [3, 10], [3, 10, 16], [3, 10, 16, 22], [3, 10, 16, 22, 25], [3, 10, 16, 22, 25, 34], [3, 10, 16, 22, 25, 34, 35], [3, 10, 16, 22, 25, 34, 35, 36], [3, 10, 16, 22, 25, 34, 35, 36, 37]], "pareto_front_6": [[16], [16, 21], [16, 21, 28], [16, 21, 28, 42], [16, 21, 28, 42, 46], [16, 21, 28, 42, 46, 47], [16, 21, 28, 42, 46, 47, 50]], "pareto_front_7": [[5], [5, 8], [5, 8, 12], [5, 8, 12, 13], [5, 8, 12, 13, 17], [5, 8, 12, 13, 17, 34]], "pareto_front_8": [[14], [14, 17], [14, 17, 31], [14, 17, 31, 40]], "pareto_front_9": [[4], [4, 21], [4, 21, 26], [4, 21, 26, 51]], "pareto_front_10": [[11], [11, 15], [11, 15, 24], [11, 15, 24, 33], [11, 15, 24, 33, 51]], "mean_qpu_run_time(ms)": 23866.77195596695, "stdev_qpu_run_time(ms)": 1863.2426259750234, "all_qpu_run_times(ms)": [24170.978784561157, 23649.916887283325, 23689.605474472046, 26131.426095962524, 24003.520965576172, 22097.508668899536, 23685.961484909058, 22575.570106506348, 23733.803510665894, 21241.137266159058, 25233.232736587524, 22474.36261177063, 24990.2126789093, 23688.87209892273, 25655.86566925049, 21312.071561813354, 23317.885160446167, 21323.024034500122, 23272.518634796143, 22550.35710334778, 22130.056858062744, 24504.091262817383, 21375.74553489685, 21833.50396156311, 26144.42276954651, 23762.84098625183, 26169.471979141235, 23423.803329467773, 25700.26159286499, 24920.628547668457, 25737.590312957764, 24998.215913772583, 22498.809337615967, 23378.150701522827, 24902.142763137817, 23003.971576690674, 26901.694536209106, 25713.524103164673, 24606.78505897522, 24935.5046749115, 22548.17247390747, 21329.50234413147, 27358.026266098022, 25805.784463882446, 24095.499515533447, 27642.4663066864, 26007.126331329346, 27777.891397476196, 24187.422275543213, 21439.37921524048, 23701.560258865356, 24544.21329498291, 26080.13963699341, 23008.557319641113, 23764.012575149536, 22966.455698013306, 25348.94371032715, 24507.277250289917, 23355.92532157898, 22124.807596206665, 22608.954668045044, 28510.607957839966, 23759.042024612427, 23685.522079467773, 23769.033432006836, 23027.809143066406, 21322.09086418152, 23380.28573989868, 21763.954639434814, 23089.303255081177, 20592.803716659546, 23362.024068832397, 22247.669219970703, 21388.957738876343, 21098.16813468933, 26294.74687576294, 24210.170030593872, 23881.312608718872, 24151.991367340088, 25133.307456970215, 20616.472959518433, 21081.384897232056, 21399.835348129272, 25094.97380256653, 20302.905321121216, 21431.214094161987, 23055.20510673523, 28287.39643096924, 22265.770196914673, 25829.051733016968, 23470.306158065796, 22344.749689102173, 24280.211210250854, 21116.905212402344, 22656.399726867676, 23830.616235733032, 22283.119678497314, 22286.83853149414, 21537.45126724243, 24640.658617019653, 22189.937591552734, 23938.05766105652, 24599.953174591064, 21890.487909317017, 22235.960721969604, 22277.501583099365, 22223.16074371338, 22276.904582977295, 20292.854070663452, 22607.078552246094, 24308.348178863525, 25046.939373016357, 23165.22240638733, 21548.940181732178, 23537.322282791138, 23448.535442352295, 23497.326850891113, 22288.69938850403, 21042.8249835968, 24694.31734085083, 23508.298635482788, 24618.706464767456, 28718.132257461548, 23147.245407104492, 22970.05558013916, 25065.866231918335, 21034.814834594727, 22238.702058792114, 22220.48306465149, 22873.677492141724, 26603.657960891724, 21051.15556716919, 22690.730333328247, 23379.476070404053, 24614.2635345459, 24654.439449310303, 25764.273643493652, 23465.426445007324, 23817.049026489258, 22869.174242019653, 22273.780345916748, 25507.148265838623, 26609.010457992554, 24140.7732963562, 27821.79355621338, 22266.587734222412, 25487.897872924805, 28648.780345916748, 25454.703330993652, 25510.225296020508, 20631.765604019165, 23050.20546913147, 22310.38188934326, 26361.732721328735, 24664.289474487305, 24752.7277469635, 23144.76251602173, 24677.66499519348, 23546.518087387085, 24346.457481384277, 24685.29510498047, 23941.842794418335, 27842.912673950195, 23512.672662734985, 21936.121463775635, 23903.571128845215, 25501.17015838623, 24040.184497833252, 23615.07749557495, 21122.218132019043, 24683.724880218506, 21510.49780845642, 24629.982233047485, 23911.7591381073, 24667.747974395752, 22235.96143722534, 21076.64942741394, 23484.68327522278, 27034.204959869385, 22302.191019058228, 24743.976831436157, 23887.46452331543, 23113.529443740845, 23144.090175628662, 23553.056478500366, 23653.59616279602, 25389.954566955566, 22297.27864265442, 25524.75142478943, 21550.239324569702, 23120.458841323853, 21094.327688217163, 26013.35310935974, 23148.138761520386, 25658.944606781006, 24809.319257736206, 24312.0379447937, 25975.6121635437, 22299.59011077881, 20744.177103042603, 27826.14302635193, 24329.87642288208, 22719.696283340454, 23853.874683380127, 23952.248334884644, 29571.836948394775, 23174.91388320923, 23892.601013183594, 24824.286937713623, 21595.582485198975, 23959.47265625, 21567.01898574829, 23186.25569343567, 22339.788913726807, 25604.12883758545, 24770.89786529541, 23237.447500228882, 22375.942945480347, 22371.341943740845, 23603.932857513428, 22410.475254058838, 23594.76590156555, 22462.373971939087, 26332.01241493225, 22447.646141052246, 24755.35774230957, 23261.754751205444, 26435.96053123474, 22433.368921279907, 20947.457790374756, 24064.6333694458, 24931.63251876831, 22041.250705718994, 20417.32168197632, 22476.40061378479, 22847.617864608765, 24821.529626846313, 22374.332427978516, 26878.060817718506, 20441.630363464355, 22541.33629798889, 21677.20341682434, 26439.62264060974, 21261.340856552124, 22896.770238876343, 23241.03808403015, 23257.323503494263, 27264.167308807373, 27346.578359603882, 27319.36001777649, 24090.392351150513, 27201.164484024048, 24957.958459854126, 22433.46881866455, 21248.459100723267, 27299.998998641968, 24445.064783096313, 24069.130897521973, 25668.03240776062, 23199.426889419556, 22523.741722106934, 25730.53789138794, 21665.86661338806, 22116.33825302124, 26104.771614074707, 22572.83306121826, 21722.434759140015, 21803.518295288086, 24561.03777885437, 22139.066457748413, 25737.86735534668, 24140.90657234192, 24962.175846099854, 21662.137746810913, 22429.051876068115, 28129.28533554077, 22442.360639572144, 23327.3184299469, 25299.45683479309, 22891.88241958618, 27372.923612594604, 22434.476375579834, 22487.97845840454, 22106.64677619934, 25257.622241973877, 27273.486375808716, 24953.06444168091, 22486.705780029297, 23390.310287475586, 23390.488624572754, 20989.75110054016, 25771.73352241516, 24184.62038040161, 22201.475381851196, 22986.553192138672, 22579.146146774292, 24094.304084777832, 30639.599084854126, 23345.972776412964, 22570.693969726562, 24989.718675613403, 22553.81464958191, 25074.42855834961, 25740.05889892578, 23349.117517471313, 24189.60213661194, 24964.89644050598, 24140.084505081177, 24533.64109992981, 25410.39204597473, 25037.304878234863, 24973.809480667114, 22515.127420425415, 24992.194652557373, 23916.725873947144, 20561.901807785034, 21039.916276931763, 23302.525281906128, 24151.535034179688, 20982.869148254395, 21747.689962387085, 27355.50808906555, 23297.125101089478, 23424.0984916687, 25856.43458366394, 22550.544023513794, 21787.75906562805, 24094.71082687378, 21765.974760055542, 22588.88077735901, 21803.996801376343, 32984.450578689575, 22560.889959335327, 25385.565519332886, 23078.503847122192, 24156.479835510254, 25772.157430648804, 26616.234064102173, 23353.28483581543, 24056.557416915894, 23234.616994857788, 23375.123023986816, 22453.19890975952, 25021.995544433594, 24222.19753265381, 23334.408044815063, 26653.74755859375, 26588.008165359497,