{"pareto_front_1": [], "mean_qpu_run_time(ms)": 446.2077522277832, "stdev_qpu_run_time(ms)": 93.737646305341, "all_qpu_run_times(ms)": [425.04143714904785, 423.4461784362793, 430.38320541381836, 478.26409339904785, 429.16202545166016, 434.70025062561035, 428.4536838531494, 436.07020378112793, 429.28051948547363, 430.7427406311035, 428.26056480407715, 423.6116409301758, 519.4942951202393, 498.887300491333, 428.8463592529297, 916.5315628051758, 442.2168731689453, 435.375452041626, 432.6963424682617, 434.70215797424316, 438.0934238433838, 431.3228130340576, 490.60845375061035, 436.6466999053955, 432.8134059906006, 432.3000907897949, 435.2247714996338, 441.8196678161621, 438.5097026824951, 431.1494827270508, 435.57190895080566, 440.60826301574707, 434.93056297302246, 436.4340305328369, 585.521936416626, 556.8368434906006, 429.4257164001465, 429.3630123138428, 435.49609184265137, 436.7940425872803, 427.51407623291016, 431.41841888427734, 445.50347328186035, 448.37403297424316, 445.19734382629395, 429.55827713012695, 433.9134693145752, 47.86038398742676, 429.0432929992676, 436.3670349121094], "mean_pareto_fronts_building_time(ms)": 0.00354766845703125}