{"pareto_front_1": [], "mean_qpu_run_time(ms)": 427.01119899749756, "stdev_qpu_run_time(ms)": 57.20196439779794, "all_qpu_run_times(ms)": [438.46774101257324, 422.1081733703613, 430.0386905670166, 479.40897941589355, 433.22181701660156, 430.44161796569824, 432.04188346862793, 431.7820072174072, 430.3429126739502, 424.8058795928955, 528.1028747558594, 425.75621604919434, 427.95276641845703, 422.61290550231934, 423.5076904296875, 426.9745349884033, 434.95655059814453, 430.0394058227539, 432.3744773864746, 428.85637283325195, 427.3040294647217, 434.7233772277832, 477.19573974609375, 432.4936866760254, 426.24664306640625, 442.17872619628906, 489.5138740539551, 435.49203872680664, 430.6139945983887, 426.6633987426758, 424.1797924041748, 433.11452865600586, 432.8641891479492, 424.4272708892822, 426.0842800140381, 429.87799644470215, 424.99756813049316, 420.025110244751, 427.75893211364746, 429.37374114990234, 435.88948249816895, 436.8929862976074, 428.01642417907715, 434.1168403625488, 429.8229217529297, 428.0383586883545, 427.58727073669434, 53.24077606201172, 425.52685737609863, 422.50561714172363], "mean_pareto_fronts_building_time(ms)": 0.0037336349487304688}