{"pareto_front_1": [], "mean_qpu_run_time(ms)": 469.41290855407715, "stdev_qpu_run_time(ms)": 105.80448793926155, "all_qpu_run_times(ms)": [426.2528419494629, 430.8185577392578, 421.7493534088135, 475.7108688354492, 433.9559078216553, 436.3570213317871, 429.40402030944824, 427.49977111816406, 426.51915550231934, 425.8127212524414, 429.63266372680664, 435.99677085876465, 437.67857551574707, 437.2882843017578, 434.56077575683594, 431.0474395751953, 427.19411849975586, 428.0827045440674, 425.1234531402588, 440.3574466705322, 541.8808460235596, 497.41244316101074, 570.1992511749268, 556.6186904907227, 490.0844097137451, 792.6833629608154, 495.01991271972656, 426.42712593078613, 427.1204471588135, 433.14456939697266, 438.5209083557129, 664.0408039093018, 674.1538047790527, 718.3976173400879, 443.3863162994385, 432.5740337371826, 432.0244789123535, 429.67987060546875, 424.98016357421875, 426.1212348937988, 421.4060306549072, 541.8095588684082, 624.0882873535156, 459.28168296813965, 437.67595291137695, 617.3620223999023, 490.5977249145508, 51.01203918457031, 427.2451400756836, 424.6542453765869], "mean_pareto_fronts_building_time(ms)": 0.003833770751953125}