{"pareto_front_1": [], "mean_qpu_run_time(ms)": 455.91837882995605, "stdev_qpu_run_time(ms)": 96.07049681989774, "all_qpu_run_times(ms)": [432.5730800628662, 445.29175758361816, 667.128324508667, 723.1497764587402, 573.0783939361572, 433.7773323059082, 433.15720558166504, 450.0138759613037, 449.39255714416504, 445.4150199890137, 457.4275016784668, 667.5310134887695, 462.01205253601074, 524.341344833374, 445.8432197570801, 721.8859195709229, 444.1494941711426, 433.7782859802246, 441.20335578918457, 445.1713562011719, 445.73307037353516, 446.52652740478516, 496.5023994445801, 444.32806968688965, 438.0030632019043, 427.731990814209, 436.63573265075684, 430.83691596984863, 424.67641830444336, 425.6861209869385, 426.2878894805908, 430.0234317779541, 425.31347274780273, 426.1786937713623, 426.21874809265137, 424.27778244018555, 427.7806282043457, 424.1061210632324, 420.8955764770508, 423.961877822876, 548.9215850830078, 419.79336738586426, 429.14867401123047, 430.5903911590576, 423.6135482788086, 426.26261711120605, 432.4314594268799, 44.20161247253418, 437.819242477417, 435.11104583740234], "mean_pareto_fronts_building_time(ms)": 0.00362396240234375}