,best_itr,best_fval,best_solution,total_qaoa,total_impact,total_exe,execution_times,final_test_suite_costs,final_failure_rates
0,9,0.04759543888849541,"[0, 0, 0, 0, 0, 1, 1, 1, 1, 0, 0, 0, 0, 1, 1, 1, 0, 0, 1, 1, 1, 1, 1, 1, 0, 1, 0, 1, 1, 1, 0, 0, 0, 1, 1, 1, 1, 1, 1, 1, 0, 1, 1, 0, 0, 0, 1, 1, 1, 0, 1, 1, 1, 1, 1, 1, 0, 1, 1, 1, 1, 1, 0, 1, 1, 1, 1, 1, 1, 1, 1, 1, 0, 0, 0, 0, 0, 0, 0, 0, 0, 0, 0, 1, 0, 0, 0, 0, 0, 0, 1, 0, 0, 0, 0, 0, 0, 0, 0, 0, 0, 0, 0, 0, 0, 0, 0, 0, 0, 1, 0, 0, 1, 0, 1, 1, 0, 0, 0, 0, 0, 0, 0, 0, 0, 0, 1, 0, 0, 0]",444.7154517173767,0.0066297054290771484,819.4770750999451,"[47.33282685279846, 46.012917041778564, 47.111260652542114, 42.96887016296387, 41.257259368896484, 44.75730109214783, 48.07217812538147, 40.67883253097534, 44.2412269115448, 42.289408683776855]","[np.float64(0.09200000000000001), np.float64(0.09200000000000003), np.float64(0.09200000000000003), np.float64(0.08100000000000002), np.float64(0.07600000000000001), np.float64(0.07300000000000001), np.float64(0.07), np.float64(0.07200000000000001), np.float64(0.07500000000000001), np.float64(0.07100000000000001)]","[np.float64(3.9939613526570024), np.float64(4.194444444444441), np.float64(4.565217391304344), np.float64(4.556763285024151), np.float64(4.498792270531397), np.float64(4.477053140096615), np.float64(4.468599033816422), np.float64(4.515700483091785), np.float64(4.577294685990335), np.float64(4.499999999999998)]"
