{"pareto_front_0": [[0], [0, 10], [0, 10, 11], [0, 10, 11, 12], [0, 10, 11, 12, 19]], "pareto_front_1": [[1], [1, 10], [1, 10, 11], [1, 10, 11, 12], [1, 10, 11, 12, 19]], "pareto_front_2": [[0]], "pareto_front_3": [[0], [0, 1], [0, 1, 10], [0, 1, 10, 11], [0, 1, 10, 11, 12], [0, 1, 10, 11, 12, 19]], "pareto_front_4": [[0], [0, 10], [0, 10, 11], [0, 10, 11, 12], [0, 10, 11, 12, 19]], "pareto_front_5": [[1]], "pareto_front_6": [[0]], "pareto_front_7": [[0], [0, 10], [0, 10, 11], [0, 10, 11, 12], [0, 10, 11, 12, 19]], "pareto_front_8": [[1], [1, 10], [1, 10, 11], [1, 10, 11, 12], [1, 10, 11, 12, 19]], "pareto_front_9": [[0], [0, 10], [0, 10, 11], [0, 10, 11, 12], [0, 10, 11, 12, 19]], "mean_qpu_run_time(ms)": 750.1466349551553, "stdev_qpu_run_time(ms)": 397.09770061820547, "all_qpu_run_times(ms)": [517.1704292297363, 416.42165184020996, 1294.3780422210693, 916.5501594543457, 517.8887844085693, 1301.4402389526367, 412.8296375274658, 410.6295108795166, 114.70723152160645, 905.5302143096924, 716.1655426025391, 463.49263191223145, 404.14881706237793, 509.05656814575195, 456.1030864715576, 100.62956809997559, 1319.505214691162, 587.9666805267334, 449.59259033203125, 583.2972526550293, 410.0611209869385, 1294.8389053344727, 601.8664836883545, 600.8312702178955, 155.70950508117676, 468.5342311859131, 519.1736221313477, 598.7594127655029, 599.6315479278564, 518.5770988464355, 69.9918270111084, 77.11029052734375, 473.8953113555908, 47.41191864013672, 41.60714149475098, 237.93387413024902, 96.21834754943848, 1318.6533451080322, 1277.5378227233887, 1289.3435955047607, 1276.8855094909668, 1279.7267436981201, 457.04102516174316, 1323.5645294189453, 1561.821460723877, 904.3116569519043, 714.4434452056885, 601.2444496154785, 908.5323810577393, 715.1670455932617, 910.8164310455322, 910.8877182006836, 913.9928817749023, 912.247896194458, 913.7113094329834, 1291.3339138031006, 1288.3050441741943, 911.2112522125244, 711.95387840271, 604.3975353240967, 719.855546951294, 589.3230438232422, 592.5388336181641, 595.5111980438232, 712.5494480133057, 602.0901203155518, 907.1717262268066, 909.686803817749, 910.60471534729, 1301.879644393921, 1296.2942123413086, 1308.9916706085205, 1306.0190677642822, 1303.8272857666016, 1297.5726127624512, 470.2794551849365, 519.6123123168945, 413.0127429962158, 1298.0244159698486, 906.1133861541748, 523.6132144927979, 1310.0054264068604, 418.0605411529541, 416.3210391998291, 103.86443138122559, 914.0129089355469, 712.5556468963623, 468.17994117736816, 411.2389087677002, 525.1591205596924, 466.58945083618164, 105.1018238067627, 1315.0484561920166, 596.820592880249, 480.52072525024414, 603.2016277313232, 421.5991497039795, 1302.8826713562012, 582.3953151702881, 589.378833770752, 114.64095115661621, 462.19325065612793, 515.4726505279541, 598.0954170227051, 587.317705154419, 516.7958736419678, 83.3439826965332, 87.12339401245117, 460.71743965148926, 43.93625259399414, 57.31320381164551, 223.3712673187256, 80.02281188964844, 335.95991134643555, 1278.6061763763428, 1273.3550071716309, 1291.7225360870361, 1294.1300868988037, 463.46592903137207, 1310.3151321411133, 1294.4941520690918, 902.0602703094482, 715.7895565032959, 590.2130603790283, 908.4298610687256, 705.1935195922852, 904.3130874633789, 905.0841331481934, 903.4633636474609, 903.113603591919, 903.0604362487793, 1279.9458503723145, 1282.0148468017578, 905.2155017852783, 708.491325378418, 592.5796031951904, 708.1127166748047, 590.4386043548584, 596.7295169830322, 597.8507995605469, 706.1729431152344, 880.2900314331055, 898.646354675293, 907.311201095581, 909.2288017272949, 1293.858289718628, 1297.4662780761719, 1298.4330654144287, 1291.262149810791, 1299.3495464324951, 1300.1704216003418, 465.96407890319824, 526.6900062561035, 412.3198986053467, 1300.0357151031494, 908.0410003662109, 515.6831741333008, 1318.4034824371338, 417.94848442077637, 408.9395999908447, 147.14860916137695, 908.7917804718018, 709.7828388214111, 467.21911430358887, 412.1360778808594, 521.1625099182129, 458.62841606140137, 105.94558715820312, 1295.100212097168, 605.534553527832, 472.2270965576172, 607.7878475189209, 428.01451683044434, 1287.0090007781982, 607.1727275848389, 609.1201305389404, 152.47797966003418, 476.03511810302734, 530.5213928222656, 611.1326217651367, 607.4666976928711, 523.3795642852783, 62.52026557922363, 62.342166900634766, 475.68678855895996, 46.15378379821777, 44.86727714538574, 271.67677879333496, 75.01673698425293, 129.70423698425293, 1282.7873229980469, 1288.4957790374756, 1288.9902591705322, 1281.4102172851562, 470.61872482299805, 1280.0581455230713, 1278.1200408935547, 907.9368114471436, 704.8969268798828, 609.3997955322266, 903.5332202911377, 708.9312076568604, 912.0702743530273, 908.7109565734863, 904.2840003967285, 904.0799140930176, 905.9889316558838, 1292.0019626617432, 1286.543607711792, 903.1782150268555, 708.7380886077881, 600.3425121307373, 715.5821323394775, 607.0771217346191, 601.7153263092041, 603.0290126800537, 710.0024223327637, 596.7609882354736, 908.4646701812744, 907.243013381958, 904.0007591247559, 1286.8707180023193, 1276.2696743011475, 1279.271125793457, 1288.0527973175049, 1280.13014793396, 1601.6476154327393, 486.13905906677246, 539.0853881835938, 430.7878017425537, 1292.3853397369385, 912.5244617462158, 524.6284008026123, 1307.1351051330566, 423.39563369750977, 416.11361503601074, 126.26004219055176, 912.3368263244629, 719.9728488922119, 466.7336940765381, 417.1469211578369, 518.6986923217773, 464.97130393981934, 97.16439247131348, 1287.63747215271, 603.853702545166, 467.62585639953613, 595.1762199401855, 416.43452644348145, 1273.9644050598145, 601.9136905670166, 597.5484848022461, 111.67144775390625, 454.32496070861816, 517.7991390228271, 584.3381881713867, 595.8535671234131, 516.1290168762207, 90.49487113952637, 74.46146011352539, 467.0994281768799, 43.01857948303223, 49.14045333862305, 236.5591526031494, 91.91036224365234, 1335.8640670776367, 1292.740821838379, 1294.431209564209, 1286.6168022155762, 1297.0390319824219, 462.03088760375977, 1305.431604385376, 1299.1077899932861, 913.0764007568359, 711.5843296051025, 598.3905792236328, 913.1331443786621, 714.4839763641357, 917.41943359375, 909.4746112823486, 913.3188724517822, 914.7558212280273, 908.2162380218506, 1290.8992767333984, 1289.6003723144531, 912.1119976043701, 707.6566219329834, 596.813440322876, 709.6767425537109, 596.3771343231201, 591.2480354309082, 599.3258953094482, 709.0394496917725, 599.3776321411133, 902.1189212799072, 904.228687286377, 907.1838855743408, 1296.7197895050049, 1292.067527770996, 1295.332670211792, 1294.2330837249756, 1289.4556522369385, 1286.3473892211914, 463.0138874053955, 519.1986560821533, 417.07658767700195, 1279.8357009887695, 903.9919376373291, 516.9429779052734, 1287.3563766479492, 412.10341453552246, 410.0308418273926, 114.38655853271484, 910.4509353637695, 705.4588794708252, 457.29875564575195, 402.7376174926758, 516.610860824585, 470.16048431396484, 93.74046325683594, 1282.3400497436523, 595.0601100921631, 456.14123344421387, 596.4217185974121, 411.14306449890137, 1284.2941284179688, 596.7702865600586, 585.2746963500977, 121.4303970336914, 461.22026443481445, 515.2621269226074, 592.8869247436523, 913.872241973877, 515.1069164276123, 75.75321197509766, 88.95444869995117, 466.0332202911377, 51.52273178100586, 49.436092376708984, 244.4767951965332, 80.97004890441895, 1349.773645401001, 1292.724847793579, 1388.0271911621094, 2059.3950748443604, 1372.0026016235352, 483.48045349121094, 1345.8528518676758, 1338.0649089813232, 939.2218589782715, 723.6607074737549, 611.9744777679443, 923.0413436889648, 716.3066864013672, 906.2745571136475, 918.6556339263916, 911.0076427459717, 908.2493782043457, 911.0078811645508, 1299.5350360870361, 1293.7846183776855, 910.1452827453613, 714.2906188964844, 598.8056659698486, 717.9203033447266, 599.8852252960205, 601.0937690734863, 604.2816638946533, 718.9123630523682, 604.0627956390381, 918.6148643493652, 916.6622161865234, 923.5885143280029, 