{"pareto_front_0": [[1]], "pareto_front_1": [[0], [0, 1]], "pareto_front_2": [[0]], "pareto_front_3": [[1]], "pareto_front_4": [[1]], "pareto_front_5": [[0], [0, 10], [0, 10, 11], [0, 10, 11, 12], [0, 10, 11, 12, 19]], "pareto_front_6": [[1]], "pareto_front_7": [[0]], "pareto_front_8": [[1]], "pareto_front_9": [[1], [1, 10], [1, 10, 11], [1, 10, 11, 12], [1, 10, 11, 12, 19]], "mean_qpu_run_time(ms)": 745.2087479668695, "stdev_qpu_run_time(ms)": 359.4392636085685, "all_qpu_run_times(ms)": [530.4899215698242, 415.76266288757324, 1282.651662826538, 898.1080055236816, 514.4379138946533, 1281.874656677246, 408.48302841186523, 905.6854248046875, 414.5498275756836, 154.56080436706543, 898.2348442077637, 464.9007320404053, 539.0622615814209, 512.7034187316895, 462.66722679138184, 164.9460792541504, 1305.2542209625244, 600.4149913787842, 522.5763320922852, 602.2160053253174, 1285.9947681427002, 596.3654518127441, 591.688871383667, 137.10451126098633, 1279.9432277679443, 459.89489555358887, 516.5154933929443, 591.4912223815918, 595.3660011291504, 588.0818367004395, 460.50500869750977, 97.54800796508789, 407.93490409851074, 462.9995822906494, 46.5242862701416, 55.15480041503906, 268.831729888916, 76.36022567749023, 110.11457443237305, 1269.282579421997, 1287.6102924346924, 1273.9486694335938, 1285.379409790039, 1283.4303379058838, 895.6382274627686, 898.5002040863037, 703.3994197845459, 593.7552452087402, 592.3857688903809, 1275.2857208251953, 898.561954498291, 1278.0835628509521, 1279.9451351165771, 906.4772129058838, 903.8028717041016, 903.8221836090088, 907.7615737915039, 905.5182933807373, 906.6281318664551, 706.1421871185303, 591.9907093048096, 706.1450481414795, 705.3132057189941, 701.7524242401123, 702.9883861541748, 706.6459655761719, 904.1225910186768, 908.8528156280518, 901.3404846191406, 907.7386856079102, 901.7953872680664, 898.1823921203613, 901.9122123718262, 899.9438285827637, 515.0372982025146, 410.5246067047119, 1280.7481288909912, 902.3175239562988, 517.7383422851562, 1446.746826171875, 405.759334564209, 901.2429714202881, 405.5449962615967, 189.8043155670166, 903.4826755523682, 460.30402183532715, 408.22792053222656, 517.521858215332, 459.90753173828125, 194.91219520568848, 1275.6972312927246, 596.8332290649414, 524.3000984191895, 599.4491577148438, 1284.0769290924072, 602.3881435394287, 604.4151782989502, 89.01548385620117, 1288.8669967651367, 469.043493270874, 520.1914310455322, 590.4114246368408, 594.6426391601562, 590.5640125274658, 461.3769054412842, 82.18717575073242, 410.6166362762451, 471.1315631866455, 50.99034309387207, 61.48171424865723, 172.84893989562988, 91.02773666381836, 402.7993679046631, 1281.5940380096436, 1288.588047027588, 1281.1977863311768, 1281.590461730957, 1290.0068759918213, 903.374433517456, 903.7392139434814, 704.7574520111084, 598.3304977416992, 593.7380790710449, 1281.51273727417, 900.853157043457, 1270.644187927246, 1281.949520111084, 906.2442779541016, 901.9606113433838, 902.5552272796631, 905.5981636047363, 906.6493511199951, 899.0340232849121, 711.6081714630127, 594.7422981262207, 714.1895294189453, 703.071117401123, 709.8619937896729, 708.5075378417969, 710.3509902954102, 899.0702629089355, 903.1260013580322, 901.6485214233398, 909.1167449951172, 901.5102386474609, 902.4643898010254, 908.34641456604, 1081.8793773651123, 517.6918506622314, 414.5922660827637, 1272.1335887908936, 905.6360721588135, 520.564079284668, 1285.262107849121, 415.851354598999, 907.2847366333008, 415.438175201416, 214.54501152038574, 904.2544364929199, 462.418794631958, 415.6327247619629, 520.6594467163086, 464.1690254211426, 174.80111122131348, 1281.3427448272705, 593.6682224273682, 516.167163848877, 597.1589088439941, 1289.729118347168, 601.0191440582275, 590.8365249633789, 143.07427406311035, 1292.7501201629639, 453.6764621734619, 518.8384056091309, 594.484806060791, 596.156120300293, 593.9614772796631, 464.0166759490967, 104.52508926391602, 407.96375274658203, 457.57150650024414, 47.06168174743652, 45.250654220581055, 211.52114868164062, 54.078102111816406, 1325.6030082702637, 1294.6803569793701, 1301.1066913604736, 1276.984691619873, 1281.4254760742188, 1297.7681159973145, 901.1304378509521, 904.8702716827393, 708.8532447814941, 599.8594760894775, 596.9886779785156, 1289.9363040924072, 903.5294055938721, 1289.205551147461, 1270.7464694976807, 907.139778137207, 900.7456302642822, 899.7926712036133, 902.8639793395996, 900.9132385253906, 899.8913764953613, 707.2210311889648, 590.2750492095947, 703.9785385131836, 705.0166130065918, 697.4365711212158, 707.758903503418, 709.9790573120117, 907.116174697876, 901.190996170044, 899.3382453918457, 1085.4272842407227, 900.8874893188477, 905.90500831604, 904.4575691223145, 902.7857780456543, 520.6711292266846, 414.35980796813965, 1283.660650253296, 902.0452499389648, 517.2789096832275, 1287.6455783843994, 407.5455665588379, 909.9416732788086, 413.8479232788086, 205.4312229156494, 912.1313095092773, 467.0872688293457, 407.82928466796875, 519.9780464172363, 469.667911529541, 142.9908275604248, 1283.4062576293945, 588.2773399353027, 517.6146030426025, 593.5604572296143, 1290.3969287872314, 588.1261825561523, 597.6998805999756, 132.99059867858887, 1288.7837886810303, 462.94689178466797, 512.1712684631348, 593.3969020843506, 593.9350128173828, 595.109224319458, 458.20140838623047, 103.94430160522461, 400.6388187408447, 461.83276176452637, 44.893503189086914, 49.85547065734863, 197.4947452545166, 89.7369384765625, 1341.3050174713135, 1292.0753955841064, 1290.356159210205, 1276.5090465545654, 1292.639970779419, 1286.8719100952148, 905.8561325073242, 903.3474922180176, 701.3213634490967, 596.198320388794, 591.8223857879639, 1285.7730388641357, 906.6848754882812, 1284.8670482635498, 1288.085699081421, 910.8827114105225, 902.8010368347168, 904.1233062744141, 905.0841331481934, 898.4246253967285, 910.8808040618896, 707.0398330688477, 598.1829166412354, 704.6105861663818, 710.6246948242188, 702.1291255950928, 902.7233123779297, 706.2420845031738, 906.9185256958008, 907.4592590332031, 912.5733375549316, 911.9360446929932, 909.632682800293, 911.0827445983887, 903.0885696411133, 907.6306819915771, 513.7848854064941, 412.0974540710449, 1289.2382144927979, 913.6197566986084, 518.9042091369629, 1297.1811294555664, 413.51842880249023, 910.9406471252441, 410.82286834716797, 182.80696868896484, 908.5934162139893, 462.71681785583496, 411.2396240234375, 516.2456035614014, 458.1117630004883, 185.0731372833252, 1290.5018329620361, 595.5502986907959, 523.6709117889404, 594.2728519439697, 1298.5985279083252, 596.5926647186279, 618.2413101196289, 147.57013320922852, 1332.3783874511719, 461.57050132751465, 528.0129909515381, 604.6943664550781, 597.1159934997559, 598.5426902770996, 472.35107421875, 91.03250503540039, 411.1502170562744, 464.72644805908203, 46.02789878845215, 42.03295707702637, 128.13663482666016, 77.94070243835449, 118.34287643432617, 1284.4467163085938, 1287.142276763916, 1291.8550968170166, 1285.1126194000244, 1290.055513381958, 904.2413234710693, 901.0293483734131, 696.570634841919, 592.6408767700195, 593.2235717773438, 1298.156976699829, 905.9545993804932, 1287.1055603027344, 1288.0840301513672, 903.7094116210938, 904.0460586547852, 905.7903289794922, 903.8598537445068, 904.9458503723145, 900.4781246185303, 706.4740657806396, 596.4052677154541, 707.9899311065674, 698.9610195159912, 915.0214195251465, 707.3912620544434, 707.7453136444092, 910.2375507354736, 911.6148948669434, 908.1711769104004, 911.2236499786377, 913.6440753936768, 911.7312431335449, 910.4595184326172, 905.9491157531738, 519.1216468811035, 411.41486167907715, 1290.2591228485107, 902.3733139038086, 521.8746662139893, 1289.2649173736572, 404.5367240905762, 919.299840927124, 405.850887298584, 199.7852325439453, 907.2384834289551, 463.7284278869629, 412.19568252563477, 516.8197154998779, 463.3605480194092, 156.41164779663086, 1283.071517944336, 596.0259437561035, 515.0735378265381, 601.3929843902588, 1306.701898574829, 591.632604598999, 