{"pareto_front_0": [[2], [2, 3], [2, 3, 5], [2, 3, 5, 7]], "pareto_front_1": [[2], [2, 3], [2, 3, 6], [2, 3, 6, 8]], "pareto_front_2": [[2], [2, 3], [2, 3, 5], [2, 3, 5, 7]], "pareto_front_3": [[2], [2, 3], [2, 3, 4], [2, 3, 4, 5], [2, 3, 4, 5, 6]], "pareto_front_4": [[2], [2, 3], [2, 3, 6]], "pareto_front_5": [[2], [2, 3], [2, 3, 4]], "pareto_front_6": [[2], [2, 3], [2, 3, 4], [2, 3, 4, 6], [2, 3, 4, 6, 7]], "pareto_front_7": [[5], [5, 7]], "pareto_front_8": [[2], [2, 3], [2, 3, 4], [2, 3, 4, 5], [2, 3, 4, 5, 6]], "pareto_front_9": [[2], [2, 3], [2, 3, 4], [2, 3, 4, 5], [2, 3, 4, 5, 6]], "mean_qpu_run_time(ms)": 793.9988410750101, "stdev_qpu_run_time(ms)": 330.6702156649656, "all_qpu_run_times(ms)": [408.72859954833984, 409.6646308898926, 518.6371803283691, 520.7681655883789, 521.5892791748047, 521.3944911956787, 520.6353664398193, 518.7616348266602, 910.9771251678467, 519.7899341583252, 47.220706939697266, 49.99804496765137, 46.68784141540527, 910.895586013794, 908.9260101318359, 909.1119766235352, 905.8666229248047, 904.5960903167725, 906.5148830413818, 517.2595977783203, 470.48497200012207, 417.8287982940674, 419.1248416900635, 419.94237899780273, 417.53649711608887, 520.8206176757812, 708.6312770843506, 403.0039310455322, 516.7319774627686, 518.538236618042, 519.3750858306885, 907.5150489807129, 1439.6767616271973, 1281.4996242523193, 1285.710096359253, 1279.9882888793945, 1284.4429016113281, 1289.5610332489014, 898.4854221343994, 899.9888896942139, 904.7048091888428, 1272.510051727295, 1284.811019897461, 1307.1215152740479, 905.2436351776123, 708.6310386657715, 593.3263301849365, 1281.8706035614014, 1290.367603302002, 1303.7197589874268, 903.7065505981445, 706.784725189209, 586.4205360412598, 703.8486003875732, 593.2350158691406, 1307.251214981079, 1289.7086143493652, 1320.2078342437744, 1799.7989654541016, 1288.7604236602783, 1279.7377109527588, 513.8483047485352, 900.7010459899902, 908.5292816162109, 905.4594039916992, 904.0918350219727, 904.3335914611816, 906.7485332489014, 909.186601638794, 907.0029258728027, 712.5654220581055, 599.6353626251221, 715.3468132019043, 599.3714332580566, 592.4375057220459, 597.3002910614014, 714.0183448791504, 711.064338684082, 912.102222442627, 914.837121963501, 916.7582988739014, 913.6061668395996, 917.2065258026123, 600.0688076019287, 716.1824703216553, 596.6923236846924, 422.0442771911621, 420.1536178588867, 521.120548248291, 522.3593711853027, 519.2761421203613, 519.3955898284912, 517.4033641815186, 519.0901756286621, 916.5215492248535, 521.2855339050293, 39.34812545776367, 40.79461097717285, 44.56329345703125, 904.3381214141846, 902.6930332183838, 908.7626934051514, 908.4353446960449, 906.43310546875, 905.6282043457031, 518.7797546386719, 464.3876552581787, 410.2063179016113, 408.77389907836914, 410.48645973205566, 409.409761428833, 517.8968906402588, 710.2930545806885, 409.94930267333984, 518.3279514312744, 512.6814842224121, 519.2017555236816, 903.7590026855469, 119.9948787689209, 1309.8506927490234, 1291.459560394287, 1301.8150329589844, 1297.3389625549316, 1302.5929927825928, 914.4637584686279, 907.6404571533203, 910.3033542633057, 1295.1240539550781, 1282.7355861663818, 1284.433126449585, 908.4429740905762, 715.3615951538086, 602.0762920379639, 1301.701307296753, 1302.4070262908936, 1301.3179302215576, 911.1919403076172, 717.2646522521973, 602.2787094116211, 714.5328521728516, 600.9347438812256, 1305.2852153778076, 1294.219970703125, 1294.787883758545, 1300.450325012207, 1297.6312637329102, 1300.9779453277588, 522.0687389373779, 907.0751667022705, 910.15625, 906.7223072052002, 910.3865623474121, 903.1646251678467, 900.824785232544, 909.0003967285156, 904.2634963989258, 709.0253829956055, 596.4219570159912, 709.0845108032227, 596.2467193603516, 592.7836894989014, 596.3647365570068, 708.6181640625, 706.8161964416504, 906.099796295166, 903.3992290496826, 903.4261703491211, 902.6913642883301, 902.2276401519775, 595.9944725036621, 710.9766006469727, 593.0075645446777, 410.2051258087158, 414.94202613830566, 518.9135074615479, 515.7647132873535, 511.26694679260254, 519.3402767181396, 518.7687873840332, 519.0250873565674, 899.3639945983887, 519.4118022918701, 51.80716514587402, 44.59428787231445, 48.128604888916016, 903.2845497131348, 909.4803333282471, 907.0413112640381, 904.1662216186523, 903.3973217010498, 905.8659076690674, 521.9922065734863, 457.5765132904053, 408.46824645996094, 406.268835067749, 416.08357429504395, 419.71588134765625, 522.3000049591064, 707.1762084960938, 410.7964038848877, 517.2607898712158, 518.589973449707, 519.3996429443359, 904.3827056884766, 138.2584571838379, 1277.0555019378662, 1294.1856384277344, 1273.7929821014404, 1279.6399593353271, 1283.4486961364746, 1438.3864402770996, 908.8172912597656, 911.8356704711914, 1286.0004901885986, 1297.3616123199463, 1296.4365482330322, 910.8083248138428, 713.493824005127, 598.2620716094971, 1295.7100868225098, 1294.4426536560059, 1298.2382774353027, 914.5886898040771, 718.6858654022217, 605.5059432983398, 713.2258415222168, 603.4820079803467, 1302.459478378296, 1307.8134059906006, 1315.490961074829, 1297.5244522094727, 1318.1006908416748, 1305.778980255127, 535.2106094360352, 921.2727546691895, 910.3424549102783, 910.5849266052246, 908.4968566894531, 916.8262481689453, 916.5840148925781, 913.543701171875, 912.6613140106201, 723.1924533843994, 604.0129661560059, 714.8270606994629, 601.3312339782715, 606.7450046539307, 595.6230163574219, 715.4293060302734, 713.944673538208, 916.6619777679443, 909.1269969940186, 918.121337890625, 912.06955909729, 915.1449203491211, 600.2428531646729, 711.1399173736572, 602.6697158813477, 411.609411239624, 421.0388660430908, 522.0437049865723, 525.2246856689453, 521.939754486084, 525.0058174133301, 519.7772979736328, 524.212121963501, 912.9929542541504, 521.3403701782227, 47.12557792663574, 49.875736236572266, 45.09401321411133, 918.8451766967773, 912.7318859100342, 925.2588748931885, 918.7448024749756, 923.3310222625732, 924.6914386749268, 522.3989486694336, 477.0960807800293, 412.35947608947754, 411.85879707336426, 414.3543243408203, 411.3593101501465, 521.310567855835, 715.0208950042725, 409.4812870025635, 518.0180072784424, 524.3163108825684, 525.8150100708008, 915.5943393707275, 1459.115982055664, 1300.001859664917, 1290.2534008026123, 1279.1922092437744, 1283.8594913482666, 1288.5539531707764, 911.9045734405518, 916.6827201843262, 923.6433506011963, 1303.199052810669, 1307.027816772461, 1304.882287979126, 918.5535907745361, 708.6184024810791, 604.6578884124756, 1286.9420051574707, 1290.7817363739014, 1299.8113632202148, 903.0170440673828, 705.5108547210693, 598.3777046203613, 700.1597881317139, 595.5784320831299, 1286.3802909851074, 1294.215202331543, 1281.064510345459, 1294.691562652588, 1289.031982421875, 1279.1340351104736, 519.4151401519775, 901.2024402618408, 904.5186042785645, 907.1590900421143, 907.6287746429443, 905.7376384735107, 904.5636653900146, 909.8854064941406, 908.9603424072266, 701.0142803192139, 591.6049480438232, 703.1254768371582, 587.6667499542236, 584.7399234771729, 587.5792503356934, 704.228401184082, 699.5425224304199, 904.512882232666, 902.9285907745361, 907.6671600341797, 903.5499095916748, 905.3661823272705, 593.4696197509766, 710.7763290405273, 589.9884700775146, 407.012939453125, 403.31220626831055, 515.740156173706, 524.3322849273682, 521.5198993682861, 516.3238048553467, 512.8560066223145, 512.6886367797852, 904.6330451965332, 514.3120288848877, 44.19517517089844, 44.23689842224121, 45.48048973083496, 906.6884517669678, 905.5936336517334, 904.3865203857422, 902.8830528259277, 902.5280475616455, 1497.8556632995605, 515.5174732208252, 455.41954040527344, 406.766414642334, 407.90414810180664, 404.22558784484863, 402.8918743133545, 511.6260051727295, 698.5659599304199, 403.43236923217773, 516.2336826324463, 516.6904926300049, 516.582727432251, 906.266450881958, 232.77020454406738, 1286.0779762268066, 1291.7265892028809, 1301.7950057983398, 1298.3670234680176, 