{"pareto_front_0": [[2], [2, 3], [2, 3, 5], [2, 3, 5, 8]], "pareto_front_1": [[2], [2, 3], [2, 3, 4], [2, 3, 4, 7]], "pareto_front_2": [[5], [5, 7]], "pareto_front_3": [[5], [5, 6], [5, 6, 8]], "pareto_front_4": [], "pareto_front_5": [[4], [4, 5], [4, 5, 6]], "pareto_front_6": [[6], [6, 8]], "pareto_front_7": [[5]], "pareto_front_8": [[5], [5, 6]], "pareto_front_9": [[5], [5, 7]], "mean_qpu_run_time(ms)": 799.2889345393461, "stdev_qpu_run_time(ms)": 314.75724183574897, "all_qpu_run_times(ms)": [411.14330291748047, 410.12048721313477, 517.7016258239746, 519.3281173706055, 521.7149257659912, 905.3666591644287, 517.6849365234375, 907.0897102355957, 515.6245231628418, 44.800519943237305, 49.73459243774414, 905.3499698638916, 902.308464050293, 903.2864570617676, 906.2333106994629, 905.0884246826172, 463.4277820587158, 410.754919052124, 413.3317470550537, 413.35511207580566, 410.1555347442627, 513.9346122741699, 707.6385021209717, 416.0141944885254, 510.1494789123535, 901.3590812683105, 511.5382671356201, 512.2706890106201, 509.5558166503906, 898.8869190216064, 1228.8784980773926, 1267.8213119506836, 1660.7420444488525, 1271.3992595672607, 1279.8314094543457, 1290.5619144439697, 902.1821022033691, 916.1088466644287, 919.8529720306396, 1308.4206581115723, 1303.6439418792725, 1295.443058013916, 918.0951118469238, 713.5491371154785, 606.025218963623, 915.8785343170166, 910.4394912719727, 910.6020927429199, 712.8515243530273, 600.4350185394287, 708.4400653839111, 593.5254096984863, 1306.403636932373, 1288.6288166046143, 1286.597490310669, 1286.4885330200195, 1288.2287502288818, 1286.4620685577393, 519.3874835968018, 710.9723091125488, 589.653491973877, 907.8097343444824, 916.4993762969971, 912.1682643890381, 914.4923686981201, 908.5724353790283, 913.6078357696533, 913.4018421173096, 923.5589504241943, 718.7583446502686, 593.6286449432373, 718.3291912078857, 720.4418182373047, 600.6484031677246, 600.5291938781738, 599.602222442627, 596.6336727142334, 719.3524837493896, 718.390703201294, 1293.8504219055176, 1290.9579277038574, 717.6635265350342, 604.3252944946289, 911.3314151763916, 718.1532382965088, 413.8529300689697, 412.8835201263428, 514.6706104278564, 521.5644836425781, 520.0390815734863, 905.6799411773682, 518.4292793273926, 911.4580154418945, 519.3619728088379, 43.633222579956055, 48.96402359008789, 911.1294746398926, 907.2537422180176, 901.7815589904785, 905.4245948791504, 906.6085815429688, 455.5184841156006, 403.11717987060547, 403.0160903930664, 405.3046703338623, 405.5213928222656, 515.2881145477295, 713.1366729736328, 406.49962425231934, 519.6752548217773, 906.9094657897949, 518.552303314209, 515.2013301849365, 521.5821266174316, 901.2560844421387, 128.60965728759766, 1265.7718658447266, 1277.3628234863281, 1272.1226215362549, 1279.6213626861572, 1264.7526264190674, 897.0179557800293, 907.3998928070068, 906.3436985015869, 1281.7862033843994, 1268.8453197479248, 1295.0184345245361, 907.0067405700684, 709.8128795623779, 589.2348289489746, 903.6839008331299, 900.2881050109863, 909.6188545227051, 704.108715057373, 588.2894992828369, 1110.2972030639648, 595.2768325805664, 1283.5724353790283, 1282.2973728179932, 1310.692310333252, 1290.6126976013184, 1294.9628829956055, 1427.1667003631592, 539.3786430358887, 722.5184440612793, 608.100414276123, 919.283390045166, 913.2397174835205, 915.398359298706, 913.5043621063232, 909.7933769226074, 919.6383953094482, 922.3344326019287, 915.8895015716553, 711.7202281951904, 601.1559963226318, 719.1667556762695, 723.3929634094238, 589.3371105194092, 588.6015892028809, 587.674617767334, 595.8716869354248, 713.0060195922852, 716.6926860809326, 1289.4201278686523, 1286.1289978027344, 715.5418395996094, 598.442792892456, 910.8266830444336, 713.4559154510498, 415.76218605041504, 414.61873054504395, 516.9117450714111, 518.4862613677979, 520.5883979797363, 911.653995513916, 526.0031223297119, 910.2616310119629, 518.9704895019531, 45.8064079284668, 56.142330169677734, 909.0335369110107, 906.9311618804932, 913.2537841796875, 914.6389961242676, 916.6054725646973, 471.5240001678467, 410.9790325164795, 413.3152961730957, 414.61825370788574, 406.841516494751, 522.8826999664307, 719.5651531219482, 411.14234924316406, 515.6307220458984, 908.5690975189209, 513.7796401977539, 518.7873840332031, 521.507740020752, 915.8649444580078, 133.18538665771484, 1294.5098876953125, 1299.556016921997, 1284.4374179840088, 1284.264326095581, 1281.8958759307861, 903.9976596832275, 905.5039882659912, 900.30837059021, 1291.9480800628662, 1296.250820159912, 1302.0782470703125, 907.8235626220703, 715.8353328704834, 593.4503078460693, 908.6806774139404, 908.8313579559326, 903.7942886352539, 707.4148654937744, 601.0000705718994, 702.5651931762695, 594.1908359527588, 1284.358263015747, 1295.3431606292725, 1294.7852611541748, 1298.0232238769531, 1298.9099025726318, 1303.26509475708, 513.6017799377441, 713.036060333252, 605.243444442749, 902.9459953308105, 902.6522636413574, 898.0491161346436, 901.801347732544, 900.916337966919, 900.4051685333252, 903.770923614502, 908.4887504577637, 708.2133293151855, 594.7182178497314, 703.3326625823975, 700.1943588256836, 592.3974514007568, 589.414119720459, 596.0531234741211, 600.9969711303711, 713.8521671295166, 710.1156711578369, 1265.6984329223633, 1280.1623344421387, 1134.6478462219238, 595.7863330841064, 907.616138458252, 707.2029113769531, 422.23358154296875, 412.86253929138184, 516.0698890686035, 518.5482501983643, 518.6586380004883, 909.4576835632324, 516.8046951293945, 909.4982147216797, 523.1122970581055, 48.1867790222168, 55.79090118408203, 910.3364944458008, 912.6341342926025, 918.7536239624023, 915.6160354614258, 913.2983684539795, 471.9076156616211, 409.75046157836914, 415.3170585632324, 419.7838306427002, 424.4968891143799, 528.2285213470459, 719.6774482727051, 421.2312698364258, 525.5303382873535, 909.419059753418, 532.0611000061035, 520.4360485076904, 523.4706401824951, 905.4501056671143, 141.44158363342285, 1279.726505279541, 1285.8564853668213, 1288.4340286254883, 1281.9228172302246, 1289.3545627593994, 904.815673828125, 911.1237525939941, 906.7299365997314, 1296.8297004699707, 1297.9609966278076, 1298.1419563293457, 911.785364151001, 714.5087718963623, 609.3742847442627, 914.0613079071045, 914.109468460083, 915.0104522705078, 719.106912612915, 598.6931324005127, 726.4456748962402, 607.5620651245117, 1288.2111072540283, 1300.9967803955078, 1281.0511589050293, 1284.355640411377, 1299.4310855865479, 1309.7093105316162, 518.3529853820801, 721.1132049560547, 606.9533824920654, 911.707878112793, 912.8251075744629, 912.8823280334473, 906.06689453125, 904.9479961395264, 909.7466468811035, 912.0237827301025, 905.6437015533447, 705.923318862915, 598.9384651184082, 714.9171829223633, 711.6000652313232, 596.3339805603027, 597.2282886505127, 596.1062908172607, 598.5889434814453, 709.9757194519043, 705.0843238830566, 1285.797357559204, 1284.7449779510498, 703.1373977661133, 594.3105220794678, 896.4271545410156, 696.251630783081, 408.6463451385498, 411.2353324890137, 517.8284645080566, 515.496015548706, 518.4376239776611, 915.247917175293, 524.5730876922607, 907.8259468078613, 513.2372379302979, 43.1971549987793, 49.51977729797363, 907.508134841919, 908.3361625671387, 902.6696681976318, 904.5944213867188, 901.3800621032715, 458.7230682373047, 409.6198081970215, 410.0620746612549, 412.05549240112305, 411.6508960723877, 513.0846500396729, 714.5135402679443, 416.6712760925293, 520.444393157959, 898.5533714294434, 520.9083557128906, 520.5326080322266, 519.5016860961914, 898.8630771636963, 124.50742721557617, 1270.4367637634277, 1282.228946685791, 1270.8840370178223, 1278.4836292266846, 1288.6202335357666, 903.7535190582275, 902.7745723724365, 1358.1268787384033, 1266.8108940124512, 1278.372049331665, 1278.3970832824707, 906.6634178161621, 715.0571346282959, 604.1576862335205, 909.4932079315186, 907.0062637329102, 911.1838340759277, 708.4851264953613, 601.9818782806396, 708.404541015625, 602.3468971252441, 