{"pareto_front_0": [], "pareto_front_1": [], "pareto_front_2": [], "pareto_front_3": [], "pareto_front_4": [], "pareto_front_5": [], "pareto_front_6": [], "pareto_front_7": [], "pareto_front_8": [], "pareto_front_9": [], "mean_qpu_run_time(ms)": 529.8939659045293, "stdev_qpu_run_time(ms)": 254.60176999355284, "all_qpu_run_times(ms)": [487.8246784210205, 57.816267013549805, 1274.3360996246338, 414.2117500305176, 758.1706047058105, 1492.849349975586, 465.14248847961426, 416.5940284729004, 427.46567726135254, 472.4922180175781, 459.7914218902588, 452.3303508758545, 482.59639739990234, 463.01984786987305, 458.2350254058838, 464.59293365478516, 1266.371250152588, 465.3353691101074, 474.7741222381592, 586.885929107666, 519.5596218109131, 470.23868560791016, 458.2042694091797, 411.4408493041992, 414.8447513580322, 463.61827850341797, 520.0755596160889, 416.2590503692627, 413.177490234375, 419.89636421203613, 418.3690547943115, 417.59657859802246, 519.9894905090332, 417.82188415527344, 596.6689586639404, 409.5020294189453, 409.6717834472656, 410.0980758666992, 60.918331146240234, 410.46667098999023, 407.4585437774658, 405.7965278625488, 408.2818031311035, 696.112871170044, 588.4878635406494, 465.9426212310791, 459.78426933288574, 646.364688873291, 701.0161876678467, 706.406831741333, 1273.1084823608398, 1268.7582969665527, 471.39501571655273, 46.05245590209961, 1259.129524230957, 420.73965072631836, 703.8514614105225, 899.709939956665, 467.4112796783447, 405.29847145080566, 408.33330154418945, 463.06419372558594, 471.0540771484375, 455.80506324768066, 454.44679260253906, 464.77484703063965, 454.9541473388672, 465.4116630554199, 1282.8998565673828, 458.7101936340332, 459.72514152526855, 590.8102989196777, 518.3417797088623, 463.61231803894043, 469.8677062988281, 419.86823081970215, 417.69862174987793, 469.1798686981201, 519.0525054931641, 416.46289825439453, 412.3239517211914, 408.6337089538574, 405.4234027862549, 402.45771408081055, 515.5739784240723, 405.7009220123291, 588.3975028991699, 404.3283462524414, 406.66675567626953, 405.53998947143555, 74.32413101196289, 399.51491355895996, 398.38624000549316, 406.1460494995117, 402.6021957397461, 703.0017375946045, 587.8360271453857, 457.74340629577637, 456.1645984649658, 509.88173484802246, 698.7466812133789, 697.213888168335, 1281.4843654632568, 1268.4576511383057, 450.1211643218994, 48.07257652282715, 1270.8203792572021, 398.2696533203125, 690.3197765350342, 888.6802196502686, 447.9691982269287, 400.73418617248535, 400.73132514953613, 448.32468032836914, 453.00960540771484, 451.6472816467285, 451.601505279541, 456.01940155029297, 456.90131187438965, 462.705135345459, 1287.5840663909912, 460.1118564605713, 458.6150646209717, 589.0851020812988, 517.3099040985107, 464.7941589355469, 450.99616050720215, 416.3358211517334, 413.8059616088867, 459.9902629852295, 516.2010192871094, 412.42384910583496, 400.5749225616455, 409.3315601348877, 410.6941223144531, 410.6793403625488, 516.6995525360107, 405.32755851745605, 586.0602855682373, 399.4259834289551, 403.2855033874512, 405.3208827972412, 58.908700942993164, 400.35367012023926, 407.58633613586426, 397.85099029541016, 399.77145195007324, 701.4980316162109, 587.1028900146484, 459.0909481048584, 456.67004585266113, 508.90135765075684, 696.4914798736572, 690.6285285949707, 1281.8353176116943, 1270.6072330474854, 454.28013801574707, 50.97341537475586, 1272.8488445281982, 401.23844146728516, 699.7227668762207, 1041.6271686553955, 454.23007011413574, 403.3784866333008, 408.04338455200195, 458.9817523956299, 458.1027030944824, 458.09173583984375, 460.8781337738037, 460.9723091125488, 457.0443630218506, 456.64072036743164, 1266.742467880249, 458.6181640625, 467.95010566711426, 587.9831314086914, 518.2790756225586, 462.2364044189453, 465.0428295135498, 408.7238311767578, 412.31489181518555, 466.63546562194824, 521.4340686798096, 413.987398147583, 405.7948589324951, 413.73276710510254, 404.83975410461426, 407.4387550354004, 516.5743827819824, 411.0443592071533, 592.2145843505859, 406.65388107299805, 406.27145767211914, 405.5912494659424, 65.68741798400879, 407.8516960144043, 401.6258716583252, 406.57854080200195, 404.8576354980469, 707.2873115539551, 586.8446826934814, 462.30340003967285, 458.6615562438965, 518.3672904968262, 696.465253829956, 701.7507553100586, 1270.0364589691162, 1278.109073638916, 456.13884925842285, 44.64006423950195, 1276.3092517852783, 396.1465358734131, 697.8414058685303, 897.7816104888916, 473.5372066497803, 420.6986427307129, 408.11824798583984, 467.0236110687256, 451.86781883239746, 460.4215621948242, 458.8186740875244, 453.4893035888672, 460.0672721862793, 453.3874988555908, 1271.3494300842285, 463.4242057800293, 457.00764656066895, 592.4227237701416, 517.7717208862305, 449.6021270751953, 458.70161056518555, 404.1440486907959, 407.00507164001465, 459.622859954834, 515.2251720428467, 406.8758487701416, 418.06745529174805, 416.5360927581787, 416.46862030029297, 415.9200191497803, 520.2054977416992, 417.19532012939453, 595.5874919891357, 416.8050289154053, 415.7891273498535, 414.841890335083, 69.15140151977539, 418.0610179901123, 417.79422760009766, 416.276216506958, 409.8033905029297, 695.6524848937988, 583.4190845489502, 452.0695209503174, 450.49595832824707, 511.5017890930176, 696.8536376953125, 694.2079067230225, 1287.6498699188232, 1261.3410949707031, 453.4258842468262, 45.211076736450195, 1266.9055461883545, 397.31431007385254, 693.744421005249, 883.9640617370605, 455.34706115722656, 400.8290767669678, 401.090145111084, 451.9219398498535, 454.56957817077637, 452.5489807128906, 464.83778953552246, 464.1602039337158, 460.61038970947266, 464.37954902648926, 1256.3138008117676, 464.86353874206543, 462.07308769226074, 586.6093635559082, 518.7902450561523, 458.0845832824707, 624.1903305053711, 411.32283210754395, 403.766393661499, 461.6398811340332, 516.9336795806885, 408.0202579498291, 406.3711166381836, 414.28422927856445, 417.1178340911865, 419.16632652282715, 521.4083194732666, 412.0819568634033, 598.6063480377197, 418.5752868652344, 410.8734130859375, 410.51316261291504, 79.34713363647461, 421.10323905944824, 420.38655281066895, 407.57131576538086, 408.8261127471924, 712.9318714141846, 593.0452346801758, 459.9788188934326, 465.46363830566406, 509.56010818481445, 709.6555233001709, 706.4099311828613, 1278.813123703003, 1280.2646160125732, 454.75172996520996, 43.958187103271484, 1287.809133529663, 414.08324241638184, 706.4540386199951, 898.0762958526611, 464.4184112548828, 408.54406356811523, 406.2778949737549, 462.369441986084, 462.399959564209, 458.5905075073242, 463.1175994873047, 460.01434326171875, 458.7728977203369, 458.31751823425293, 1274.8842239379883, 454.63085174560547, 456.5882682800293, 576.9767761230469, 515.3617858886719, 453.6559581756592, 455.27052879333496, 403.63526344299316, 406.8267345428467, 464.1554355621338, 517.8043842315674, 413.33675384521484, 413.39564323425293, 412.9185676574707, 407.21607208251953, 422.4553108215332, 518.195390701294, 409.32154655456543, 587.5990390777588, 398.6382484436035, 410.0675582885742, 405.4403305053711, 59.45634841918945, 396.46244049072266, 401.2274742126465, 404.79469299316406, 407.5794219970703, 704.9989700317383, 583.2786560058594, 458.4012031555176, 456.47525787353516, 513.9260292053223, 698.1351375579834, 696.0885524749756, 1270.3640460968018, 1272.2594738006592, 464.06006813049316, 46.6008186340332, 1263.873815536499, 414.3209457397461, 703.6995887756348, 891.1478519439697, 464.74170684814453, 414.4730567932129, 406.16416931152344, 455.43742179870605, 458.44507217407227, 455.80506324768066, 457.05723762512207, 451.3819217681885, 451.0149955749512, 455.1961421966553, 1269.502878189087, 457.6609134674072, 455.6601047515869, 584.4759941101074, 515.0344371795654, 457.86523818969727, 466.65453910827637, 407.33814239501953, 404.44421768188477, 457.8678607940674, 514.185905456543, 405.53808212280273, 404.89745140075684, 403.9790630340576, 409.93475914001465, 409.17205810546875, 