{"pareto_front_0": [], "pareto_front_1": [], "pareto_front_2": [], "pareto_front_3": [], "pareto_front_4": [], "pareto_front_5": [], "pareto_front_6": [], "pareto_front_7": [], "pareto_front_8": [], "pareto_front_9": [], "mean_qpu_run_time(ms)": 533.7282969401433, "stdev_qpu_run_time(ms)": 256.54040660704374, "all_qpu_run_times(ms)": [459.3086242675781, 58.55560302734375, 1273.7741470336914, 405.7579040527344, 895.0240612030029, 897.2704410552979, 705.7266235351562, 420.69053649902344, 415.38071632385254, 469.8925018310547, 462.68343925476074, 441.1165714263916, 453.4304141998291, 464.8258686065674, 456.64119720458984, 404.9808979034424, 1277.449607849121, 453.66859436035156, 467.1957492828369, 596.3103771209717, 595.3423976898193, 470.39294242858887, 416.3095951080322, 418.8673496246338, 418.19071769714355, 521.9917297363281, 409.32583808898926, 418.74074935913086, 416.51129722595215, 420.6383228302002, 462.1748924255371, 409.0404510498047, 469.0070152282715, 513.8468742370605, 521.3708877563477, 419.10314559936523, 417.4482822418213, 419.4941520690918, 71.33722305297852, 419.53253746032715, 400.2969264984131, 406.292200088501, 407.2744846343994, 581.6445350646973, 588.6332988739014, 514.1777992248535, 513.0903720855713, 411.98015213012695, 698.6582279205322, 703.524112701416, 1285.0263118743896, 1287.649154663086, 456.13598823547363, 51.56207084655762, 1281.7895412445068, 409.8827838897705, 900.1302719116211, 897.5160121917725, 507.3983669281006, 413.4500026702881, 419.8789596557617, 456.4557075500488, 458.36949348449707, 459.5606327056885, 454.29515838623047, 460.21580696105957, 456.88700675964355, 413.2111072540283, 1275.0113010406494, 465.87252616882324, 462.4810218811035, 587.2499942779541, 592.0214653015137, 464.5709991455078, 404.09207344055176, 406.45647048950195, 407.47880935668945, 510.892391204834, 402.4229049682617, 405.48014640808105, 411.9679927825928, 429.4729232788086, 470.69764137268066, 416.8834686279297, 454.3418884277344, 516.6163444519043, 513.1585597991943, 413.6819839477539, 414.05797004699707, 401.7925262451172, 64.01443481445312, 402.1899700164795, 408.3850383758545, 400.6466865539551, 409.09790992736816, 590.329647064209, 596.2998867034912, 516.33620262146, 518.3751583099365, 412.304162979126, 698.9486217498779, 700.4508972167969, 1266.3509845733643, 1282.5663089752197, 465.9271240234375, 41.318655014038086, 1275.9363651275635, 415.8291816711426, 898.2627391815186, 896.5771198272705, 517.2207355499268, 403.77259254455566, 406.86917304992676, 457.4239253997803, 465.3205871582031, 463.6261463165283, 458.5001468658447, 463.8938903808594, 455.06906509399414, 411.9992256164551, 1273.4441757202148, 459.38873291015625, 453.0782699584961, 586.2445831298828, 581.8638801574707, 466.7809009552002, 414.35766220092773, 415.41600227355957, 415.7752990722656, 516.4051055908203, 412.5938415527344, 413.37060928344727, 414.95299339294434, 411.3037586212158, 459.73682403564453, 412.2500419616699, 460.9842300415039, 518.1422233581543, 518.4164047241211, 411.2510681152344, 413.5892391204834, 416.28098487854004, 77.23665237426758, 412.20927238464355, 408.8163375854492, 413.23137283325195, 409.3310832977295, 591.3255214691162, 587.2697830200195, 515.2688026428223, 723.0336666107178, 406.7988395690918, 698.7724304199219, 704.7975063323975, 1269.1662311553955, 1274.864912033081, 462.90016174316406, 46.285390853881836, 1272.3336219787598, 403.98716926574707, 906.8248271942139, 902.6610851287842, 519.6866989135742, 412.7488136291504, 416.35918617248535, 470.9343910217285, 462.86988258361816, 457.0744037628174, 457.2458267211914, 465.2254581451416, 466.63570404052734, 409.4674587249756, 1279.3736457824707, 458.3585262298584, 464.60890769958496, 592.1511650085449, 585.8433246612549, 454.03146743774414, 406.8629741668701, 411.82613372802734, 403.2328128814697, 516.9172286987305, 393.9249515533447, 413.6950969696045, 408.24222564697266, 396.56734466552734, 448.95482063293457, 411.0980033874512, 454.7872543334961, 511.0039710998535, 502.1390914916992, 397.04322814941406, 412.22357749938965, 411.1347198486328, 70.90878486633301, 414.9196147918701, 415.88306427001953, 410.7246398925781, 412.46914863586426, 600.6441116333008, 589.2093181610107, 513.460636138916, 517.2867774963379, 408.9219570159912, 710.5710506439209, 712.033748626709, 1285.2270603179932, 1283.4720611572266, 464.65396881103516, 52.62613296508789, 1283.3209037780762, 415.6379699707031, 890.9597396850586, 895.3602313995361, 516.6137218475342, 412.48607635498047, 402.3280143737793, 468.48320960998535, 460.06298065185547, 459.9449634552002, 459.8672389984131, 467.14138984680176, 456.74729347229004, 404.07705307006836, 1278.7580490112305, 452.47912406921387, 460.99257469177246, 588.47975730896, 581.4464092254639, 453.218936920166, 402.2982120513916, 407.1013927459717, 412.0488166809082, 508.18395614624023, 407.52577781677246, 402.5082588195801, 404.2401313781738, 410.2804660797119, 473.94871711730957, 421.2312698364258, 471.5726375579834, 545.6724166870117, 1115.5462265014648, 428.97677421569824, 420.89366912841797, 419.4190502166748, 74.91135597229004, 417.1278476715088, 411.0591411590576, 411.97991371154785, 411.41748428344727, 594.4840908050537, 596.5611934661865, 510.0233554840088, 518.751859664917, 413.2719039916992, 707.3838710784912, 702.0633220672607, 1296.3404655456543, 1274.6305465698242, 456.0890197753906, 50.88543891906738, 1286.7612838745117, 408.8153839111328, 896.6259956359863, 887.7103328704834, 516.0012245178223, 408.9069366455078, 403.69296073913574, 453.6733627319336, 461.55714988708496, 456.8157196044922, 453.472375869751, 461.69376373291016, 450.46210289001465, 404.12282943725586, 1268.3119773864746, 461.3378047943115, 459.9924087524414, 587.4974727630615, 587.1584415435791, 458.5130214691162, 409.6059799194336, 399.92475509643555, 408.1301689147949, 513.267993927002, 400.6459712982178, 413.7835502624512, 405.0905704498291, 411.18526458740234, 458.3394527435303, 415.32278060913086, 454.7140598297119, 511.20781898498535, 731.8840026855469, 400.5708694458008, 405.0421714782715, 406.7974090576172, 73.69184494018555, 409.3739986419678, 406.42809867858887, 410.16244888305664, 403.8581848144531, 588.3102416992188, 593.1408405303955, 518.5971260070801, 515.0270462036133, 410.70556640625, 706.7794799804688, 702.918291091919, 1269.1457271575928, 1262.5463008880615, 469.77925300598145, 45.15862464904785, 1273.2155323028564, 409.28053855895996, 906.7740440368652, 911.3156795501709, 516.8159008026123, 422.17373847961426, 423.4273433685303, 463.9325141906738, 472.69606590270996, 464.4746780395508, 470.991849899292, 466.60828590393066, 466.39156341552734, 409.8501205444336, 1273.881196975708, 465.5120372772217, 457.4117660522461, 594.1550731658936, 590.6128883361816, 458.52017402648926, 409.7328186035156, 414.165735244751, 412.6303195953369, 517.8816318511963, 401.73983573913574, 410.64929962158203, 412.975549697876, 408.05912017822266, 458.4503173828125, 412.39452362060547, 459.7196578979492, 515.0966644287109, 512.6247406005859, 406.7118167877197, 415.3316020965576, 407.5758457183838, 58.4261417388916, 405.7142734527588, 409.00254249572754, 391.648530960083, 418.3511734008789, 591.0680294036865, 598.9997386932373, 517.8513526916504, 518.735408782959, 401.9896984100342, 706.4766883850098, 705.4445743560791, 1288.4111404418945, 1281.3589572906494, 461.7571830749512, 45.77159881591797, 1279.2363166809082, 400.61330795288086, 900.7062911987305, 897.2170352935791, 514.8956775665283, 410.5567932128906, 404.83832359313965, 466.4742946624756, 469.42830085754395, 463.3467197418213, 459.3970775604248, 467.74911880493164, 452.0280361175537, 400.745153427124, 1272.2585201263428, 449.34844970703125, 458.87017250061035, 589.0233516693115, 589.6880626678467, 455.4259777069092, 402.94337272644043, 409.4550609588623, 410.2907180786133, 512.4096870422363, 400.88868141174316, 404.22797203063965, 399.35779571533203, 403.64599227905273, 457.716703414917, 405.3189754486084, 454.29277420043945, 