{"pareto_front_0": [[3], [3, 4], [3, 4, 5], [3, 4, 5, 7]], "pareto_front_1": [[6]], "pareto_front_2": [[3], [3, 4], [3, 4, 5], [3, 4, 5, 7]], "pareto_front_3": [[6]], "pareto_front_4": [[3], [3, 4], [3, 4, 5], [3, 4, 5, 6]], "pareto_front_5": [[6]], "pareto_front_6": [[3], [3, 4], [3, 4, 5], [3, 4, 5, 7]], "pareto_front_7": [[7]], "pareto_front_8": [[3], [3, 4], [3, 4, 5], [3, 4, 5, 6]], "pareto_front_9": [[7]], "mean_qpu_run_time(ms)": 685.6628932450947, "stdev_qpu_run_time(ms)": 290.843897933383, "all_qpu_run_times(ms)": [63.97509574890137, 706.7539691925049, 461.5187644958496, 405.08222579956055, 469.2883491516113, 510.5853080749512, 413.5410785675049, 405.900239944458, 413.8970375061035, 705.4007053375244, 403.11169624328613, 517.444372177124, 513.6706829071045, 518.8548564910889, 410.24088859558105, 408.4048271179199, 698.096752166748, 516.6606903076172, 455.09815216064453, 698.9905834197998, 589.200496673584, 49.43418502807617, 513.4332180023193, 404.8769474029541, 459.7749710083008, 452.1491527557373, 405.1358699798584, 401.08323097229004, 450.4692554473877, 398.62942695617676, 393.90015602111816, 399.46484565734863, 402.47392654418945, 328.9487361907959, 920.6106662750244, 886.8868350982666, 689.1841888427734, 881.1657428741455, 690.9000873565674, 693.5608386993408, 694.260835647583, 691.6871070861816, 696.2687969207764, 887.3658180236816, 886.1501216888428, 887.5775337219238, 885.2055072784424, 696.5961456298828, 889.8329734802246, 884.8283290863037, 580.463171005249, 581.2833309173584, 575.7324695587158, 587.9514217376709, 581.1195373535156, 1269.7267532348633, 1271.0905075073242, 700.8488178253174, 695.6808567047119, 581.9759368896484, 1536.2648963928223, 1267.6129341125488, 700.5975246429443, 889.0268802642822, 893.6417102813721, 895.9896564483643, 1273.101806640625, 1274.9073505401611, 895.6577777862549, 1284.4603061676025, 1276.094913482666, 709.4318866729736, 709.587812423706, 702.5027275085449, 904.4194221496582, 898.0655670166016, 62.697649002075195, 707.5228691101074, 469.2652225494385, 411.5140438079834, 464.13731575012207, 519.1860198974609, 407.1083068847656, 403.25021743774414, 411.09776496887207, 707.3206901550293, 410.6731414794922, 517.8072452545166, 512.6779079437256, 510.52212715148926, 408.19644927978516, 404.7985076904297, 704.9312591552734, 519.921064376831, 458.4774971008301, 692.8784847259521, 580.6984901428223, 50.92024803161621, 506.65783882141113, 403.40495109558105, 451.08914375305176, 454.16831970214844, 402.64105796813965, 399.0604877471924, 456.4080238342285, 405.0147533416748, 404.7503471374512, 401.9918441772461, 402.1306037902832, 253.1726360321045, 737.2899055480957, 892.7595615386963, 696.9709396362305, 896.2242603302002, 708.3282470703125, 702.0635604858398, 706.489086151123, 700.416088104248, 700.4694938659668, 896.2392807006836, 895.0185775756836, 891.3969993591309, 889.8468017578125, 704.0081024169922, 893.4094905853271, 897.7451324462891, 594.3615436553955, 592.0324325561523, 589.0681743621826, 590.1384353637695, 583.7972164154053, 1266.4611339569092, 1272.317886352539, 699.2206573486328, 703.5641670227051, 585.1480960845947, 1277.7628898620605, 1263.3082866668701, 701.4932632446289, 894.1929340362549, 895.5824375152588, 889.6446228027344, 1272.47953414917, 1269.6402072906494, 898.418664932251, 1279.3774604797363, 1275.785207748413, 700.5681991577148, 703.9518356323242, 698.5831260681152, 895.411491394043, 896.4276313781738, 48.20060729980469, 699.9475955963135, 458.5444927215576, 400.32482147216797, 462.45503425598145, 514.7647857666016, 401.69334411621094, 401.05628967285156, 400.91657638549805, 695.9054470062256, 405.1346778869629, 510.33997535705566, 506.1683654785156, 505.3415298461914, 416.2108898162842, 412.6152992248535, 700.1123428344727, 516.6206359863281, 446.76661491394043, 700.5159854888916, 589.1125202178955, 46.64039611816406, 510.4191303253174, 410.51602363586426, 457.3192596435547, 461.22026443481445, 406.42571449279785, 410.01009941101074, 460.02960205078125, 404.3853282928467, 405.11226654052734, 404.06036376953125, 403.778076171875, 410.3670120239258, 358.8910102844238, 884.2992782592773, 691.925048828125, 888.8504505157471, 699.5961666107178, 692.2082901000977, 703.449010848999, 699.9773979187012, 705.2156925201416, 900.1903533935547, 897.7706432342529, 898.8556861877441, 905.6110382080078, 695.289134979248, 895.9264755249023, 904.7884941101074, 590.0464057922363, 593.0404663085938, 592.7340984344482, 586.6875648498535, 591.4011001586914, 1278.1462669372559, 1272.294044494629, 705.6384086608887, 710.8380794525146, 598.9148616790771, 1284.5659255981445, 1280.2035808563232, 714.7927284240723, 912.1484756469727, 905.9240818023682, 906.4888954162598, 1283.783197402954, 1294.391393661499, 912.2884273529053, 1322.6292133331299, 1299.217700958252, 721.4045524597168, 715.6908512115479, 713.247537612915, 903.7435054779053, 910.5150699615479, 57.631731033325195, 714.2837047576904, 471.9669818878174, 418.8201427459717, 466.61972999572754, 524.9381065368652, 410.4602336883545, 421.8463897705078, 423.28667640686035, 711.1308574676514, 408.3971977233887, 517.411470413208, 516.3543224334717, 528.6610126495361, 413.6662483215332, 408.0467224121094, 702.1255493164062, 513.1371021270752, 457.4253559112549, 705.8031558990479, 578.7394046783447, 50.89998245239258, 512.9427909851074, 415.5452251434326, 459.55872535705566, 458.25695991516113, 407.9108238220215, 407.7565670013428, 479.8870086669922, 421.6427803039551, 420.67956924438477, 409.9884033203125, 421.8583106994629, 385.24436950683594, 1145.2910900115967, 1038.881778717041, 715.935468673706, 909.414529800415, 702.7549743652344, 712.0838165283203, 734.9457740783691, 715.2109146118164, 713.6969566345215, 942.7144527435303, 1213.1445407867432, 1037.858486175537, 916.1074161529541, 779.503345489502, 1561.2552165985107, 914.1042232513428, 603.0471324920654, 587.7501964569092, 598.8056659698486, 590.8715724945068, 647.3383903503418, 1567.5725936889648, 1348.353385925293, 713.6993408203125, 708.397626876831, 594.7651863098145, 1266.268014907837, 1548.5420227050781, 701.1644840240479, 894.0689563751221, 895.8206176757812, 896.8408107757568, 1277.2884368896484, 1278.4085273742676, 897.0322608947754, 1277.726411819458, 1280.0202369689941, 712.2418880462646, 712.0811939239502, 702.6882171630859, 903.0454158782959, 906.7692756652832, 55.414676666259766, 708.2061767578125, 466.3403034210205, 418.1790351867676, 461.38834953308105, 521.111249923706, 416.2561893463135, 410.34579277038574, 410.5396270751953, 703.516960144043, 413.5100841522217, 518.3074474334717, 516.4213180541992, 519.8078155517578, 415.8763885498047, 410.9020233154297, 706.916332244873, 518.5256004333496, 462.67151832580566, 705.7151794433594, 592.6978588104248, 53.43794822692871, 517.894983291626, 411.76366806030273, 466.59255027770996, 464.3232822418213, 406.6488742828369, 413.04540634155273, 465.71922302246094, 411.4687442779541, 417.0515537261963, 415.0261878967285, 411.1368656158447, 254.46057319641113, 517.0657634735107, 894.9038982391357, 706.6638469696045, 899.9416828155518, 705.5764198303223, 697.2560882568359, 705.8050632476807, 701.9448280334473, 710.0832462310791, 897.1779346466064, 905.9700965881348, 907.9201221466064, 901.0469913482666, 703.6392688751221, 902.9505252838135, 902.329683303833, 597.1698760986328, 596.3535308837891, 590.7223224639893, 588.8156890869141, 586.8940353393555, 1286.4348888397217, 1278.4912586212158, 702.7244567871094, 705.1899433135986, 589.6885395050049, 1280.8971405029297, 1273.4653949737549, 700.3517150878906, 898.9899158477783, 897.9442119598389, 901.817798614502, 1284.0006351470947, 1280.226469039917, 894.7088718414307, 1268.6607837677002, 1268.7373161315918, 707.0934772491455, 700.2739906311035, 700.2770900726318, 896.3897228240967, 897.0742225646973, 49.32141304016113, 706.8886756896973, 455.65342903137207, 408.5402488708496, 466.45355224609375, 515.4297351837158, 420.8569526672363, 420.58444023132324, 418.4682369232178, 699.3379592895508, 