,best_itr,best_fval,best_solution,total_qaoa,total_impact,total_exe,execution_times,final_test_suite_costs,final_failure_rates
0,5,0.03678055859034045,"[0, 1, 1, 1, 1, 1, 1, 1, 1, 1, 1, 1, 1, 1, 1, 1, 1, 1, 1, 1, 1, 1, 1, 1, 1, 1, 1, 1, 1, 1, 1, 1, 1, 1, 1, 1, 1, 1, 1, 1, 1, 1, 1, 1, 1, 1, 1, 1, 1, 1, 1, 1, 1, 1, 1, 1, 1, 1, 1, 1, 1, 1, 1, 1, 1, 1, 1, 1, 1, 1, 1, 1, 1, 1, 1, 1, 1, 1, 1, 1, 1, 1, 1, 1, 1, 1, 1, 1, 1, 1, 1, 1, 1, 1, 1, 1, 1, 1, 1, 1, 1, 1, 0, 1, 1, 1, 1, 1, 1, 0, 1, 1, 1, 0, 1, 1, 0, 1, 0, 0, 0, 1, 1, 1, 1, 1, 1, 1, 0, 0, 1, 1, 1, 1, 1, 1, 1, 1, 0, 0, 0, 0, 0, 1, 0, 1, 1, 1, 0, 1, 0, 1, 0, 1, 1, 1, 0, 0, 0, 0, 0, 0, 0, 1, 0, 1, 1, 0, 0, 0, 0, 0, 0, 0, 0, 0, 0, 0, 0, 0, 0, 0, 0, 0, 0, 0, 0, 0, 0, 0, 0, 0, 0, 0, 0, 0, 0, 0, 0, 0, 0, 0, 0, 0, 0, 0, 0, 0, 1, 1, 1, 1, 1, 1, 1, 1, 0, 0, 0, 0, 0, 0, 0, 0, 0, 0, 0, 0, 0, 1, 0, 1, 1, 1, 1, 1, 1, 1, 0, 0, 0, 0, 0, 0, 0, 1, 1, 1, 1, 1, 1, 1, 1, 1, 1, 1, 1, 1, 1, 1, 1, 0, 1, 1, 1, 1, 1, 1, 1, 1, 0, 0, 1, 0, 1, 1, 1, 0, 1, 1, 0, 1, 0, 0, 0, 0, 1, 1, 1, 1, 0, 0, 0, 0, 1, 0, 0, 0, 0, 1, 1, 1, 1, 1, 1, 1]",93.44611239433289,0.028940677642822266,5577.620867967606,"[9.306015968322754, 9.424623489379883, 9.312603950500488, 9.30650520324707, 9.403997898101807, 9.298882722854614, 9.299264430999756, 9.28775668144226, 9.413690090179443, 9.421712636947632]","[np.float64(0.643), np.float64(0.802), np.float64(0.6360000000000001), np.float64(0.6330000000000001), np.float64(0.6380000000000001), np.float64(0.6380000000000001), np.float64(0.6380000000000001), np.float64(0.6380000000000001), np.float64(0.6380000000000001), np.float64(0.6380000000000001)]","[np.float64(3.501998857795537), np.float64(4.104511707595649), np.float64(4.024557395773834), np.float64(4.0611079383209505), np.float64(4.068532267275833), np.float64(4.068532267275833), np.float64(4.068532267275833), np.float64(4.068532267275833), np.float64(4.068532267275833), np.float64(4.068532267275833)]"
