,best_itr,best_fval,best_solution,total_qaoa,total_impact,total_exe,execution_times,final_test_suite_costs,final_failure_rates
0,10,0.08730487287861044,"[0, 1, 0, 1, 1, 1, 0, 1, 1, 1, 1, 1, 1, 1, 1, 1, 1, 1, 1, 1, 1, 1, 1, 1, 1, 0, 1, 1, 1, 1, 1, 1, 1, 1, 1, 0, 0, 0, 1, 1, 1, 1, 1, 1, 0, 0, 0, 0, 0, 0, 1, 1]",238.62150025367737,0.0017933845520019531,261.79576086997986,"[23.46495246887207, 25.479335069656372, 25.01040554046631, 23.80391025543213, 28.616278409957886, 23.15113615989685, 23.734468936920166, 21.197144508361816, 22.52608013153076, 21.63958215713501]","[np.float64(0.006141959999999999), np.float64(0.00700531), np.float64(0.0078357), np.float64(0.008340580000000002), np.float64(0.008888120000000001), np.float64(0.006604969999999999), np.float64(0.00807598), np.float64(0.006756089999999999), np.float64(0.0078329), np.float64(0.00752266)]","[np.float64(2.5294117647058814), np.float64(2.9852941176470575), np.float64(3.4264705882352926), np.float64(3.6911764705882337), np.float64(3.9558823529411744), np.float64(3.3823529411764692), np.float64(3.867647058823527), np.float64(3.470588235294116), np.float64(3.76470588235294), np.float64(3.7352941176470575)]"
