,best_itr,best_fval,best_solution,total_qaoa,total_impact,total_exe,execution_times,final_test_suite_costs,final_failure_rates
0,7,0.05092950095749248,"[0, 0, 0, 0, 0, 1, 1, 1, 1, 0, 0, 0, 0, 1, 1, 1, 0, 0, 1, 1, 1, 1, 1, 1, 0, 1, 0, 1, 1, 1, 0, 0, 0, 1, 1, 1, 1, 1, 1, 1, 0, 1, 1, 0, 0, 0, 1, 1, 1, 0, 1, 1, 1, 1, 1, 1, 0, 1, 1, 1, 1, 1, 0, 1, 1, 1, 1, 1, 1, 1, 1, 1, 0, 0, 0, 0, 0, 0, 0, 0, 0, 0, 0, 0, 0, 1, 0, 0, 0, 0, 0, 0, 0, 0, 0, 0, 0, 0, 0, 0, 0, 0, 0, 0, 0, 0, 0, 1, 0, 0, 1, 0, 1, 0, 0, 0, 0, 0, 0, 0, 0, 0, 0, 0, 0, 0, 1, 0, 0, 0]",31.380621433258057,0.006514787673950195,340.62463998794556,"[3.401298999786377, 3.095668077468872, 3.092355489730835, 3.092864751815796, 3.188232421875, 3.096216917037964, 3.11077880859375, 3.1070523262023926, 3.104694128036499, 3.0979743003845215]","[np.float64(0.09800000000000003), np.float64(0.07900000000000001), np.float64(0.07100000000000001), np.float64(0.063), np.float64(0.064), np.float64(0.065), np.float64(0.066), np.float64(0.066), np.float64(0.066), np.float64(0.066)]","[np.float64(4.611778846153843), np.float64(4.437499999999998), np.float64(4.465144230769228), np.float64(4.408653846153844), np.float64(4.453124999999998), np.float64(4.473557692307691), np.float64(4.495192307692307), np.float64(4.495192307692307), np.float64(4.495192307692307), np.float64(4.495192307692307)]"
