,best_itr,best_fval,best_solution,total_qaoa,total_impact,total_exe,execution_times,final_test_suite_costs,final_failure_rates
0,8,0.08670202473788616,"[0, 1, 0, 1, 1, 1, 0, 1, 1, 1, 1, 1, 1, 1, 1, 1, 1, 1, 1, 1, 1, 1, 1, 1, 1, 1, 0, 1, 1, 1, 1, 1, 1, 1, 1, 0, 0, 0, 1, 1, 1, 1, 1, 1, 1, 0, 1, 0, 0, 0, 1, 1]",227.3606460094452,0.0017099380493164062,249.00303769111633,"[20.182761669158936, 22.344022274017334, 25.51515030860901, 20.554516077041626, 21.869434356689453, 26.168429613113403, 23.323932886123657, 22.226582527160645, 22.99358367919922, 22.183942556381226]","[np.float64(0.00707631), np.float64(0.00790987), np.float64(0.0082473), np.float64(0.008760050000000002), np.float64(0.008620070000000002), np.float64(0.008403700000000002), np.float64(0.0078119700000000005), np.float64(0.008160100000000002), np.float64(0.00705961), np.float64(0.00851655)]","[np.float64(2.676470588235293), np.float64(3.1470588235294104), np.float64(3.3235294117647043), np.float64(3.5882352941176454), np.float64(3.720588235294116), np.float64(3.9264705882352917), np.float64(3.7499999999999987), np.float64(3.9411764705882333), np.float64(3.558823529411763), np.float64(3.9705882352941155)]"
