{"pareto_front_0": [], "pareto_front_1": [], "pareto_front_2": [], "pareto_front_3": [], "pareto_front_4": [], "pareto_front_5": [], "pareto_front_6": [], "pareto_front_7": [], "pareto_front_8": [], "pareto_front_9": [], "mean_qpu_run_time(ms)": 539.1488763002249, "stdev_qpu_run_time(ms)": 257.7994964484895, "all_qpu_run_times(ms)": [498.72374534606934, 50.83942413330078, 1647.9182243347168, 428.43174934387207, 704.6127319335938, 997.9240894317627, 469.8302745819092, 415.40074348449707, 406.1284065246582, 466.780424118042, 472.5966453552246, 467.64373779296875, 469.768762588501, 469.99216079711914, 470.09921073913574, 462.85247802734375, 1276.2765884399414, 465.5954837799072, 472.95665740966797, 597.2700119018555, 520.8098888397217, 461.85803413391113, 466.0208225250244, 412.73951530456543, 409.6817970275879, 552.4041652679443, 546.9112396240234, 422.82724380493164, 421.3693141937256, 422.0716953277588, 418.6711311340332, 413.0215644836426, 517.1360969543457, 411.1299514770508, 592.1812057495117, 408.11634063720703, 413.341760635376, 418.5049533843994, 70.27411460876465, 414.2193794250488, 413.7835502624512, 409.365177154541, 405.9488773345947, 701.0250091552734, 593.4693813323975, 458.8766098022461, 464.65349197387695, 653.1121730804443, 710.1233005523682, 714.003324508667, 1282.0889949798584, 1279.902458190918, 468.4944152832031, 50.05526542663574, 1284.1315269470215, 457.14545249938965, 740.9946918487549, 936.0029697418213, 471.3444709777832, 416.6243076324463, 430.3760528564453, 463.96732330322266, 484.99393463134766, 468.71352195739746, 470.24035453796387, 463.87171745300293, 464.5102024078369, 492.89393424987793, 1346.3413715362549, 493.79801750183105, 479.68053817749023, 625.5311965942383, 520.8079814910889, 470.9742069244385, 479.22563552856445, 424.9765872955322, 412.32776641845703, 458.9366912841797, 511.61861419677734, 411.4418029785156, 420.1488494873047, 411.27824783325195, 413.5768413543701, 413.7237071990967, 514.5375728607178, 404.1769504547119, 624.4938373565674, 428.07459831237793, 424.468994140625, 429.1491508483887, 77.46744155883789, 421.94437980651855, 423.1700897216797, 415.600061416626, 414.12997245788574, 702.2006511688232, 629.7056674957275, 470.6735610961914, 478.95097732543945, 539.0839576721191, 733.9184284210205, 731.5964698791504, 1318.281888961792, 1297.0402240753174, 458.3587646484375, 44.57879066467285, 1297.9316711425781, 409.78121757507324, 702.6412487030029, 913.2554531097412, 470.68095207214355, 423.6462116241455, 416.6121482849121, 464.5850658416748, 469.0701961517334, 469.2680835723877, 465.8339023590088, 466.1881923675537, 477.1993160247803, 475.42834281921387, 1269.639253616333, 462.37897872924805, 478.27672958374023, 600.6679534912109, 519.0651416778564, 463.961124420166, 462.5980854034424, 410.66741943359375, 414.0124320983887, 462.0015621185303, 520.1969146728516, 418.26844215393066, 409.4738960266113, 418.4243679046631, 420.95232009887695, 411.5445613861084, 516.8309211730957, 409.6965789794922, 592.1742916107178, 406.64029121398926, 403.61952781677246, 415.99535942077637, 73.46653938293457, 412.08696365356445, 417.71769523620605, 417.438268661499, 410.79139709472656, 718.0688381195068, 670.6602573394775, 556.6482543945312, 533.7634086608887, 574.9776363372803, 825.0887393951416, 839.8067951202393, 1399.2650508880615, 1296.6620922088623, 487.89334297180176, 46.09799385070801, 1309.4086647033691, 419.844388961792, 722.5680351257324, 913.3670330047607, 626.5978813171387, 431.55717849731445, 466.5708541870117, 524.1575241088867, 562.7601146697998, 555.9890270233154, 520.4310417175293, 486.5896701812744, 481.94289207458496, 468.45436096191406, 1302.7067184448242, 479.4924259185791, 477.9493808746338, 606.205940246582, 542.4087047576904, 477.60772705078125, 469.71726417541504, 421.4918613433838, 410.9687805175781, 471.40955924987793, 538.5537147521973, 411.2584590911865, 421.8776226043701, 420.45116424560547, 415.88544845581055, 418.73621940612793, 521.6093063354492, 406.82029724121094, 614.0346527099609, 414.2870903015137, 430.0835132598877, 418.1017875671387, 70.42980194091797, 409.92259979248047, 407.20391273498535, 411.64422035217285, 414.3493175506592, 712.407112121582, 616.926908493042, 474.23338890075684, 473.45757484436035, 533.210277557373, 715.9135341644287, 708.5728645324707, 1276.5657901763916, 1285.2933406829834, 467.1492576599121, 48.33269119262695, 1280.9853553771973, 414.2014980316162, 715.0235176086426, 901.256799697876, 459.72657203674316, 414.93821144104004, 415.2522087097168, 469.97809410095215, 464.3063545227051, 465.68822860717773, 463.367223739624, 468.6548709869385, 474.02262687683105, 468.6896800994873, 1286.0095500946045, 465.64340591430664, 468.27054023742676, 602.0505428314209, 522.5892066955566, 469.75064277648926, 492.7661418914795, 437.16907501220703, 444.9894428253174, 478.0280590057373, 532.5953960418701, 425.18067359924316, 409.26241874694824, 408.2975387573242, 433.38847160339355, 433.4545135498047, 532.8223705291748, 419.0330505371094, 616.7154312133789, 437.58535385131836, 421.71335220336914, 425.33349990844727, 63.00759315490723, 426.0094165802002, 428.04789543151855, 419.57759857177734, 418.2426929473877, 714.8449420928955, 633.4450244903564, 474.22266006469727, 481.6863536834717, 557.2679042816162, 767.136812210083, 743.4978485107422, 1303.4610748291016, 1274.8703956604004, 463.0448818206787, 45.084238052368164, 1278.1751155853271, 410.11667251586914, 697.6945400238037, 895.8826065063477, 460.07561683654785, 407.51171112060547, 407.3636531829834, 457.8859806060791, 461.7595672607422, 457.8666687011719, 457.0779800415039, 456.5165042877197, 459.5162868499756, 462.66889572143555, 1270.52640914917, 455.9450149536133, 467.3795700073242, 600.9974479675293, 521.4314460754395, 462.45574951171875, 457.69309997558594, 409.50512886047363, 406.1591625213623, 453.812837600708, 507.9960823059082, 413.6166572570801, 415.5154228210449, 413.769006729126, 408.8783264160156, 581.5346240997314, 518.5139179229736, 414.5362377166748, 593.5249328613281, 398.3192443847656, 397.247314453125, 410.72678565979004, 62.06655502319336, 406.79383277893066, 407.4132442474365, 409.7776412963867, 403.0170440673828, 703.2320499420166, 589.7190570831299, 457.29875564575195, 460.65568923950195, 520.5755233764648, 709.3186378479004, 711.8937969207764, 1284.9512100219727, 1278.5189151763916, 468.8594341278076, 50.969600677490234, 1284.5113277435303, 413.5115146636963, 710.2406024932861, 899.5590209960938, 459.4144821166992, 412.68110275268555, 412.8596782684326, 461.80129051208496, 460.54768562316895, 466.77207946777344, 471.660852432251, 460.82186698913574, 462.27192878723145, 467.6015377044678, 1281.4586162567139, 468.2657718658447, 460.18385887145996, 595.961332321167, 525.6288051605225, 466.80569648742676, 460.421085357666, 407.7155590057373, 406.89921379089355, 463.7758731842041, 521.8968391418457, 412.9359722137451, 408.77676010131836, 410.614013671875, 408.99157524108887, 410.28547286987305, 518.4907913208008, 409.8055362701416, 597.2743034362793, 414.05606269836426, 411.99183464050293, 407.93848037719727, 79.75244522094727, 417.2484874725342, 416.41831398010254, 417.1299934387207, 418.5371398925781, 709.4004154205322, 589.15114402771, 465.89112281799316, 460.5405330657959, 519.763708114624, 706.981897354126, 714.6027088165283, 1273.5958099365234, 1271.1095809936523, 460.2470397949219, 44.318199157714844, 1263.451337814331, 410.27331352233887, 701.4014720916748, 902.0659923553467, 456.9048881530762, 399.58643913269043, 404.29139137268066, 460.0543975830078, 461.6584777832031, 462.1543884277344, 459.7904682159424, 463.8254642486572, 462.7842903137207, 464.7955894470215, 1275.0399112701416, 462.2938632965088, 453.65452766418457, 600.2187728881836, 520.7343101501465, 470.11613845825195, 468.78814697265625, 411.6966724395752, 406.7883491516113, 460.7434272766113, 516.5939331054688, 414.66498374938965, 407.81450271606445, 402.65893936157227, 402.84037590026855, 407.4854850769043, 516.838788986206, 