{"pareto_front_0": [], "pareto_front_1": [], "pareto_front_2": [], "pareto_front_3": [], "pareto_front_4": [], "pareto_front_5": [], "pareto_front_6": [], "pareto_front_7": [], "pareto_front_8": [], "pareto_front_9": [], "mean_qpu_run_time(ms)": 534.1482969430776, "stdev_qpu_run_time(ms)": 257.0488158641293, "all_qpu_run_times(ms)": [462.30578422546387, 42.64712333679199, 1282.4676036834717, 418.5831546783447, 898.5440731048584, 898.3697891235352, 513.6322975158691, 416.9025421142578, 416.02635383605957, 452.2824287414551, 470.0493812561035, 461.2009525299072, 463.68408203125, 460.0527286529541, 466.9756889343262, 414.13331031799316, 1279.2561054229736, 466.24016761779785, 469.0525531768799, 600.9664535522461, 591.0818576812744, 453.1664848327637, 404.83808517456055, 408.3669185638428, 402.4388790130615, 514.3575668334961, 399.67846870422363, 607.0358753204346, 404.27494049072266, 408.066987991333, 456.6028118133545, 406.5847396850586, 457.54408836364746, 518.3343887329102, 522.3851203918457, 407.03630447387695, 411.8001461029053, 405.51161766052246, 53.113698959350586, 408.8613986968994, 412.384033203125, 406.965970993042, 409.7292423248291, 593.5626029968262, 600.5420684814453, 510.0693702697754, 525.5870819091797, 404.5422077178955, 707.496166229248, 706.4085006713867, 1287.8718376159668, 1287.5065803527832, 468.2469367980957, 46.66924476623535, 1282.524585723877, 406.7990779876709, 904.1564464569092, 903.3136367797852, 520.1232433319092, 412.65249252319336, 419.4650650024414, 467.21959114074707, 463.60063552856445, 474.60317611694336, 463.40036392211914, 467.4263000488281, 460.94298362731934, 411.91935539245605, 1284.9979400634766, 462.815523147583, 464.10369873046875, 595.3328609466553, 599.8575687408447, 461.63129806518555, 414.10136222839355, 417.2840118408203, 421.9365119934082, 516.4177417755127, 406.2609672546387, 407.9253673553467, 409.989595413208, 408.843994140625, 457.5505256652832, 411.8826389312744, 457.40556716918945, 516.5934562683105, 517.200231552124, 412.1546745300293, 411.29279136657715, 414.2026901245117, 71.46263122558594, 404.21509742736816, 400.9661674499512, 405.9584140777588, 400.8948802947998, 597.8906154632568, 588.1972312927246, 515.4197216033936, 510.92076301574707, 408.0839157104492, 703.0937671661377, 711.1124992370605, 1275.1281261444092, 1281.5299034118652, 463.2139205932617, 51.63240432739258, 1279.329538345337, 406.5358638763428, 894.0250873565674, 895.8070278167725, 512.441873550415, 412.25242614746094, 396.06404304504395, 448.54092597961426, 458.21237564086914, 455.89375495910645, 448.4374523162842, 457.9601287841797, 451.829195022583, 404.4787883758545, 1260.9562873840332, 455.57451248168945, 454.315185546875, 586.921215057373, 584.5632553100586, 449.48267936706543, 403.86223793029785, 409.412145614624, 402.36663818359375, 506.2124729156494, 411.76295280456543, 411.5421772003174, 407.40036964416504, 407.63235092163086, 453.096866607666, 412.7359390258789, 456.32362365722656, 510.3878974914551, 505.5346488952637, 400.67577362060547, 398.2539176940918, 400.1002311706543, 72.7529525756836, 402.5602340698242, 405.6100845336914, 403.87749671936035, 403.93853187561035, 582.8626155853271, 585.3588581085205, 513.2648944854736, 508.1043243408203, 397.6860046386719, 698.1666088104248, 698.4806060791016, 1265.0842666625977, 1265.0337219238281, 453.32860946655273, 46.78082466125488, 1283.8506698608398, 415.7381057739258, 893.6917781829834, 893.6395645141602, 512.3908519744873, 619.9612617492676, 417.6898002624512, 458.65321159362793, 461.362361907959, 460.04319190979004, 460.2227210998535, 457.1831226348877, 455.6879997253418, 406.77380561828613, 1279.4854640960693, 471.70257568359375, 475.8877754211426, 604.865312576294, 601.2406349182129, 461.6961479187012, 416.9173240661621, 410.1543426513672, 413.43045234680176, 524.0721702575684, 412.01138496398926, 411.1216068267822, 415.81130027770996, 413.6958122253418, 471.8515872955322, 409.70897674560547, 461.19070053100586, 520.8415985107422, 522.594690322876, 410.89844703674316, 410.16125679016113, 411.0071659088135, 70.92905044555664, 412.5792980194092, 413.4204387664795, 406.44073486328125, 412.8751754760742, 596.5168476104736, 599.8718738555908, 524.3744850158691, 514.0810012817383, 409.17277336120605, 710.709810256958, 701.7030715942383, 1290.428638458252, 1288.7980937957764, 462.1295928955078, 47.823429107666016, 1276.5758037567139, 411.545991897583, 910.330057144165, 915.327787399292, 522.9840278625488, 415.92860221862793, 416.26477241516113, 474.0774631500244, 471.099853515625, 468.6570167541504, 458.1634998321533, 467.0438766479492, 469.17223930358887, 423.66957664489746, 1297.0895767211914, 470.1952934265137, 472.37706184387207, 598.355770111084, 600.6302833557129, 473.1791019439697, 414.3044948577881, 411.9269847869873, 426.32246017456055, 519.4559097290039, 408.25533866882324, 408.4930419921875, 410.21156311035156, 411.2076759338379, 461.6549015045166, 415.3776168823242, 464.0505313873291, 513.6957168579102, 519.7398662567139, 415.20094871520996, 413.29503059387207, 413.85579109191895, 80.52468299865723, 408.92577171325684, 407.96399116516113, 410.84933280944824, 402.39572525024414, 598.9413261413574, 599.341630935669, 523.2546329498291, 518.986701965332, 410.8152389526367, 695.7237720489502, 698.1143951416016, 1288.9752388000488, 1284.0807437896729, 471.7698097229004, 44.94524002075195, 1278.88822555542, 411.7565155029297, 906.984806060791, 901.8340110778809, 514.9054527282715, 407.1352481842041, 407.0913791656494, 461.3790512084961, 461.1163139343262, 459.07139778137207, 462.7702236175537, 459.71179008483887, 455.0485610961914, 409.14273262023926, 1278.9559364318848, 464.81966972351074, 458.770751953125, 590.5938148498535, 591.660737991333, 459.918737411499, 405.5440425872803, 412.37735748291016, 405.3952693939209, 517.6663398742676, 411.52501106262207, 409.95073318481445, 412.0316505432129, 406.0807228088379, 463.2446765899658, 407.1197509765625, 455.4870128631592, 515.9554481506348, 512.0425224304199, 403.05471420288086, 401.0000228881836, 405.7495594024658, 83.99534225463867, 405.52783012390137, 405.2739143371582, 404.4501781463623, 405.3182601928711, 586.5383148193359, 615.9040927886963, 534.9593162536621, 527.2574424743652, 642.167329788208, 705.146312713623, 705.3170204162598, 1270.5786228179932, 1279.4406414031982, 461.43198013305664, 42.196035385131836, 1278.2716751098633, 412.43958473205566, 902.7135372161865, 900.2788066864014, 520.1218128204346, 419.8346138000488, 413.7735366821289, 460.8750343322754, 459.8531723022461, 460.77728271484375, 469.37108039855957, 467.03052520751953, 466.3398265838623, 409.28149223327637, 1279.5610427856445, 466.8142795562744, 467.40007400512695, 598.8028049468994, 601.0487079620361, 474.8797416687012, 418.03741455078125, 414.49809074401855, 409.2745780944824, 516.5314674377441, 411.58413887023926, 410.5691909790039, 413.8519763946533, 411.41247749328613, 463.5958671569824, 409.2698097229004, 459.60021018981934, 507.37929344177246, 522.4535465240479, 412.51468658447266, 409.39998626708984, 413.12623023986816, 85.42799949645996, 422.5192070007324, 409.29293632507324, 415.738582611084, 414.2494201660156, 596.9934463500977, 604.0148735046387, 524.0018367767334, 524.5997905731201, 420.3336238861084, 713.996171951294, 714.0681743621826, 1258.5859298706055, 1289.5960807800293, 459.1844081878662, 53.77197265625, 1293.445110321045, 425.54259300231934, 902.7163982391357, 901.0510444641113, 521.9094753265381, 424.072265625, 422.72377014160156, 478.4810543060303, 474.7316837310791, 475.45361518859863, 475.06213188171387, 473.9964008331299, 475.37922859191895, 419.94380950927734, 1268.3382034301758, 462.8114700317383, 459.2442512512207, 590.7754898071289, 589.4393920898438, 470.0164794921875, 417.3400402069092, 415.18211364746094, 413.0668640136719, 512.7313137054443, 416.04161262512207, 413.4635925292969, 416.2559509277344, 413.88487815856934, 463.5171890258789, 412.1119976043701, 458.8465690612793, 502.0420551300049, 