{"pareto_front_0": [[6]], "pareto_front_1": [[3], [3, 4], [3, 4, 5], [3, 4, 5, 6]], "pareto_front_2": [[3], [3, 4], [3, 4, 5], [3, 4, 5, 6]], "pareto_front_3": [[3], [3, 4], [3, 4, 5], [3, 4, 5, 7]], "pareto_front_4": [[7]], "pareto_front_5": [[7]], "pareto_front_6": [[3], [3, 4], [3, 4, 5], [3, 4, 5, 7]], "pareto_front_7": [[6]], "pareto_front_8": [[3], [3, 4], [3, 4, 5], [3, 4, 5, 7]], "pareto_front_9": [[7]], "mean_qpu_run_time(ms)": 684.6154510974884, "stdev_qpu_run_time(ms)": 283.82375476402507, "all_qpu_run_times(ms)": [58.81237983703613, 709.4733715057373, 465.1341438293457, 410.3672504425049, 464.7202491760254, 519.2310810089111, 409.78145599365234, 412.5933647155762, 415.4045581817627, 704.5273780822754, 402.40955352783203, 519.0112590789795, 514.9543285369873, 512.0961666107178, 409.5749855041504, 411.7858409881592, 707.0820331573486, 516.4613723754883, 464.2291069030762, 713.9124870300293, 593.4617519378662, 89.97011184692383, 511.28506660461426, 413.90514373779297, 461.2541198730469, 464.12086486816406, 409.73520278930664, 414.5081043243408, 458.42790603637695, 410.14599800109863, 405.66086769104004, 413.0892753601074, 420.64976692199707, 314.8515224456787, 483.80208015441895, 893.6033248901367, 708.5611820220947, 895.1358795166016, 701.554536819458, 709.5558643341064, 712.0857238769531, 708.8227272033691, 705.2338123321533, 894.0644264221191, 890.8731937408447, 888.4241580963135, 895.6074714660645, 702.5241851806641, 896.3906764984131, 892.7507400512695, 587.6584053039551, 589.0095233917236, 589.5733833312988, 591.6204452514648, 584.7921371459961, 1256.831407546997, 1255.9919357299805, 705.0442695617676, 704.1671276092529, 591.1121368408203, 1268.606185913086, 1280.031681060791, 703.6857604980469, 897.4788188934326, 904.9122333526611, 1144.9432373046875, 1266.0260200500488, 1274.8942375183105, 898.2048034667969, 1295.2039241790771, 1288.6173725128174, 717.6427841186523, 715.7351970672607, 708.3117961883545, 905.0130844116211, 908.0331325531006, 54.936885833740234, 712.2974395751953, 467.17023849487305, 417.0236587524414, 469.57945823669434, 527.3497104644775, 413.6343002319336, 418.63417625427246, 420.1056957244873, 704.9136161804199, 410.57372093200684, 517.2488689422607, 520.5790996551514, 519.141435623169, 417.71769523620605, 427.9801845550537, 718.1499004364014, 520.2035903930664, 474.32708740234375, 711.7080688476562, 602.2114753723145, 48.86603355407715, 523.5013961791992, 425.0791072845459, 468.97172927856445, 477.30040550231934, 416.5468215942383, 422.1842288970947, 469.90203857421875, 403.5499095916748, 403.9032459259033, 404.3419361114502, 420.82738876342773, 314.81313705444336, 931.0176372528076, 905.940055847168, 712.8815650939941, 905.8682918548584, 720.8034992218018, 712.7838134765625, 721.7557430267334, 716.7518138885498, 714.5576477050781, 903.0749797821045, 903.7737846374512, 900.4385471343994, 904.1085243225098, 708.5132598876953, 900.2199172973633, 899.0986347198486, 592.2656059265137, 590.193510055542, 585.479736328125, 584.9940776824951, 592.2722816467285, 1270.1597213745117, 1272.8970050811768, 704.1170597076416, 701.1549472808838, 586.946964263916, 1273.0259895324707, 1283.280372619629, 704.186201095581, 900.3992080688477, 895.1892852783203, 897.1710205078125, 1272.9887962341309, 1285.0935459136963, 899.6071815490723, 1270.6422805786133, 1270.9455490112305, 704.1888236999512, 701.4529705047607, 700.9930610656738, 908.4033966064453, 902.0524024963379, 51.91922187805176, 725.1379489898682, 456.4535617828369, 404.50406074523926, 465.1479721069336, 512.4680995941162, 406.80766105651855, 410.3841781616211, 400.41208267211914, 702.0249366760254, 407.95135498046875, 515.1317119598389, 516.1776542663574, 520.3015804290771, 413.01608085632324, 404.15048599243164, 700.0725269317627, 517.2438621520996, 455.4293155670166, 707.1497440338135, 593.491792678833, 51.105499267578125, 520.9736824035645, 407.32502937316895, 459.7735404968262, 737.0696067810059, 411.0395908355713, 404.50191497802734, 453.8226127624512, 403.5158157348633, 403.9161205291748, 414.8895740509033, 407.5658321380615, 331.4692974090576, 912.0228290557861, 898.6070156097412, 710.456371307373, 903.5043716430664, 706.6092491149902, 710.2806568145752, 705.6088447570801, 711.9743824005127, 708.6164951324463, 903.5067558288574, 906.2976837158203, 902.0023345947266, 905.7190418243408, 712.1248245239258, 903.2788276672363, 901.1247158050537, 602.4549007415771, 599.3173122406006, 603.0678749084473, 591.2408828735352, 594.1531658172607, 1297.9786396026611, 1285.935640335083, 713.4580612182617, 711.8265628814697, 596.4267253875732, 1278.9480686187744, 1276.939868927002, 709.0969085693359, 902.099609375, 908.458948135376, 908.6668491363525, 1274.7225761413574, 1283.6685180664062, 903.8774967193604, 1291.919469833374, 1285.2003574371338, 712.5098705291748, 710.6993198394775, 710.9150886535645, 902.2259712219238, 906.94260597229, 70.48249244689941, 712.9476070404053, 459.45000648498535, 408.8749885559082, 462.50295639038086, 518.7351703643799, 411.76819801330566, 411.5462303161621, 406.99315071105957, 698.9014148712158, 414.0279293060303, 525.7096290588379, 520.6410884857178, 515.3563022613525, 414.9901866912842, 406.6483974456787, 709.1906070709229, 516.8347358703613, 454.6949863433838, 708.7173461914062, 581.1283588409424, 45.510053634643555, 510.730504989624, 412.247896194458, 463.75298500061035, 464.6334648132324, 410.4280471801758, 406.19468688964844, 455.08837699890137, 408.3065986633301, 407.06777572631836, 415.4946804046631, 400.91633796691895, 324.0964412689209, 921.0751056671143, 893.0726051330566, 699.3989944458008, 891.9379711151123, 693.5770511627197, 692.4679279327393, 694.1173076629639, 697.2701549530029, 704.355001449585, 889.9216651916504, 890.7084465026855, 894.2317962646484, 887.322187423706, 710.4828357696533, 898.4031677246094, 899.2445468902588, 591.1555290222168, 595.5016613006592, 597.2731113433838, 598.9072322845459, 600.3880500793457, 1253.906488418579, 1267.7013874053955, 709.404706954956, 700.6239891052246, 592.3092365264893, 1561.2843036651611, 1263.5984420776367, 703.2105922698975, 900.1302719116211, 904.4318199157715, 896.6600894927979, 1273.9839553833008, 1282.2635173797607, 904.0968418121338, 1293.222427368164, 1284.6109867095947, 716.9275283813477, 708.4541320800781, 712.7499580383301, 906.5554141998291, 906.0108661651611, 57.04522132873535, 712.029218673706, 468.719482421875, 416.43214225769043, 464.54930305480957, 518.5127258300781, 412.5795364379883, 420.9322929382324, 413.9974117279053, 713.369607925415, 410.78662872314453, 525.0387191772461, 520.6341743469238, 519.3371772766113, 412.52684593200684, 414.3798351287842, 709.5553874969482, 520.6069946289062, 465.1648998260498, 716.9349193572998, 598.4606742858887, 46.9510555267334, 519.4509029388428, 418.8723564147949, 467.64326095581055, 460.45970916748047, 409.6546173095703, 409.6240997314453, 468.641996383667, 410.27092933654785, 416.7921543121338, 414.9622917175293, 414.6285057067871, 341.54558181762695, 925.5244731903076, 903.7482738494873, 715.5029773712158, 905.5023193359375, 726.362943649292, 713.1643295288086, 711.5671634674072, 714.5195007324219, 707.6382637023926, 900.629997253418, 906.2662124633789, 907.5174331665039, 906.2466621398926, 713.0556106567383, 902.0340442657471, 910.1800918579102, 604.9766540527344, 596.1661338806152, 593.2230949401855, 594.3124294281006, 595.0465202331543, 1291.6269302368164, 1276.3779163360596, 707.0684432983398, 705.784797668457, 592.2329425811768, 1285.048007965088, 1289.2179489135742, 706.6895961761475, 899.3425369262695, 895.4060077667236, 895.7805633544922, 1272.2456455230713, 1281.7296981811523, 897.8302478790283, 1272.0458507537842, 1274.7907638549805, 710.2901935577393, 707.4313163757324, 709.7868919372559, 892.08984375, 894.7491645812988, 52.83761024475098, 703.6898136138916, 462.88180351257324, 406.47149085998535, 463.4373188018799, 516.9897079467773, 406.65245056152344, 410.1095199584961, 409.17229652404785, 705.0473690032959, 