{"pareto_front_0": [[3], [3, 4], [3, 4, 5], [3, 4, 5, 7]], "pareto_front_1": [[3], [3, 4], [3, 4, 5], [3, 4, 5, 7], [3, 4, 5, 7, 8]], "pareto_front_2": [[6]], "pareto_front_3": [[3], [3, 4], [3, 4, 5], [3, 4, 5, 7]], "pareto_front_4": [[7]], "pareto_front_5": [[3], [3, 4], [3, 4, 5], [3, 4, 5, 7]], "pareto_front_6": [[7]], "pareto_front_7": [[7]], "pareto_front_8": [[6]], "pareto_front_9": [[3], [3, 4], [3, 4, 5], [3, 4, 5, 7]], "mean_qpu_run_time(ms)": 684.2771636812311, "stdev_qpu_run_time(ms)": 281.83616548194715, "all_qpu_run_times(ms)": [52.253007888793945, 414.7636890411377, 413.51962089538574, 519.0949440002441, 521.6243267059326, 419.3298816680908, 594.7744846343994, 414.89434242248535, 414.99781608581543, 708.4197998046875, 512.7739906311035, 701.7910480499268, 462.9700183868408, 588.4034633636475, 402.9557704925537, 410.9766483306885, 415.29178619384766, 459.37323570251465, 508.76688957214355, 451.5492916107178, 576.3411521911621, 519.5944309234619, 43.411970138549805, 418.55716705322266, 400.48885345458984, 459.28025245666504, 466.4602279663086, 421.08845710754395, 465.1331901550293, 395.5814838409424, 417.41228103637695, 423.60448837280273, 418.87855529785156, 312.93272972106934, 921.4441776275635, 1268.8772678375244, 715.7056331634521, 892.8811550140381, 892.7226066589355, 705.4159641265869, 713.0191326141357, 713.9997482299805, 718.7659740447998, 897.1164226531982, 897.4566459655762, 893.895149230957, 898.8668918609619, 721.2872505187988, 907.1896076202393, 904.2556285858154, 601.9690036773682, 596.8108177185059, 593.1820869445801, 907.3021411895752, 712.5413417816162, 710.2527618408203, 603.5313606262207, 1272.6058959960938, 1273.9381790161133, 706.5951824188232, 905.0390720367432, 904.125452041626, 898.6997604370117, 898.1108665466309, 891.8006420135498, 895.576000213623, 1276.4832973480225, 1284.2788696289062, 906.5961837768555, 1286.4229679107666, 1326.7710208892822, 735.5606555938721, 715.8520221710205, 711.735725402832, 1287.5075340270996, 908.7910652160645, 41.44930839538574, 424.6704578399658, 422.3136901855469, 518.9673900604248, 518.9077854156494, 411.72313690185547, 599.8969078063965, 418.8535213470459, 416.0122871398926, 712.6915454864502, 521.6174125671387, 712.6884460449219, 469.1767692565918, 598.4811782836914, 416.69225692749023, 414.0496253967285, 418.72668266296387, 469.9673652648926, 527.8360843658447, 467.5168991088867, 593.653678894043, 517.8320407867432, 42.417287826538086, 409.5950126647949, 409.1169834136963, 462.63670921325684, 460.08872985839844, 406.17918968200684, 462.7368450164795, 408.13374519348145, 411.0126495361328, 411.5750789642334, 401.2422561645508, 322.0787048339844, 935.4808330535889, 907.8311920166016, 711.683988571167, 913.137674331665, 909.6686840057373, 711.7748260498047, 711.3983631134033, 711.2488746643066, 709.8522186279297, 900.2707004547119, 899.7197151184082, 908.1199169158936, 897.6385593414307, 700.1984119415283, 895.8673477172852, 908.2558155059814, 591.2990570068359, 588.1919860839844, 594.3522453308105, 898.5490798950195, 705.2083015441895, 699.7079849243164, 591.092586517334, 1279.5915603637695, 1281.8379402160645, 705.0986289978027, 893.3939933776855, 897.7601528167725, 900.7658958435059, 899.207592010498, 899.7294902801514, 895.9782123565674, 1287.4176502227783, 1283.630609512329, 892.0047283172607, 1288.2544994354248, 1265.1863098144531, 703.5007476806641, 703.265905380249, 698.8756656646729, 1265.3532028198242, 892.1449184417725, 46.347856521606445, 408.9534282684326, 409.58714485168457, 515.0718688964844, 512.4008655548096, 411.4389419555664, 590.1079177856445, 407.5961112976074, 408.6346626281738, 697.8185176849365, 520.6329822540283, 709.7856998443604, 453.7086486816406, 586.2534046173096, 410.25733947753906, 407.1617126464844, 410.01105308532715, 466.80474281311035, 512.2497081756592, 462.24379539489746, 582.073450088501, 517.0111656188965, 42.33098030090332, 411.85927391052246, 409.9767208099365, 460.01315116882324, 458.8892459869385, 406.56352043151855, 457.8874111175537, 404.5124053955078, 409.4860553741455, 409.2674255371094, 410.53104400634766, 388.3090019226074, 977.292537689209, 889.8074626922607, 701.0283470153809, 892.1084403991699, 888.0963325500488, 701.2217044830322, 704.1940689086914, 697.8750228881836, 700.6711959838867, 914.3595695495605, 904.0119647979736, 904.9053192138672, 902.5075435638428, 707.895040512085, 898.6473083496094, 902.3277759552002, 600.2082824707031, 609.5373630523682, 605.1023006439209, 903.6750793457031, 709.2769145965576, 716.3088321685791, 599.7939109802246, 1277.292251586914, 1321.6989040374756, 711.315393447876, 901.3547897338867, 902.9133319854736, 900.2320766448975, 904.5541286468506, 897.6669311523438, 901.2298583984375, 1274.9340534210205, 1269.0386772155762, 901.2019634246826, 1279.5424461364746, 1273.258924484253, 710.3064060211182, 707.6106071472168, 706.0527801513672, 1279.8078060150146, 907.8066349029541, 53.30228805541992, 413.069486618042, 420.1052188873291, 524.3861675262451, 522.3157405853271, 418.3351993560791, 594.5312976837158, 420.0727939605713, 411.20433807373047, 710.0472450256348, 518.7137126922607, 714.6179676055908, 466.6104316711426, 597.7663993835449, 417.27733612060547, 422.896146774292, 417.6361560821533, 477.8902530670166, 515.568733215332, 461.8663787841797, 595.2274799346924, 519.7873115539551, 46.109914779663086, 421.9624996185303, 423.8243103027344, 475.8591651916504, 462.30483055114746, 426.7563819885254, 469.26307678222656, 415.3861999511719, 418.20836067199707, 417.0515537261963, 408.94126892089844, 348.39534759521484, 95.12209892272949, 903.834342956543, 708.406925201416, 903.254508972168, 901.8476009368896, 710.5028629302979, 706.1011791229248, 703.2675743103027, 705.4977416992188, 901.9153118133545, 898.627519607544, 895.4153060913086, 897.071123123169, 703.4938335418701, 902.0137786865234, 893.4619426727295, 590.8448696136475, 590.5334949493408, 588.7696743011475, 894.5684432983398, 708.2555294036865, 697.4058151245117, 584.4566822052002, 1277.1639823913574, 1270.911693572998, 698.6722946166992, 902.8143882751465, 890.0337219238281, 895.5354690551758, 895.3344821929932, 894.4134712219238, 896.3906764984131, 1278.6002159118652, 1283.5021018981934, 899.6014595031738, 1266.0174369812012, 1278.538703918457, 705.8379650115967, 700.9022235870361, 708.2622051239014, 1274.9524116516113, 895.8113193511963, 42.018890380859375, 404.85143661499023, 411.5796089172363, 514.5251750946045, 516.9203281402588, 405.14397621154785, 595.9265232086182, 414.72315788269043, 411.9572639465332, 701.934814453125, 515.7077312469482, 697.2277164459229, 453.0150890350342, 583.0802917480469, 403.71227264404297, 799.2222309112549, 398.6971378326416, 451.521635055542, 503.659725189209, 462.97597885131836, 586.9941711425781, 516.1786079406738, 46.72741889953613, 408.73193740844727, 414.13402557373047, 461.49516105651855, 458.4352970123291, 407.1238040924072, 459.46455001831055, 406.05759620666504, 404.39581871032715, 402.8820991516113, 402.7893543243408, 418.2424545288086, 113.45815658569336, 888.0782127380371, 698.1141567230225, 901.2160301208496, 895.8704471588135, 705.540657043457, 710.716962814331, 712.8818035125732, 716.7131900787354, 904.9685001373291, 902.8615951538086, 909.1737270355225, 908.3333015441895, 707.8537940979004, 903.9633274078369, 904.0453433990479, 595.8292484283447, 595.4053401947021, 604.194164276123, 914.6416187286377, 709.5355987548828, 714.7519588470459, 604.2382717132568, 1291.351318359375, 1287.6451015472412, 712.9857540130615, 902.085542678833, 904.2885303497314, 896.0509300231934, 905.8678150177002, 894.7277069091797, 897.9651927947998, 1281.14652633667, 1274.9121189117432, 900.6571769714355, 1277.8825759887695, 1273.7822532653809, 702.9154300689697, 706.7487239837646, 707.7701091766357, 1280.7841300964355, 905.5829048156738, 49.10016059875488, 425.33016204833984, 420.9928512573242, 520.9202766418457, 520.3251838684082, 414.54434394836426, 602.4630069732666, 408.46848487854004, 408.1239700317383, 