{"pareto_front_0": [[3], [3, 4], [3, 4, 5], [3, 4, 5, 7]], "pareto_front_1": [[3], [3, 4], [3, 4, 5], [3, 4, 5, 6]], "pareto_front_2": [[3], [3, 4], [3, 4, 5], [3, 4, 5, 7]], "pareto_front_3": [[7]], "pareto_front_4": [[3], [3, 4], [3, 4, 5], [3, 4, 5, 6]], "pareto_front_5": [[7]], "pareto_front_6": [[6]], "pareto_front_7": [[3], [3, 4], [3, 4, 5], [3, 4, 5, 6]], "pareto_front_8": [[7]], "pareto_front_9": [[7]], "mean_qpu_run_time(ms)": 689.799628132268, "stdev_qpu_run_time(ms)": 284.22448405870364, "all_qpu_run_times(ms)": [44.33488845825195, 412.57381439208984, 415.5852794647217, 520.0467109680176, 512.7251148223877, 406.6765308380127, 593.0156707763672, 412.37688064575195, 406.4300060272217, 703.7224769592285, 515.9189701080322, 706.0823440551758, 457.16238021850586, 589.5977020263672, 406.83484077453613, 408.139705657959, 418.0171489715576, 463.2425308227539, 516.7360305786133, 464.33043479919434, 588.2787704467773, 517.033576965332, 50.801992416381836, 410.75658798217773, 418.03908348083496, 460.83903312683105, 455.37304878234863, 409.2280864715576, 457.40413665771484, 412.34588623046875, 410.81857681274414, 404.9217700958252, 407.7155590057373, 352.39315032958984, 932.7993392944336, 899.3487358093262, 700.1509666442871, 898.831844329834, 896.6236114501953, 695.3616142272949, 706.040620803833, 706.367015838623, 698.4865665435791, 894.7789669036865, 896.6419696807861, 894.1154479980469, 895.6472873687744, 693.7546730041504, 1251.314401626587, 899.1985321044922, 594.2025184631348, 590.6903743743896, 591.2618637084961, 905.606746673584, 709.1522216796875, 710.4403972625732, 605.6485176086426, 1274.369478225708, 1268.869400024414, 717.46826171875, 905.8489799499512, 906.8706035614014, 910.5954170227051, 907.4163436889648, 915.4582023620605, 910.0720882415771, 1284.168004989624, 1282.944917678833, 908.4947109222412, 1286.2727642059326, 1287.8048419952393, 710.6020450592041, 707.3862552642822, 707.6091766357422, 1300.6653785705566, 906.6226482391357, 51.7115592956543, 402.58097648620605, 415.85659980773926, 516.9200897216797, 516.8800354003906, 413.44475746154785, 602.0035743713379, 420.81189155578613, 418.118953704834, 699.5267868041992, 511.9452476501465, 709.0694904327393, 465.5594825744629, 604.114294052124, 421.2930202484131, 423.45523834228516, 422.2238063812256, 473.4499454498291, 523.6341953277588, 472.13029861450195, 603.8172245025635, 521.4550495147705, 47.77717590332031, 414.36195373535156, 405.67994117736816, 461.4431858062744, 457.4856758117676, 413.0260944366455, 455.33204078674316, 412.6613140106201, 411.91983222961426, 414.57676887512207, 410.2315902709961, 388.3373737335205, 665.0352478027344, 907.0906639099121, 711.0729217529297, 906.8202972412109, 907.8402519226074, 709.5146179199219, 702.9998302459717, 713.1617069244385, 707.4058055877686, 906.9421291351318, 910.0334644317627, 913.0406379699707, 904.8521518707275, 707.923412322998, 904.7398567199707, 922.6608276367188, 610.4333400726318, 606.102466583252, 607.0120334625244, 909.2490673065186, 703.5729885101318, 701.3669013977051, 601.7227172851562, 1298.915147781372, 1270.8332538604736, 715.6581878662109, 901.4537334442139, 900.5060195922852, 902.6837348937988, 902.2438526153564, 899.1255760192871, 899.6191024780273, 1269.0160274505615, 1264.6064758300781, 896.2664604187012, 1285.7239246368408, 1282.3493480682373, 705.1284313201904, 705.8835029602051, 704.1110992431641, 1281.9507122039795, 900.0144004821777, 51.80525779724121, 407.60040283203125, 405.3061008453369, 518.9976692199707, 520.8041667938232, 407.99999237060547, 591.0773277282715, 416.7635440826416, 414.154052734375, 703.9003372192383, 516.0312652587891, 706.6774368286133, 461.3227844238281, 593.5454368591309, 414.3693447113037, 410.39395332336426, 407.7606201171875, 472.2740650177002, 522.4118232727051, 466.3560390472412, 588.6044502258301, 519.4060802459717, 46.805620193481445, 420.23658752441406, 418.2398319244385, 462.0823860168457, 464.4150733947754, 405.3170680999756, 462.95928955078125, 411.33856773376465, 407.55152702331543, 407.3469638824463, 407.6869487762451, 401.8995761871338, 92.22412109375, 897.1576690673828, 704.8823833465576, 895.1334953308105, 894.3610191345215, 704.8826217651367, 704.5073509216309, 711.1103534698486, 703.7439346313477, 895.6458568572998, 895.449161529541, 900.8114337921143, 1269.7970867156982, 706.5887451171875, 904.0262699127197, 906.7556858062744, 603.9495468139648, 598.2046127319336, 594.0515995025635, 900.5858898162842, 707.050085067749, 708.3003520965576, 601.8576622009277, 1277.5592803955078, 1292.5636768341064, 719.3112373352051, 912.5988483428955, 913.0706787109375, 911.1530780792236, 910.5353355407715, 914.0374660491943, 911.3292694091797, 1298.4578609466553, 1300.2097606658936, 915.3518676757812, 1290.363073348999, 1286.7627143859863, 715.3348922729492, 715.8281803131104, 715.8458232879639, 1300.27437210083, 905.6193828582764, 42.17338562011719, 421.74339294433594, 415.4536724090576, 517.5354480743408, 518.2304382324219, 418.43175888061523, 606.3172817230225, 419.34990882873535, 424.6940612792969, 708.6198329925537, 521.4662551879883, 704.704761505127, 462.74876594543457, 595.3023433685303, 411.1974239349365, 416.3854122161865, 418.43509674072266, 465.70444107055664, 524.2910385131836, 465.134859085083, 600.0804901123047, 520.4882621765137, 53.94792556762695, 416.16082191467285, 422.60241508483887, 476.5646457672119, 474.99656677246094, 426.8779754638672, 477.11992263793945, 427.3970127105713, 425.10485649108887, 425.4288673400879, 422.5647449493408, 414.6409034729004, 942.3384666442871, 910.534143447876, 713.6867046356201, 904.9208164215088, 903.8872718811035, 714.9543762207031, 713.8946056365967, 707.9052925109863, 702.686071395874, 907.355785369873, 904.0091037750244, 904.7138690948486, 906.5120220184326, 709.7263336181641, 903.2213687896729, 902.5840759277344, 590.022087097168, 592.3664569854736, 590.2347564697266, 894.3626880645752, 706.8228721618652, 705.3685188293457, 593.1229591369629, 1276.3285636901855, 1268.6104774475098, 703.7866115570068, 896.4343070983887, 896.6362476348877, 894.585132598877, 897.249698638916, 895.6191539764404, 894.7665691375732, 1279.8893451690674, 1271.272897720337, 895.9023952484131, 1274.6708393096924, 1274.9178409576416, 700.7081508636475, 698.822021484375, 702.0330429077148, 1277.9662609100342, 901.7667770385742, 50.03762245178223, 413.32483291625977, 412.2138023376465, 520.0865268707275, 515.570878982544, 415.00329971313477, 593.0767059326172, 415.99225997924805, 419.15011405944824, 707.7093124389648, 517.8413391113281, 706.2695026397705, 471.1124897003174, 591.2797451019287, 416.7671203613281, 410.1886749267578, 408.48684310913086, 472.597599029541, 517.8787708282471, 470.46709060668945, 597.421407699585, 511.5327835083008, 47.47915267944336, 411.66090965270996, 406.1861038208008, 456.0658931732178, 452.87251472473145, 401.05390548706055, 453.7680149078369, 406.83531761169434, 401.94153785705566, 411.79776191711426, 399.2948532104492, 408.658504486084, 924.5877265930176, 892.9445743560791, 700.2646923065186, 887.5625133514404, 891.789436340332, 696.5594291687012, 693.4647560119629, 1103.8620471954346, 692.9948329925537, 886.9071006774902, 895.0133323669434, 897.8581428527832, 901.2007713317871, 707.7844142913818, 902.813196182251, 903.9435386657715, 596.9526767730713, 599.8358726501465, 597.3410606384277, 909.6002578735352, 714.331865310669, 712.5289440155029, 592.0591354370117, 1295.064926147461, 1291.5170192718506, 708.9250087738037, 904.7720432281494, 922.9164123535156, 969.0532684326172, 931.027889251709, 943.4049129486084, 933.8629245758057, 1358.7069511413574, 1347.3243713378906, 911.6566181182861, 1296.440601348877, 1311.518669128418, 730.0195693969727, 735.1405620574951, 733.6413860321045, 1286.869764328003, 905.4825305938721, 44.385433197021484, 413.10715675354004, 411.6473197937012, 520.9367275238037, 518.1758403778076, 412.8878116607666, 597.9132652282715, 410.98785400390625, 412.85204887390137, 717.3700332641602, 