,best_itr,best_fval,best_solution,total_qaoa,total_impact,total_exe,execution_times,final_test_suite_costs,final_failure_rates
0,1,0.15033774276597758,"[1, 1, 1, 1, 1, 1, 0, 0, 0, 1, 1, 1, 0, 1, 1, 1, 0, 0, 0, 0, 1, 0, 0, 1, 1, 1, 0, 0, 0, 1, 0, 0, 1, 1, 1, 0, 0, 0, 1, 1, 0, 1, 0, 1, 1, 0, 0, 0, 0, 0, 1, 1]",1.6191961765289307,0.0002071857452392578,1.6395411491394043,[1.61940336227417],[np.float64(0.006104259999999999)],[np.float64(2.6323529411764692)]
