{"pareto_front_0": [], "pareto_front_1": [], "pareto_front_2": [], "pareto_front_3": [], "pareto_front_4": [], "pareto_front_5": [], "pareto_front_6": [], "pareto_front_7": [], "pareto_front_8": [], "pareto_front_9": [], "mean_qpu_run_time(ms)": 525.1009326714736, "stdev_qpu_run_time(ms)": 253.29452948466775, "all_qpu_run_times(ms)": [478.2290458679199, 48.84910583496094, 1249.1788864135742, 409.7766876220703, 696.7425346374512, 886.9802951812744, 460.11924743652344, 398.76556396484375, 410.3364944458008, 456.312894821167, 465.18707275390625, 463.5627269744873, 468.8303470611572, 464.14899826049805, 450.4673480987549, 446.3305473327637, 1283.3490371704102, 454.32448387145996, 466.0344123840332, 585.8218669891357, 504.84395027160645, 458.9724540710449, 456.6476345062256, 405.7276248931885, 403.0294418334961, 450.9875774383545, 506.5000057220459, 403.3329486846924, 404.17957305908203, 403.62024307250977, 401.4420509338379, 398.52046966552734, 511.6870403289795, 404.388427734375, 583.8878154754639, 404.22868728637695, 392.5211429595947, 397.4618911743164, 65.66619873046875, 394.7939872741699, 403.47766876220703, 392.75097846984863, 397.0975875854492, 822.7107524871826, 581.139087677002, 447.1704959869385, 444.69499588012695, 502.429723739624, 691.105842590332, 696.5696811676025, 1279.731273651123, 1264.6498680114746, 455.1506042480469, 43.06316375732422, 1277.1177291870117, 411.7765426635742, 699.9900341033936, 895.9965705871582, 445.80674171447754, 397.6399898529053, 390.64884185791016, 451.6797065734863, 445.25957107543945, 449.4295120239258, 446.1967945098877, 443.36628913879395, 447.3414421081543, 446.1958408355713, 1261.5153789520264, 445.57857513427734, 457.8747749328613, 587.7234935760498, 513.9045715332031, 450.5743980407715, 452.43072509765625, 394.98162269592285, 399.3685245513916, 459.57446098327637, 515.3684616088867, 411.24749183654785, 402.45723724365234, 410.51197052001953, 407.07874298095703, 405.06434440612793, 508.21471214294434, 404.4926166534424, 579.6661376953125, 401.31163597106934, 403.7752151489258, 402.45580673217773, 63.45033645629883, 402.86993980407715, 403.7041664123535, 399.28412437438965, 400.67005157470703, 696.9280242919922, 582.655668258667, 450.61659812927246, 444.1995620727539, 504.49180603027344, 694.1583156585693, 703.1228542327881, 1253.8084983825684, 1272.2153663635254, 461.72499656677246, 37.59908676147461, 1259.6654891967773, 402.85348892211914, 702.9714584350586, 891.8545246124268, 452.2368907928467, 400.1476764678955, 402.56261825561523, 442.873477935791, 447.7865695953369, 454.76484298706055, 456.37965202331543, 448.11320304870605, 452.0390033721924, 454.16808128356934, 1280.0977230072021, 443.05896759033203, 450.5648612976074, 577.1410465240479, 508.96143913269043, 459.9628448486328, 442.3208236694336, 398.5116481781006, 391.9086456298828, 452.84128189086914, 505.9993267059326, 400.7282257080078, 406.41164779663086, 399.2486000061035, 401.5178680419922, 399.81746673583984, 506.73580169677734, 402.33826637268066, 585.0422382354736, 409.5635414123535, 407.8409671783447, 409.3341827392578, 57.575225830078125, 412.9650592803955, 401.14307403564453, 412.6698970794678, 404.6337604522705, 700.1047134399414, 581.6805362701416, 453.204870223999, 452.1763324737549, 508.01587104797363, 694.7848796844482, 694.4108009338379, 1405.721664428711, 1250.5989074707031, 456.8297863006592, 44.757843017578125, 1277.4500846862793, 401.106595993042, 697.2713470458984, 889.6961212158203, 463.66167068481445, 401.3104438781738, 400.1917839050293, 460.5584144592285, 453.22299003601074, 459.5165252685547, 463.442325592041, 463.6659622192383, 463.5815620422363, 464.6599292755127, 1252.5088787078857, 467.44751930236816, 457.93771743774414, 586.754322052002, 511.2147331237793, 454.6048641204834, 453.45211029052734, 403.9576053619385, 403.1100273132324, 454.82587814331055, 512.3071670532227, 394.397497177124, 396.98147773742676, 397.6931571960449, 403.2163619995117, 390.4719352722168, 511.98697090148926, 395.8280086517334, 577.7766704559326, 403.02276611328125, 400.4664421081543, 398.5781669616699, 64.91851806640625, 400.3024101257324, 412.68110275268555, 414.9613380432129, 408.7376594543457, 706.0439586639404, 578.8443088531494, 453.6867141723633, 450.2079486846924, 510.0288391113281, 696.9811916351318, 699.4185447692871, 1279.909610748291, 1303.0288219451904, 455.97290992736816, 48.71177673339844, 1265.5673027038574, 397.9682922363281, 697.8192329406738, 891.3826942443848, 452.2442817687988, 409.2438220977783, 401.0779857635498, 454.6043872833252, 452.0833492279053, 449.16296005249023, 457.87811279296875, 465.4660224914551, 459.84864234924316, 455.23905754089355, 1273.0462551116943, 448.3006000518799, 453.83548736572266, 573.3163356781006, 509.1104507446289, 441.0097599029541, 449.8920440673828, 405.0557613372803, 403.50985527038574, 455.8994770050049, 512.7239227294922, 397.1126079559326, 407.2000980377197, 400.28834342956543, 405.5643081665039, 407.0429801940918, 519.2663669586182, 412.02759742736816, 584.1984748840332, 411.099910736084, 411.32664680480957, 404.18267250061035, 78.6280632019043, 400.81286430358887, 406.44001960754395, 404.1314125061035, 407.41562843322754, 694.2479610443115, 582.3016166687012, 450.8676528930664, 459.39064025878906, 512.1088027954102, 694.3521499633789, 693.8233375549316, 1267.5955295562744, 1288.0139350891113, 460.629940032959, 50.84228515625, 1431.4427375793457, 399.90758895874023, 693.0108070373535, 889.9691104888916, 461.4977836608887, 400.3939628601074, 416.7048931121826, 463.7725353240967, 456.5908908843994, 448.70758056640625, 462.19682693481445, 458.21452140808105, 462.9392623901367, 465.1908874511719, 1268.8727378845215, 462.1539115905762, 469.2533016204834, 596.383810043335, 520.6730365753174, 462.0513916015625, 462.033748626709, 408.19334983825684, 408.51712226867676, 452.2392749786377, 515.1245594024658, 405.47919273376465, 403.7601947784424, 399.69921112060547, 400.82764625549316, 402.13847160339355, 510.0443363189697, 404.52122688293457, 581.9547176361084, 401.85070037841797, 409.77025032043457, 399.3268013000488, 60.45413017272949, 396.3897228240967, 403.4731388092041, 402.3592472076416, 395.80488204956055, 687.7946853637695, 593.0156707763672, 457.4108123779297, 446.5954303741455, 501.6944408416748, 698.0860233306885, 698.0185508728027, 1282.0861339569092, 1286.6392135620117, 453.0820846557617, 45.62807083129883, 1284.7485542297363, 402.70113945007324, 696.5000629425049, 901.3991355895996, 463.52624893188477, 405.5311679840088, 407.23276138305664, 462.2683525085449, 448.6074447631836, 459.42234992980957, 460.3161811828613, 455.9311866760254, 454.6835422515869, 459.70964431762695, 1273.2880115509033, 453.62281799316406, 458.2841396331787, 582.8745365142822, 508.35537910461426, 455.09934425354004, 450.99782943725586, 401.9927978515625, 406.91304206848145, 453.36174964904785, 507.1871280670166, 402.96292304992676, 407.47904777526855, 397.1865177154541, 387.51745223999023, 395.69592475891113, 522.4835872650146, 418.6818599700928, 595.9365367889404, 488.24095726013184, 440.04344940185547, 412.8127098083496, 60.85705757141113, 409.0728759765625, 403.6846160888672, 406.0361385345459, 399.31249618530273, 695.554256439209, 586.6081714630127, 463.77038955688477, 455.66487312316895, 511.854887008667, 702.725887298584, 697.2014904022217, 1285.5448722839355, 1269.7374820709229, 457.36074447631836, 43.613433837890625, 1270.5762386322021, 401.2317657470703, 697.9496479034424, 897.8800773620605, 456.81285858154297, 401.7970561981201, 408.20884704589844, 459.40256118774414, 453.4575939178467, 450.2735137939453, 465.33751487731934, 463.8400077819824, 460.9875679016113, 463.67883682250977, 1255.537986755371, 458.7206840515137, 463.8972282409668, 591.3248062133789, 508.6812973022461, 457.1187496185303, 463.6702537536621, 414.63708877563477, 412.49823570251465, 464.64991569519043, 517.1053409576416, 584.6562385559082, 403.83028984069824, 396.6224193572998, 406.26001358032227, 406.10432624816895, 