{"pareto_front_0": [], "pareto_front_1": [], "pareto_front_2": [], "pareto_front_3": [], "pareto_front_4": [], "pareto_front_5": [], "pareto_front_6": [], "pareto_front_7": [], "pareto_front_8": [], "pareto_front_9": [], "mean_qpu_run_time(ms)": 530.528185917781, "stdev_qpu_run_time(ms)": 257.1569962964457, "all_qpu_run_times(ms)": [455.8694362640381, 47.4553108215332, 1455.0535678863525, 399.71017837524414, 885.8060836791992, 898.8704681396484, 514.7731304168701, 405.17401695251465, 407.75179862976074, 460.56556701660156, 465.99721908569336, 468.7521457672119, 465.79694747924805, 464.1613960266113, 459.14530754089355, 411.754846572876, 1285.1011753082275, 468.21069717407227, 459.4995975494385, 586.7786407470703, 595.7920551300049, 466.0942554473877, 412.6148223876953, 414.1409397125244, 410.84814071655273, 517.2345638275146, 412.6474857330322, 406.49986267089844, 410.5067253112793, 406.1241149902344, 461.8721008300781, 409.5878601074219, 456.8064212799072, 506.4072608947754, 513.4062767028809, 402.09293365478516, 400.53367614746094, 414.03937339782715, 65.15026092529297, 405.66325187683105, 409.13891792297363, 408.72859954833984, 407.177209854126, 592.1931266784668, 593.3177471160889, 513.1878852844238, 515.3827667236328, 412.5373363494873, 706.106424331665, 699.5642185211182, 1288.3048057556152, 1282.3271751403809, 460.25967597961426, 45.1512336730957, 1278.087854385376, 405.5137634277344, 892.1153545379639, 894.5410251617432, 510.3616714477539, 407.10973739624023, 405.8406352996826, 455.74498176574707, 456.93111419677734, 458.3897590637207, 455.9445381164551, 447.36456871032715, 452.53515243530273, 408.9841842651367, 1285.079002380371, 454.8041820526123, 450.99949836730957, 591.4361476898193, 584.5737457275391, 464.0653133392334, 403.23352813720703, 404.05893325805664, 401.5688896179199, 515.1588916778564, 406.827449798584, 406.829833984375, 403.81860733032227, 404.91676330566406, 452.77905464172363, 395.99037170410156, 458.01377296447754, 508.90183448791504, 512.8889083862305, 395.3070640563965, 392.2557830810547, 395.0800895690918, 64.52441215515137, 396.8923091888428, 407.6988697052002, 401.9482135772705, 401.965856552124, 588.4058475494385, 587.8827571868896, 513.4391784667969, 512.6702785491943, 397.19367027282715, 690.0515556335449, 693.9263343811035, 1265.6564712524414, 1261.800765991211, 454.1339874267578, 51.30171775817871, 1266.6563987731934, 408.91528129577637, 889.2850875854492, 889.2285823822021, 512.5689506530762, 410.5842113494873, 411.3166332244873, 461.60435676574707, 455.11484146118164, 459.244966506958, 458.6606025695801, 453.18078994750977, 457.0353031158447, 397.85075187683105, 1273.1668949127197, 445.65820693969727, 451.4174461364746, 579.049825668335, 580.6891918182373, 458.451509475708, 407.0019721984863, 404.3753147125244, 401.3214111328125, 510.3425979614258, 398.2532024383545, 402.06313133239746, 409.58547592163086, 408.36334228515625, 454.85877990722656, 402.8184413909912, 450.58465003967285, 512.8095149993896, 508.17275047302246, 398.0417251586914, 409.06572341918945, 397.4769115447998, 61.91754341125488, 409.653902053833, 399.72877502441406, 403.5763740539551, 399.3725776672363, 577.2747993469238, 583.1975936889648, 708.4932327270508, 507.95960426330566, 400.1469612121582, 693.828821182251, 703.794002532959, 1270.9589004516602, 1275.5961418151855, 460.6022834777832, 58.294057846069336, 1271.7125415802002, 407.72032737731934, 901.4425277709961, 903.860330581665, 517.4820423126221, 411.4344120025635, 407.2995185852051, 456.9244384765625, 461.6127014160156, 457.9739570617676, 458.90069007873535, 460.3996276855469, 460.7884883880615, 407.08041191101074, 1280.7064056396484, 464.7705554962158, 464.9016857147217, 592.5209522247314, 585.1860046386719, 450.55222511291504, 402.0700454711914, 416.9278144836426, 410.3367328643799, 512.2652053833008, 411.6024971008301, 412.1534824371338, 396.3892459869385, 407.4418544769287, 463.64903450012207, 412.3396873474121, 462.75782585144043, 515.2091979980469, 517.8568363189697, 400.18534660339355, 403.0625820159912, 407.6552391052246, 59.5700740814209, 411.1297130584717, 415.58337211608887, 418.4119701385498, 421.1127758026123, 600.3332138061523, 601.7394065856934, 515.1917934417725, 517.4219608306885, 414.8983955383301, 704.3032646179199, 707.6098918914795, 1276.3407230377197, 1271.42333984375, 464.05863761901855, 45.73559761047363, 1281.65602684021, 406.6777229309082, 899.3818759918213, 903.4509658813477, 510.80918312072754, 396.6257572174072, 405.54022789001465, 460.47163009643555, 458.5003852844238, 456.4094543457031, 453.1893730163574, 457.26919174194336, 467.24581718444824, 410.8703136444092, 1275.3660678863525, 456.35223388671875, 448.20213317871094, 590.3692245483398, 593.1274890899658, 467.8034782409668, 415.6653881072998, 415.9579277038574, 418.0014133453369, 518.9404487609863, 413.5735034942627, 415.06123542785645, 409.67464447021484, 402.12488174438477, 458.77909660339355, 402.6186466217041, 456.2091827392578, 509.0203285217285, 512.6256942749023, 404.5994281768799, 404.80875968933105, 401.5212059020996, 66.42866134643555, 405.5359363555908, 394.96922492980957, 402.7280807495117, 395.22767066955566, 578.0057907104492, 592.3371315002441, 510.5569362640381, 508.3045959472656, 404.73437309265137, 695.0011253356934, 698.7819671630859, 1277.3079872131348, 1281.613826751709, 454.62703704833984, 46.25749588012695, 1266.7386531829834, 396.17085456848145, 893.4309482574463, 889.2848491668701, 515.1479244232178, 410.8538627624512, 401.6578197479248, 454.21385765075684, 461.09914779663086, 450.21772384643555, 462.1915817260742, 456.78114891052246, 455.3353786468506, 405.2603244781494, 1270.9147930145264, 457.472562789917, 448.79651069641113, 577.7628421783447, 576.225996017456, 454.12373542785645, 404.0107727050781, 403.3968448638916, 398.78153800964355, 510.12277603149414, 397.78852462768555, 400.7701873779297, 399.43408966064453, 401.31616592407227, 450.5898952484131, 398.46348762512207, 682.5919151306152, 508.87274742126465, 509.4418525695801, 401.54433250427246, 402.3425579071045, 403.23376655578613, 71.35629653930664, 415.3568744659424, 416.3789749145508, 418.926477432251, 416.3222312927246, 598.139762878418, 595.609188079834, 520.205020904541, 519.2632675170898, 408.74552726745605, 708.8363170623779, 705.3966522216797, 1281.9163799285889, 1275.7151126861572, 459.4602584838867, 42.177677154541016, 1284.5392227172852, 411.4704132080078, 900.8378982543945, 898.9567756652832, 516.042947769165, 396.9743251800537, 399.9314308166504, 448.42028617858887, 447.5698471069336, 458.6155414581299, 462.82362937927246, 459.5000743865967, 462.0046615600586, 408.0781936645508, 1273.1072902679443, 458.45770835876465, 455.0058841705322, 598.2651710510254, 589.9701118469238, 453.11617851257324, 408.22458267211914, 407.6097011566162, 408.048152923584, 510.5853080749512, 414.3366813659668, 402.9207229614258, 407.1521759033203, 412.8706455230713, 460.9689712524414, 407.5143337249756, 459.71012115478516, 517.6074504852295, 518.1419849395752, 406.4164161682129, 411.7004871368408, 409.96408462524414, 66.48802757263184, 405.1549434661865, 400.5565643310547, 409.32488441467285, 406.5825939178467, 592.0717716217041, 590.7342433929443, 513.0951404571533, 517.9414749145508, 407.84597396850586, 700.272798538208, 706.7685127258301, 1304.248332977295, 1296.5035438537598, 463.5322093963623, 40.444374084472656, 1285.9904766082764, 410.062313079834, 905.8942794799805, 900.3465175628662, 520.531415939331, 409.30962562561035, 407.8519344329834, 461.5654945373535, 462.0816707611084, 462.16535568237305, 462.5892639160156, 458.83727073669434, 461.7319107055664, 406.9514274597168, 1266.7486667633057, 459.4573974609375, 461.38906478881836, 588.9203548431396, 588.8187885284424, 462.79406547546387, 414.21961784362793, 412.4445915222168, 417.23132133483887, 519.1686153411865, 412.6393795013428, 412.42527961730957, 415.21763801574707, 416.80073738098145, 469.4104194641113, 413.70701789855957, 489.23444747924805, 