{"pareto_front_0": [[3], [3, 4], [3, 4, 5], [3, 4, 5, 7]], "pareto_front_1": [[6]], "pareto_front_2": [[7]], "pareto_front_3": [[6]], "pareto_front_4": [[3], [3, 4], [3, 4, 5], [3, 4, 5, 6]], "pareto_front_5": [[3], [3, 4], [3, 4, 5], [3, 4, 5, 7]], "pareto_front_6": [[3], [3, 4], [3, 4, 5], [3, 4, 5, 7]], "pareto_front_7": [[3], [3, 4], [3, 4, 5], [3, 4, 5, 8]], "pareto_front_8": [[3], [3, 4], [3, 4, 5], [3, 4, 5, 7], [3, 4, 5, 7, 8]], "pareto_front_9": [[3], [3, 4], [3, 4, 5], [3, 4, 5, 6]], "mean_qpu_run_time(ms)": 684.1106123045871, "stdev_qpu_run_time(ms)": 284.5614267526328, "all_qpu_run_times(ms)": [49.483537673950195, 410.71391105651855, 397.5024223327637, 518.6128616333008, 512.0608806610107, 405.7009220123291, 590.1103019714355, 405.6425094604492, 403.5608768463135, 699.5232105255127, 512.2168064117432, 1049.5409965515137, 455.92260360717773, 585.0083827972412, 402.8639793395996, 409.8668098449707, 406.2948226928711, 455.7812213897705, 514.0092372894287, 458.39476585388184, 589.8594856262207, 508.2073211669922, 45.07279396057129, 402.8635025024414, 409.12628173828125, 453.8919925689697, 463.0870819091797, 404.21175956726074, 452.05140113830566, 404.0226936340332, 404.4523239135742, 404.6745300292969, 404.46972846984863, 389.620304107666, 83.82844924926758, 902.3377895355225, 698.9822387695312, 902.4081230163574, 903.0437469482422, 706.662654876709, 710.8232975006104, 706.4745426177979, 705.5857181549072, 905.278205871582, 907.2871208190918, 905.1308631896973, 897.9418277740479, 707.2486877441406, 899.3227481842041, 897.9613780975342, 593.0905342102051, 595.5934524536133, 583.3334922790527, 906.4395427703857, 702.2185325622559, 710.3760242462158, 596.0566997528076, 1275.8972644805908, 1294.985055923462, 712.9874229431152, 900.1548290252686, 904.9859046936035, 901.6475677490234, 903.4931659698486, 901.1626243591309, 903.0137062072754, 1276.4227390289307, 1280.6899547576904, 905.4946899414062, 1279.8914909362793, 1277.7471542358398, 712.6107215881348, 711.1485004425049, 709.4459533691406, 1282.804250717163, 897.4964618682861, 43.2734489440918, 405.48133850097656, 410.8273983001709, 510.5781555175781, 517.6904201507568, 411.6177558898926, 599.9932289123535, 415.4393672943115, 422.8379726409912, 710.9692096710205, 520.3137397766113, 709.8534107208252, 469.76327896118164, 599.4853973388672, 413.9435291290283, 417.76299476623535, 416.73970222473145, 461.2538814544678, 517.4882411956787, 462.5260829925537, 586.1334800720215, 516.5326595306396, 49.56197738647461, 407.900333404541, 396.6059684753418, 454.02026176452637, 461.49444580078125, 403.3684730529785, 453.5646438598633, 409.1176986694336, 402.0528793334961, 407.3662757873535, 405.350923538208, 350.74567794799805, 480.98278045654297, 890.7618522644043, 693.5567855834961, 887.2578144073486, 891.5612697601318, 700.3765106201172, 698.7690925598145, 700.0086307525635, 704.5233249664307, 896.1915969848633, 893.6712741851807, 892.5681114196777, 889.0721797943115, 693.8459873199463, 890.9673690795898, 894.79660987854, 587.5892639160156, 584.979772567749, 582.9670429229736, 886.2154483795166, 699.9578475952148, 695.0035095214844, 581.0105800628662, 1270.9250450134277, 1264.7817134857178, 700.3183364868164, 890.2144432067871, 898.2293605804443, 893.5987949371338, 888.4153366088867, 890.3570175170898, 894.8228359222412, 1266.542673110962, 1267.2560214996338, 891.7481899261475, 1276.9160270690918, 1284.2621803283691, 1058.0222606658936, 698.5185146331787, 701.0457515716553, 1287.4438762664795, 898.3497619628906, 51.468610763549805, 410.6278419494629, 410.60614585876465, 514.559268951416, 518.0017948150635, 407.75609016418457, 588.1717205047607, 407.1173667907715, 407.28282928466797, 706.7039012908936, 517.174243927002, 704.3702602386475, 457.6890468597412, 592.158317565918, 413.3925437927246, 416.7673587799072, 416.75758361816406, 471.3277816772461, 520.6637382507324, 456.9742679595947, 592.5540924072266, 516.6914463043213, 44.120073318481445, 407.75227546691895, 406.74424171447754, 470.2010154724121, 465.1613235473633, 407.7129364013672, 464.6327495574951, 409.52324867248535, 402.39477157592773, 410.1829528808594, 413.9211177825928, 353.76596450805664, 937.1764659881592, 906.3231945037842, 705.3353786468506, 899.7554779052734, 902.5940895080566, 705.7116031646729, 707.5772285461426, 703.6044597625732, 702.7328014373779, 898.2629776000977, 900.132417678833, 900.7413387298584, 905.693531036377, 700.8824348449707, 901.3936519622803, 901.843786239624, 594.0275192260742, 599.6747016906738, 597.2843170166016, 902.3191928863525, 706.2041759490967, 713.355541229248, 597.4164009094238, 1283.8220596313477, 1287.7874374389648, 698.293924331665, 908.9832305908203, 905.1532745361328, 904.0119647979736, 909.9175930023193, 904.9627780914307, 906.7049026489258, 1303.673505783081, 1279.4058322906494, 910.3026390075684, 1276.2410640716553, 1284.6729755401611, 699.9950408935547, 710.1669311523438, 707.4801921844482, 1293.4198379516602, 902.642011642456, 48.14267158508301, 411.8821620941162, 413.23328018188477, 518.7277793884277, 513.0913257598877, 410.2051258087158, 595.0632095336914, 407.214879989624, 416.689395904541, 703.5691738128662, 516.5560245513916, 702.6224136352539, 458.39667320251465, 596.4474678039551, 405.7273864746094, 408.27202796936035, 416.87893867492676, 460.9413146972656, 514.3730640411377, 459.4991207122803, 594.6931838989258, 511.03973388671875, 51.17392539978027, 414.2155647277832, 415.79604148864746, 467.6811695098877, 465.84320068359375, 416.21923446655273, 457.91149139404297, 416.3029193878174, 416.92614555358887, 416.6092872619629, 410.719633102417, 336.28177642822266, 641.1142349243164, 899.0647792816162, 702.3959159851074, 898.247480392456, 898.1318473815918, 704.0266990661621, 695.7809925079346, 697.7989673614502, 698.5180377960205, 896.953821182251, 892.5645351409912, 895.0533866882324, 893.0623531341553, 692.9078102111816, 897.9408740997314, 891.3276195526123, 582.5247764587402, 586.3957405090332, 588.3855819702148, 891.5159702301025, 703.5255432128906, 700.1254558563232, 596.0783958435059, 1277.0707607269287, 1270.2178955078125, 695.1251029968262, 891.8032646179199, 888.6504173278809, 889.371395111084, 891.8247222900391, 892.7624225616455, 896.3406085968018, 1696.4688301086426, 1289.6356582641602, 895.6131935119629, 1277.4724960327148, 1282.024621963501, 702.913761138916, 709.7535133361816, 702.4834156036377, 1282.395601272583, 902.2939205169678, 46.18263244628906, 417.19603538513184, 417.8962707519531, 524.5547294616699, 519.4385051727295, 411.182165145874, 596.1432456970215, 419.36230659484863, 419.849157333374, 713.9043807983398, 516.5829658508301, 711.9331359863281, 464.06054496765137, 600.6138324737549, 417.7231788635254, 419.57616806030273, 420.398473739624, 475.2202033996582, 522.4297046661377, 465.1668071746826, 593.2774543762207, 520.0748443603516, 48.105478286743164, 415.3409004211426, 421.1122989654541, 456.06327056884766, 452.8770446777344, 419.2547798156738, 457.09800720214844, 418.47753524780273, 421.2625026702881, 413.0117893218994, 412.6908779144287, 397.3724842071533, 556.8680763244629, 899.7068405151367, 704.3964862823486, 906.3065052032471, 904.0625095367432, 704.8401832580566, 701.4269828796387, 713.2236957550049, 707.0963382720947, 903.6786556243896, 898.3819484710693, 903.3758640289307, 905.2214622497559, 703.7880420684814, 904.9892425537109, 896.0428237915039, 591.5319919586182, 597.0613956451416, 594.6986675262451, 909.3332290649414, 709.4070911407471, 713.2110595703125, 596.8148708343506, 1284.346342086792, 1288.2704734802246, 709.7246646881104, 909.6348285675049, 903.2700061798096, 908.970832824707, 904.3617248535156, 903.4340381622314, 909.9407196044922, 1280.2598476409912, 1275.2933502197266, 905.2298069000244, 1280.2276611328125, 1271.8374729156494, 706.7568302154541, 706.0062885284424, 703.8135528564453, 1288.5637283325195, 896.4967727661133, 44.88086700439453, 406.8288803100586, 405.2445888519287, 510.95008850097656, 510.1466178894043, 408.4734916687012, 