{"pareto_front_0": [[6], [6, 7]], "pareto_front_1": [[3], [3, 4], [3, 4, 5], [3, 4, 5, 8]], "pareto_front_2": [[7]], "pareto_front_3": [[3], [3, 4], [3, 4, 5], [3, 4, 5, 7]], "pareto_front_4": [[3], [3, 4], [3, 4, 5], [3, 4, 5, 6]], "pareto_front_5": [[7]], "pareto_front_6": [[7]], "pareto_front_7": [[3], [3, 4], [3, 4, 5], [3, 4, 5, 6]], "pareto_front_8": [[3], [3, 4], [3, 4, 5], [3, 4, 5, 7]], "pareto_front_9": [[3], [3, 4], [3, 4, 5], [3, 4, 5, 7]], "mean_qpu_run_time(ms)": 683.162451104114, "stdev_qpu_run_time(ms)": 284.55903004800393, "all_qpu_run_times(ms)": [53.99465560913086, 704.5040130615234, 455.8756351470947, 404.3569564819336, 455.08313179016113, 505.02467155456543, 404.51574325561523, 412.0616912841797, 406.4211845397949, 705.4262161254883, 407.18674659729004, 518.5167789459229, 511.8248462677002, 517.6854133605957, 404.89864349365234, 404.18052673339844, 695.7597732543945, 509.3660354614258, 467.9532051086426, 701.7529010772705, 588.8936519622803, 44.12436485290527, 512.2828483581543, 405.7326316833496, 462.47100830078125, 451.7836570739746, 406.04329109191895, 401.3543128967285, 450.14429092407227, 404.5405387878418, 403.82885932922363, 404.0548801422119, 406.5568447113037, 266.4966583251953, 604.9349308013916, 891.2568092346191, 695.2764987945557, 889.7264003753662, 699.5549201965332, 697.7086067199707, 693.5329437255859, 708.8563442230225, 702.2237777709961, 889.6856307983398, 889.2896175384521, 889.153003692627, 892.8346633911133, 700.6480693817139, 894.9558734893799, 890.5606269836426, 583.6615562438965, 583.8310718536377, 581.3136100769043, 583.5456848144531, 579.2856216430664, 1268.9833641052246, 1272.1879482269287, 695.8217620849609, 700.124979019165, 584.1820240020752, 1271.3613510131836, 1508.8348388671875, 699.8636722564697, 897.3979949951172, 897.8061676025391, 897.4292278289795, 1296.9410419464111, 1285.0041389465332, 913.0465984344482, 1295.583724975586, 1297.0480918884277, 708.2855701446533, 714.4875526428223, 707.0949077606201, 903.3963680267334, 903.8801193237305, 62.2255802154541, 707.1101665496826, 460.4766368865967, 401.9904136657715, 463.9697074890137, 513.6017799377441, 406.4793586730957, 411.30924224853516, 406.07428550720215, 701.1435031890869, 409.5649719238281, 518.0821418762207, 517.4357891082764, 516.4821147918701, 417.1767234802246, 403.1941890716553, 702.6412487030029, 517.9636478424072, 457.2634696960449, 704.2534351348877, 596.1346626281738, 43.27058792114258, 514.0805244445801, 406.63719177246094, 462.21113204956055, 461.80009841918945, 407.54175186157227, 404.7672748565674, 463.1173610687256, 410.4807376861572, 405.14373779296875, 400.4209041595459, 404.447078704834, 404.6752452850342, 742.255687713623, 904.395580291748, 704.4680118560791, 893.2909965515137, 708.0159187316895, 700.9527683258057, 714.327335357666, 709.2618942260742, 707.0038318634033, 897.1474170684814, 893.2383060455322, 892.1186923980713, 891.2353515625, 702.911376953125, 893.3913707733154, 894.2875862121582, 591.3486480712891, 584.822416305542, 586.1599445343018, 586.0202312469482, 583.8279724121094, 1266.2451267242432, 1275.3770351409912, 700.0043392181396, 698.4045505523682, 589.017391204834, 1281.4784049987793, 1271.3565826416016, 698.667049407959, 894.2906856536865, 896.5015411376953, 898.4827995300293, 1283.644199371338, 1301.3737201690674, 896.8567848205566, 1287.2934341430664, 1293.6022281646729, 705.9507369995117, 696.5246200561523, 696.8510150909424, 893.7830924987793, 893.8791751861572, 47.939300537109375, 704.7464847564697, 460.7095718383789, 410.2046489715576, 467.17166900634766, 516.9808864593506, 402.3864269256592, 411.47518157958984, 407.72104263305664, 957.8967094421387, 405.78389167785645, 519.7408199310303, 517.3325538635254, 515.9947872161865, 406.3262939453125, 402.9512405395508, 698.676586151123, 509.9189281463623, 452.7552127838135, 696.8369483947754, 597.785234451294, 54.92043495178223, 517.2123908996582, 412.4424457550049, 457.12780952453613, 453.5963535308838, 408.8296890258789, 406.28600120544434, 466.39132499694824, 409.7115993499756, 410.97116470336914, 406.7699909210205, 407.5896739959717, 286.94939613342285, 927.9403686523438, 898.5795974731445, 700.6938457489014, 900.0415802001953, 702.2655010223389, 701.2472152709961, 704.2946815490723, 701.3983726501465, 702.254056930542, 901.1924266815186, 904.6797752380371, 895.2372074127197, 890.8066749572754, 700.4909515380859, 901.491641998291, 898.7550735473633, 592.3929214477539, 596.2657928466797, 590.0247097015381, 587.8880023956299, 586.8632793426514, 1275.8049964904785, 1278.8746356964111, 708.186149597168, 709.6781730651855, 590.0747776031494, 1285.782814025879, 1273.4084129333496, 700.0880241394043, 902.5974273681641, 900.6495475769043, 897.9880809783936, 1284.6038341522217, 1278.6211967468262, 901.7188549041748, 1276.0567665100098, 1274.0428447723389, 700.7827758789062, 694.5743560791016, 700.709342956543, 903.8534164428711, 898.9322185516357, 76.7359733581543, 705.2814960479736, 458.0245018005371, 413.6087894439697, 458.268404006958, 514.4915580749512, 408.8172912597656, 411.879301071167, 408.6923599243164, 712.5885486602783, 413.83934020996094, 512.199878692627, 516.1733627319336, 513.347864151001, 406.79383277893066, 409.686803817749, 699.4166374206543, 508.17084312438965, 452.33654975891113, 701.1609077453613, 592.0658111572266, 43.62177848815918, 515.1679515838623, 411.0548496246338, 457.64684677124023, 461.20166778564453, 406.6660404205322, 405.6398868560791, 451.1735439300537, 399.0151882171631, 402.63891220092773, 402.376651763916, 399.0659713745117, 334.17320251464844, 919.3377494812012, 888.5147571563721, 694.521427154541, 887.9258632659912, 695.7187652587891, 691.8723583221436, 697.359561920166, 700.0648975372314, 693.9492225646973, 893.1763172149658, 888.3571624755859, 885.195255279541, 891.5057182312012, 704.2028903961182, 895.2302932739258, 891.6528224945068, 585.7148170471191, 590.2025699615479, 591.449499130249, 595.0047969818115, 580.6260108947754, 1287.3451709747314, 1560.7876777648926, 702.4481296539307, 700.014591217041, 594.6276187896729, 1292.6020622253418, 1283.2186222076416, 699.9914646148682, 901.3156890869141, 900.6631374359131, 899.8310565948486, 1272.7463245391846, 1285.1815223693848, 902.1947383880615, 1291.4800643920898, 1289.919376373291, 709.7578048706055, 709.2480659484863, 707.9653739929199, 902.7416706085205, 906.0535430908203, 56.511640548706055, 711.186408996582, 465.35563468933105, 404.8452377319336, 463.49096298217773, 517.7178382873535, 409.72352027893066, 404.3436050415039, 407.56988525390625, 710.3028297424316, 408.1137180328369, 515.4018402099609, 517.9708003997803, 519.756555557251, 403.8529396057129, 409.1677665710449, 701.4808654785156, 518.7892913818359, 465.3468132019043, 707.7953815460205, 590.6856060028076, 44.29459571838379, 515.3663158416748, 406.466007232666, 453.59110832214355, 464.2035961151123, 407.3033332824707, 412.2295379638672, 459.21921730041504, 413.3868217468262, 412.92428970336914, 421.59342765808105, 421.27346992492676, 373.6386299133301, 737.3573780059814, 903.8031101226807, 703.840970993042, 904.4816493988037, 702.4805545806885, 698.3366012573242, 705.1126956939697, 719.804048538208, 701.3261318206787, 900.6898403167725, 893.0988311767578, 894.6077823638916, 895.1301574707031, 715.2228355407715, 896.935224533081, 891.2007808685303, 583.7240219116211, 581.0163021087646, 586.0176086425781, 586.8070125579834, 589.2696380615234, 1263.4191513061523, 1278.9280414581299, 706.8476676940918, 706.4163684844971, 583.406925201416, 1277.2645950317383, 1264.833927154541, 696.2540149688721, 889.366865158081, 892.8098678588867, 887.096643447876, 1269.324541091919, 1276.5264511108398, 884.3131065368652, 1272.200345993042, 1251.3625621795654, 705.4233551025391, 703.812837600708, 692.4443244934082, 894.1938877105713, 902.4474620819092, 58.24136734008789, 703.3848762512207, 457.17644691467285, 402.33588218688965, 461.8535041809082, 515.7761573791504, 413.9983654022217, 415.1747226715088, 