,best_itr,best_fval,best_solution,total_qaoa,total_impact,total_exe,execution_times,final_test_suite_costs,final_failure_rates
0,10,0.14856237793407046,"[0, 0, 0, 0, 0, 0, 0, 0, 1, 0, 1, 1, 0, 1, 0, 1, 0, 0, 0, 1, 0, 0, 0, 0, 1, 0, 0, 0, 1, 0, 0, 1, 0, 0, 0, 0, 0, 0, 0, 0, 0, 0, 0, 0, 0, 0, 1, 1, 0, 1, 1, 0, 0, 0, 0, 0, 0, 0, 0, 1, 0, 0, 1, 0, 1, 0, 1, 1, 0, 1, 1, 1, 0, 0, 1, 1, 1, 1, 1, 0, 1, 0, 1, 0, 1, 0, 1, 0, 0]",240.54530811309814,0.003551483154296875,240.62443137168884,"[24.094926118850708, 22.973395347595215, 28.22560214996338, 22.924299955368042, 24.533482551574707, 24.118398904800415, 23.29792070388794, 26.204228401184082, 22.42027235031128, 21.756333112716675]","[np.float64(1283048.0), np.float64(1190810.0), np.float64(1043084.0), np.float64(858886.0), np.float64(893721.0), np.float64(830938.0), np.float64(851105.0), np.float64(683555.0), np.float64(669072.0), np.float64(691496.0)]","[np.float64(9.660675018794022), np.float64(9.948949964952492), np.float64(9.48466535455405), np.float64(9.145000593375947), np.float64(9.59829729667265), np.float64(9.244963963339316), np.float64(9.806380196835173), np.float64(8.97111975689365), np.float64(9.063739565200361), np.float64(9.583354255270887)]"
