{"pareto_front_0": [[0]], "pareto_front_1": [[1], [1, 10], [1, 10, 11], [1, 10, 11, 12], [1, 10, 11, 12, 19]], "pareto_front_2": [[0]], "pareto_front_3": [[1], [1, 10], [1, 10, 11], [1, 10, 11, 12], [1, 10, 11, 12, 19]], "pareto_front_4": [[0], [0, 1]], "pareto_front_5": [[0], [0, 10], [0, 10, 11], [0, 10, 11, 12], [0, 10, 11, 12, 19]], "pareto_front_6": [[0]], "pareto_front_7": [[1]], "pareto_front_8": [[1]], "pareto_front_9": [[0]], "mean_qpu_run_time(ms)": 741.4778176106905, "stdev_qpu_run_time(ms)": 391.90484401461947, "all_qpu_run_times(ms)": [521.8563079833984, 415.6520366668701, 1308.2304000854492, 912.9188060760498, 517.8391933441162, 1395.0679302215576, 432.48867988586426, 427.9313087463379, 67.07429885864258, 945.9354877471924, 729.5145988464355, 469.8209762573242, 425.57716369628906, 527.512788772583, 475.2824306488037, 107.39469528198242, 1316.943645477295, 603.2593250274658, 475.9819507598877, 600.5139350891113, 416.4705276489258, 1344.283103942871, 606.1191558837891, 604.2850017547607, 142.01998710632324, 479.8750877380371, 522.8691101074219, 591.0546779632568, 593.174934387207, 517.2977447509766, 86.07673645019531, 81.36224746704102, 469.82693672180176, 41.625022888183594, 48.648834228515625, 205.20401000976562, 88.17553520202637, 287.23812103271484, 1308.265209197998, 1305.459976196289, 1307.9328536987305, 1289.431095123291, 469.12479400634766, 1272.2182273864746, 1299.2746829986572, 903.4721851348877, 693.9687728881836, 601.7436981201172, 903.6781787872314, 976.5937328338623, 899.2016315460205, 906.8882465362549, 908.902645111084, 907.0274829864502, 910.8719825744629, 1291.3358211517334, 1306.1695098876953, 912.574052810669, 721.6391563415527, 599.5931625366211, 722.4462032318115, 607.6502799987793, 600.2259254455566, 604.7279834747314, 716.1848545074463, 591.8779373168945, 913.2301807403564, 914.1972064971924, 906.8436622619629, 1293.0152416229248, 1288.22922706604, 1283.1542491912842, 1285.7191562652588, 1288.421392440796, 1289.646863937378, 473.82450103759766, 521.3809013366699, 415.25745391845703, 1305.288553237915, 912.4133586883545, 517.7340507507324, 1309.8242282867432, 406.65411949157715, 406.8906307220459, 118.7448501586914, 913.5494232177734, 716.090202331543, 477.70166397094727, 424.5190620422363, 542.4633026123047, 492.8901195526123, 87.10408210754395, 1342.2763347625732, 611.0897064208984, 476.43065452575684, 615.1692867279053, 427.10232734680176, 1315.9162998199463, 599.0912914276123, 602.2012233734131, 178.27534675598145, 480.6673526763916, 521.918535232544, 600.9173393249512, 602.1254062652588, 516.5600776672363, 68.91703605651855, 72.48401641845703, 459.72394943237305, 47.63150215148926, 50.52995681762695, 283.52904319763184, 80.90376853942871, 1331.54296875, 1283.2846641540527, 1284.6884727478027, 1276.7419815063477, 1302.583932876587, 452.7750015258789, 1305.131435394287, 1284.2011451721191, 903.2020568847656, 707.5710296630859, 596.6086387634277, 899.2428779602051, 699.028491973877, 898.8091945648193, 902.5182723999023, 900.6912708282471, 900.6814956665039, 897.7906703948975, 1289.7818088531494, 1275.7296562194824, 903.695821762085, 711.2195491790771, 592.0515060424805, 703.6347389221191, 589.9524688720703, 591.9246673583984, 594.0737724304199, 708.8863849639893, 598.1109142303467, 899.3196487426758, 904.3219089508057, 907.0799350738525, 1565.4802322387695, 1283.891201019287, 1276.757001876831, 1282.057285308838, 1289.4291877746582, 1290.8787727355957, 470.75533866882324, 519.5357799530029, 415.5137538909912, 1291.3818359375, 916.7900085449219, 520.6494331359863, 1290.8644676208496, 408.7836742401123, 408.29992294311523, 135.1461410522461, 911.1158847808838, 715.3565883636475, 460.86621284484863, 413.8352870941162, 517.5471305847168, 470.12877464294434, 117.17772483825684, 1297.8861331939697, 596.7037677764893, 466.2623405456543, 588.5701179504395, 409.4111919403076, 1287.9796028137207, 596.0636138916016, 595.1166152954102, 124.41301345825195, 465.8200740814209, 520.3032493591309, 599.2991924285889, 584.334135055542, 524.8708724975586, 91.81547164916992, 59.74602699279785, 468.1122303009033, 46.93937301635742, 52.65498161315918, 224.8234748840332, 95.95274925231934, 164.07322883605957, 1285.5846881866455, 1290.9667491912842, 1293.8928604125977, 1287.2788906097412, 464.9770259857178, 1286.9963645935059, 1292.3099994659424, 901.1750221252441, 704.9047946929932, 599.2343425750732, 908.4393978118896, 698.3802318572998, 901.7488956451416, 907.0596694946289, 908.9581966400146, 903.4395217895508, 904.4926166534424, 1289.0028953552246, 1282.6919555664062, 899.1982936859131, 703.0770778656006, 589.5836353302002, 702.2984027862549, 590.8050537109375, 597.902774810791, 595.388650894165, 705.4555416107178, 592.8170680999756, 902.7330875396729, 904.0050506591797, 900.9134769439697, 1293.8194274902344, 1282.4184894561768, 1283.839464187622, 1268.615961074829, 1278.4192562103271, 1282.8826904296875, 458.28938484191895, 514.8308277130127, 405.759334564209, 1278.2700061798096, 898.3073234558105, 509.59205627441406, 1580.944299697876, 406.8922996520996, 408.6120128631592, 123.25286865234375, 896.7859745025635, 704.6535015106201, 461.212158203125, 412.9812717437744, 514.6329402923584, 465.0721549987793, 116.33539199829102, 1277.54807472229, 591.5210247039795, 456.8133354187012, 596.430778503418, 410.5405807495117, 1292.58131980896, 595.7515239715576, 593.8351154327393, 140.67363739013672, 467.71907806396484, 524.4593620300293, 595.7620143890381, 603.9988994598389, 517.4655914306641, 90.33656120300293, 72.6015567779541, 458.76169204711914, 50.63199996948242, 60.66584587097168, 215.9407138824463, 115.21148681640625, 1169.3310737609863, 1310.6770515441895, 1302.6347160339355, 1314.7718906402588, 1308.3751201629639, 451.967716217041, 1295.0778007507324, 1296.2439060211182, 911.2827777862549, 716.4430618286133, 603.3055782318115, 911.1008644104004, 710.2260589599609, 907.7229499816895, 909.2202186584473, 911.8540287017822, 912.7640724182129, 906.804084777832, 1288.454294204712, 1310.7924461364746, 912.4665260314941, 717.4186706542969, 600.0156402587891, 708.4965705871582, 592.6711559295654, 595.3676700592041, 600.0308990478516, 712.8415107727051, 600.7590293884277, 905.9059619903564, 907.1555137634277, 907.2954654693604, 1271.2247371673584, 1285.5384349822998, 1275.9501934051514, 1284.719705581665, 1278.1665325164795, 1290.2188301086426, 456.1929702758789, 513.8177871704102, 407.5620174407959, 1289.6015644073486, 902.9445648193359, 513.8518810272217, 1282.996416091919, 409.3213081359863, 403.3067226409912, 99.30729866027832, 894.7303295135498, 705.4240703582764, 464.871883392334, 414.0918254852295, 514.8558616638184, 461.99727058410645, 119.82512474060059, 1276.9808769226074, 593.8491821289062, 468.46532821655273, 584.8352909088135, 398.46277236938477, 1290.4078960418701, 583.2297801971436, 582.8452110290527, 145.32899856567383, 457.5338363647461, 519.573450088501, 593.4832096099854, 590.627908706665, 515.5854225158691, 73.43387603759766, 73.30107688903809, 462.1248245239258, 51.27668380737305, 65.9029483795166, 254.8987865447998, 83.57858657836914, 1310.516357421875, 1279.407024383545, 1270.1561450958252, 1277.1282196044922, 1279.184341430664, 461.2767696380615, 1609.9469661712646, 1300.8368015289307, 898.9815711975098, 705.909013748169, 601.3970375061035, 905.3211212158203, 707.0779800415039, 904.9241542816162, 906.0709476470947, 905.8191776275635, 909.0461730957031, 906.1880111694336, 1308.3741664886475, 1300.7452487945557, 911.7400646209717, 713.3626937866211, 597.790002822876, 722.9387760162354, 599.1425514221191, 605.0333976745605, 602.4770736694336, 711.8930816650391, 604.5558452606201, 905.9896469116211, 907.5276851654053, 908.6756706237793, 1293.1334972381592, 1287.161111831665, 1297.546148300171, 1307.652473449707, 1308.5014820098877, 1305.7243824005127, 458.81009101867676, 521.2647914886475, 412.639856338501, 1293.3154106140137, 904.6976566314697, 519.7045803070068, 1301.422357559204, 417.2627925872803, 414.4718647003174, 