{"pareto_front_0": [[1]], "pareto_front_1": [[0], [0, 10], [0, 10, 11], [0, 10, 11, 12], [0, 10, 11, 12, 19]], "pareto_front_2": [[1]], "pareto_front_3": [[2], [2, 10], [2, 10, 11], [2, 10, 11, 12], [2, 10, 11, 12, 19]], "pareto_front_4": [[0]], "pareto_front_5": [[0]], "pareto_front_6": [[0]], "pareto_front_7": [[0]], "pareto_front_8": [[1]], "pareto_front_9": [[1], [1, 10], [1, 10, 11], [1, 10, 11, 12], [1, 10, 11, 12, 19]], "mean_qpu_run_time(ms)": 739.2406260645067, "stdev_qpu_run_time(ms)": 354.5407227885249, "all_qpu_run_times(ms)": [527.6479721069336, 403.8524627685547, 1274.4641304016113, 894.594669342041, 513.840913772583, 1270.6613540649414, 402.5073051452637, 897.6180553436279, 398.7119197845459, 165.48824310302734, 897.2325325012207, 457.23438262939453, 531.7649841308594, 515.4306888580322, 454.1788101196289, 137.36248016357422, 1275.1049995422363, 599.0340709686279, 516.6118144989014, 590.9225940704346, 1279.207706451416, 596.0845947265625, 599.2491245269775, 143.30148696899414, 1267.5731182098389, 457.08656311035156, 511.86227798461914, 588.0701541900635, 590.1584625244141, 587.0664119720459, 460.05916595458984, 86.08222007751465, 406.0831069946289, 455.5795192718506, 41.45359992980957, 60.39738655090332, 252.3038387298584, 70.10793685913086, 118.54243278503418, 1266.0257816314697, 1288.9721393585205, 1294.6701049804688, 1275.8052349090576, 1271.5535163879395, 898.9684581756592, 899.4362354278564, 701.235294342041, 587.8045558929443, 592.9450988769531, 1275.498867034912, 898.0727195739746, 1273.3311653137207, 1266.7407989501953, 897.8781700134277, 897.9690074920654, 899.6109962463379, 900.1603126525879, 899.8885154724121, 894.5543766021729, 708.1553936004639, 597.0735549926758, 708.3828449249268, 708.2102298736572, 700.9692192077637, 705.7666778564453, 704.6589851379395, 897.6287841796875, 904.8376083374023, 903.2535552978516, 900.9952545166016, 899.6574878692627, 899.2061614990234, 899.1005420684814, 903.4895896911621, 507.5867176055908, 414.41917419433594, 1282.217025756836, 899.8920917510986, 511.1231803894043, 1439.7664070129395, 413.26022148132324, 896.1741924285889, 407.35387802124023, 92.44251251220703, 899.1100788116455, 469.06495094299316, 406.6271781921387, 518.4779167175293, 460.9804153442383, 40.67063331604004, 1265.4750347137451, 593.9431190490723, 515.7229900360107, 595.4601764678955, 1275.3865718841553, 589.998722076416, 588.8671875, 106.7953109741211, 1272.0575332641602, 461.24982833862305, 504.06408309936523, 587.44215965271, 594.6540832519531, 589.6482467651367, 461.52615547180176, 86.86590194702148, 412.7213954925537, 461.81416511535645, 48.456430435180664, 48.13814163208008, 247.41435050964355, 91.01057052612305, 1329.035997390747, 1289.5994186401367, 1278.665542602539, 1288.6738777160645, 1283.0774784088135, 1280.4875373840332, 904.9115180969238, 904.4809341430664, 697.7627277374268, 587.9628658294678, 587.5165462493896, 1274.9781608581543, 897.9904651641846, 1281.5723419189453, 1278.3317565917969, 897.3672389984131, 896.491289138794, 897.7668285369873, 904.7603607177734, 902.672290802002, 901.9260406494141, 708.1103324890137, 595.4720973968506, 706.7127227783203, 706.5649032592773, 703.3085823059082, 698.1716156005859, 707.1378231048584, 897.5157737731934, 896.2481021881104, 901.9806385040283, 896.8160152435303, 893.3002948760986, 891.002893447876, 896.6569900512695, 1068.2086944580078, 511.793851852417, 399.9900817871094, 1271.277666091919, 901.2303352355957, 516.5457725524902, 1285.482406616211, 402.6484489440918, 902.0562171936035, 416.8055057525635, 195.62244415283203, 905.8353900909424, 467.9570198059082, 417.1566963195801, 520.6921100616455, 467.10705757141113, 150.12145042419434, 1273.3800411224365, 595.88623046875, 515.7012939453125, 593.0662155151367, 1292.7701473236084, 591.9480323791504, 593.0294990539551, 89.60533142089844, 1283.9927673339844, 459.0473175048828, 517.2755718231201, 590.8703804016113, 589.7765159606934, 591.078519821167, 458.91404151916504, 92.00358390808105, 408.128023147583, 452.625036239624, 45.13883590698242, 45.24350166320801, 249.7730255126953, 80.83891868591309, 116.47844314575195, 1273.9956378936768, 1280.611276626587, 1275.0179767608643, 1275.9544849395752, 1277.3253917694092, 896.6574668884277, 898.1657028198242, 703.8373947143555, 589.5400047302246, 592.6177501678467, 1281.5637588500977, 892.9026126861572, 1272.8078365325928, 1273.6756801605225, 894.0834999084473, 894.3085670471191, 894.7856426239014, 900.7833003997803, 897.0987796783447, 893.7439918518066, 699.0339756011963, 590.3465747833252, 701.9522190093994, 698.6119747161865, 703.2978534698486, 696.6054439544678, 701.4057636260986, 894.59228515625, 894.9365615844727, 890.5894756317139, 901.329755783081, 1080.0790786743164, 901.0758399963379, 901.451826095581, 899.2624282836914, 517.7836418151855, 416.58949851989746, 1284.1923236846924, 904.5779705047607, 518.347978591919, 1284.803867340088, 413.40041160583496, 898.1995582580566, 417.4962043762207, 176.6824722290039, 894.7389125823975, 457.8359127044678, 408.5354804992676, 511.87610626220703, 458.3437442779541, 215.15154838562012, 1293.6789989471436, 592.7615165710449, 511.9662284851074, 585.9560966491699, 1289.1898155212402, 588.6130332946777, 590.00563621521, 136.21902465820312, 1286.8235111236572, 463.8702869415283, 514.7287845611572, 598.3824729919434, 593.5158729553223, 592.6837921142578, 461.9483947753906, 91.69411659240723, 400.7835388183594, 466.27330780029297, 50.768375396728516, 57.53731727600098, 174.51143264770508, 102.85234451293945, 889.8108005523682, 1289.2391681671143, 1284.8834991455078, 1286.867618560791, 1286.548376083374, 1278.6080837249756, 900.8641242980957, 900.1154899597168, 707.556962966919, 592.9057598114014, 594.4511890411377, 1273.022174835205, 892.7061557769775, 1276.0722637176514, 1274.4245529174805, 892.9381370544434, 891.0155296325684, 899.8382091522217, 898.5385894775391, 902.6544094085693, 906.0473442077637, 699.8884677886963, 583.5254192352295, 697.2403526306152, 699.1558074951172, 708.2569599151611, 699.4926929473877, 704.9460411071777, 900.4147052764893, 1097.0683097839355, 899.9836444854736, 898.4277248382568, 904.1337966918945, 903.3031463623047, 904.191255569458, 905.5352210998535, 522.2156047821045, 407.29284286499023, 1275.3150463104248, 902.4395942687988, 520.3125476837158, 1266.9336795806885, 411.87143325805664, 899.5845317840576, 409.9886417388916, 171.0207462310791, 908.2422256469727, 451.174259185791, 397.05657958984375, 509.1125965118408, 451.41029357910156, 166.48268699645996, 1282.470941543579, 584.5053195953369, 507.37547874450684, 590.954065322876, 1282.1943759918213, 592.5471782684326, 590.9883975982666, 137.18485832214355, 1282.8497886657715, 457.0455551147461, 513.1385326385498, 596.3265895843506, 591.8824672698975, 592.6783084869385, 466.5083885192871, 89.4625186920166, 416.0795211791992, 466.56131744384766, 45.48454284667969, 46.74053192138672, 212.6777172088623, 106.20522499084473, 1329.6241760253906, 1279.6940803527832, 1270.3773975372314, 1286.7259979248047, 1290.8906936645508, 1281.7051410675049, 903.4459590911865, 907.3374271392822, 707.042932510376, 601.6840934753418, 585.7579708099365, 1277.3594856262207, 898.780345916748, 1272.1514701843262, 1290.0466918945312, 897.0620632171631, 895.0557708740234, 899.8620510101318, 906.9292545318604, 900.6261825561523, 898.4427452087402, 710.986852645874, 592.8630828857422, 710.4442119598389, 704.4601440429688, 710.4125022888184, 703.963041305542, 708.2886695861816, 897.1800804138184, 1110.2373600006104, 900.0208377838135, 900.4189968109131, 906.3193798065186, 899.822473526001, 903.9011001586914, 911.2269878387451, 514.1324996948242, 411.9586944580078, 1272.8285789489746, 904.339075088501, 521.8596458435059, 1284.9328517913818, 414.86477851867676, 908.3008766174316, 411.71813011169434, 210.88147163391113, 906.1663150787354, 467.38457679748535, 403.7289619445801, 519.7741985321045, 468.28150749206543, 130.99265098571777, 1300.9638786315918, 591.5167331695557, 