{"pareto_front_0": [[2], [2, 3], [2, 3, 4]], "pareto_front_1": [[4], [4, 5], [4, 5, 6]], "pareto_front_2": [[5]], "pareto_front_3": [[2], [2, 3], [2, 3, 4], [2, 3, 4, 5]], "pareto_front_4": [[6]], "pareto_front_5": [[2], [2, 3], [2, 3, 5], [2, 3, 5, 6]], "pareto_front_6": [[4], [4, 6]], "pareto_front_7": [], "pareto_front_8": [[4], [4, 5], [4, 5, 6]], "pareto_front_9": [[2], [2, 3], [2, 3, 6], [2, 3, 6, 8]], "mean_qpu_run_time(ms)": 797.0272773920103, "stdev_qpu_run_time(ms)": 327.32718303835213, "all_qpu_run_times(ms)": [411.2992286682129, 409.81197357177734, 515.9647464752197, 518.1856155395508, 518.4807777404785, 518.7385082244873, 520.4694271087646, 518.9287662506104, 913.3844375610352, 523.9074230194092, 47.17445373535156, 42.58871078491211, 44.632673263549805, 909.980297088623, 909.071683883667, 910.5966091156006, 908.5052013397217, 909.1100692749023, 901.3605117797852, 522.3445892333984, 473.346471786499, 423.0227470397949, 422.46294021606445, 419.5520877838135, 407.35507011413574, 519.6342468261719, 715.9774303436279, 411.32092475891113, 520.7464694976807, 519.5255279541016, 520.5659866333008, 908.9269638061523, 950.4060745239258, 1280.116081237793, 1280.3008556365967, 1288.5591983795166, 1276.646375656128, 1277.5721549987793, 907.0587158203125, 904.808759689331, 900.2096652984619, 1297.7423667907715, 1288.9022827148438, 1294.7063446044922, 903.1825065612793, 706.658124923706, 587.5957012176514, 1270.4501152038574, 1263.4251117706299, 1274.7035026550293, 905.0443172454834, 708.1267833709717, 590.7425880432129, 702.8753757476807, 590.1777744293213, 1272.6030349731445, 1272.2976207733154, 1269.237756729126, 1278.7988185882568, 1288.619041442871, 1295.2473163604736, 506.1674118041992, 902.8708934783936, 899.6431827545166, 902.3668766021729, 900.1970291137695, 898.5185623168945, 897.3734378814697, 900.8169174194336, 903.0482769012451, 698.3838081359863, 591.2439823150635, 705.2643299102783, 586.40456199646, 593.1107997894287, 596.0829257965088, 707.7350616455078, 708.0121040344238, 905.0168991088867, 897.545337677002, 1438.5557174682617, 901.7786979675293, 902.587890625, 592.7774906158447, 704.8187255859375, 595.0820446014404, 420.7940101623535, 414.00718688964844, 522.6850509643555, 519.9456214904785, 521.1849212646484, 522.0036506652832, 520.9445953369141, 518.4063911437988, 906.7997932434082, 518.2945728302002, 44.04783248901367, 43.85972023010254, 44.82269287109375, 914.3619537353516, 913.7721061706543, 914.8600101470947, 910.818338394165, 910.3922843933105, 910.5651378631592, 527.0276069641113, 468.4023857116699, 411.9405746459961, 410.3977680206299, 416.4869785308838, 413.93423080444336, 518.7458992004395, 710.5402946472168, 413.62977027893066, 521.3210582733154, 520.9546089172363, 519.4122791290283, 913.2523536682129, 126.08051300048828, 1290.3575897216797, 1289.025068283081, 1292.0410633087158, 1293.7183380126953, 1281.47554397583, 906.4767360687256, 902.2119045257568, 904.0699005126953, 1280.7338237762451, 1294.2345142364502, 1285.914659500122, 913.0022525787354, 714.5226001739502, 600.4197597503662, 1299.2582321166992, 1299.7472286224365, 1296.6351509094238, 917.9186820983887, 717.1080112457275, 600.0347137451172, 718.8959121704102, 599.0729331970215, 1313.2240772247314, 1302.0308017730713, 1291.0246849060059, 1294.2426204681396, 1298.4704971313477, 1296.8673706054688, 526.1976718902588, 915.2131080627441, 911.1571311950684, 915.093183517456, 915.5552387237549, 918.5037612915039, 909.9912643432617, 913.2797718048096, 907.829999923706, 713.0258083343506, 603.4290790557861, 709.716796875, 595.9980487823486, 597.3517894744873, 594.2990779876709, 711.7664813995361, 706.5300941467285, 908.4703922271729, 905.327320098877, 905.9460163116455, 908.1523418426514, 913.4445190429688, 603.5869121551514, 719.3920612335205, 597.7780818939209, 417.80591011047363, 421.567440032959, 520.0085639953613, 520.2853679656982, 517.7145004272461, 516.3776874542236, 520.6913948059082, 515.8576965332031, 906.235933303833, 516.1781311035156, 49.93414878845215, 47.50490188598633, 41.69654846191406, 904.0145874023438, 905.4069519042969, 901.6878604888916, 908.0276489257812, 900.7046222686768, 904.4208526611328, 515.2297019958496, 466.84789657592773, 418.99847984313965, 405.2395820617676, 413.6667251586914, 413.5124683380127, 515.4218673706055, 711.9388580322266, 418.135404586792, 520.5950736999512, 517.2770023345947, 515.3822898864746, 904.7846794128418, 122.66016006469727, 1286.2956523895264, 1306.178331375122, 1294.6498394012451, 1280.9195518493652, 1269.4485187530518, 902.4269580841064, 902.8193950653076, 900.3713130950928, 1284.5635414123535, 1285.4175567626953, 1283.043384552002, 903.9895534515381, 706.7210674285889, 593.757152557373, 1282.4070453643799, 1288.4550094604492, 1279.4098854064941, 903.099536895752, 711.3997936248779, 595.015287399292, 709.2900276184082, 592.7450656890869, 1279.1638374328613, 1274.6751308441162, 1277.2777080535889, 1275.2633094787598, 1271.916151046753, 1275.0880718231201, 1066.704273223877, 904.2537212371826, 906.0418605804443, 904.0117263793945, 900.2692699432373, 907.0804119110107, 912.2388362884521, 906.9814682006836, 908.8828563690186, 712.6767635345459, 597.6912975311279, 714.205265045166, 595.8023071289062, 598.383903503418, 600.3625392913818, 711.144208908081, 713.064432144165, 913.8331413269043, 908.9231491088867, 908.940315246582, 919.5084571838379, 907.8624248504639, 606.6915988922119, 717.2551155090332, 605.010986328125, 428.8763999938965, 428.84182929992676, 520.9510326385498, 527.0195007324219, 520.8792686462402, 529.0920734405518, 521.7053890228271, 520.409345626831, 908.1225395202637, 513.9932632446289, 51.00083351135254, 49.6973991394043, 46.1270809173584, 912.3516082763672, 910.2640151977539, 904.7632217407227, 905.2691459655762, 914.5691394805908, 907.5732231140137, 522.2156047821045, 452.06761360168457, 402.4391174316406, 401.9765853881836, 399.48511123657227, 398.25987815856934, 518.8298225402832, 714.6971225738525, 414.8726463317871, 519.233226776123, 518.8038349151611, 515.859842300415, 907.728910446167, 1437.5278949737549, 1292.738437652588, 1289.7305488586426, 1289.3733978271484, 1297.1818447113037, 1300.1484870910645, 913.5208129882812, 916.1045551300049, 913.7744903564453, 1299.0405559539795, 1287.1601581573486, 1301.4793395996094, 914.4911766052246, 716.1822319030762, 604.2871475219727, 1294.8579788208008, 1307.004451751709, 1304.3022155761719, 913.158655166626, 717.5767421722412, 593.4669971466064, 709.8381519317627, 602.7500629425049, 1290.1878356933594, 1290.6370162963867, 1291.024923324585, 1303.1563758850098, 1291.3236618041992, 1290.2569770812988, 518.7911987304688, 904.571533203125, 907.0124626159668, 908.1909656524658, 909.6369743347168, 903.648853302002, 903.2037258148193, 901.1993408203125, 912.3303890228271, 696.1510181427002, 591.0735130310059, 707.2789669036865, 592.0915603637695, 591.7849540710449, 592.705488204956, 707.7367305755615, 714.1885757446289, 907.0663452148438, 903.1305313110352, 903.7606716156006, 906.3594341278076, 908.4086418151855, 590.7320976257324, 702.9485702514648, 591.3422107696533, 409.13844108581543, 419.56162452697754, 518.2867050170898, 509.2599391937256, 519.4978713989258, 514.4433975219727, 516.4604187011719, 515.4561996459961, 908.5466861724854, 520.3590393066406, 48.22134971618652, 48.20752143859863, 41.76163673400879, 902.1596908569336, 895.8446979522705, 908.5164070129395, 898.6353874206543, 901.0288715362549, 901.2258052825928, 516.0012245178223, 460.04414558410645, 403.7904739379883, 402.4074077606201, 401.1504650115967, 401.17955207824707, 515.5079364776611, 698.1024742126465, 401.59034729003906, 513.9150619506836, 515.4738426208496, 516.202449798584, 900.0766277313232, 1427.3552894592285, 1274.9953269958496, 1273.9741802215576, 1277.6963710784912, 1285.1598262786865, 1286.6296768188477, 904.6339988708496, 905.1120281219482, 904.2375087738037, 1283.7092876434326, 1280.7538509368896, 1286.2498760223389, 901.1337757110596, 696.6371536254883, 