{"pareto_front_0": [[5], [5, 7]], "pareto_front_1": [[2], [2, 3], [2, 3, 4], [2, 3, 4, 5]], "pareto_front_2": [[5], [5, 8]], "pareto_front_3": [[2], [2, 3], [2, 3, 5], [2, 3, 5, 6], [2, 3, 5, 6, 8]], "pareto_front_4": [[2], [2, 3], [2, 3, 5], [2, 3, 5, 7]], "pareto_front_5": [[4], [4, 5], [4, 5, 7]], "pareto_front_6": [[6], [6, 7]], "pareto_front_7": [[2], [2, 3], [2, 3, 5], [2, 3, 5, 6], [2, 3, 5, 6, 8]], "pareto_front_8": [[4], [4, 5]], "pareto_front_9": [[2], [2, 3], [2, 3, 6]], "mean_qpu_run_time(ms)": 800.4804207296933, "stdev_qpu_run_time(ms)": 314.2826304655312, "all_qpu_run_times(ms)": [410.86387634277344, 412.3711585998535, 538.8803482055664, 518.8584327697754, 517.0567035675049, 905.2798748016357, 516.552209854126, 905.315637588501, 515.9673690795898, 45.881032943725586, 54.87966537475586, 909.9764823913574, 900.0847339630127, 904.681921005249, 899.9302387237549, 905.6916236877441, 471.6031551361084, 417.621374130249, 407.30905532836914, 412.4186038970947, 405.57098388671875, 514.6868228912354, 707.7269554138184, 408.34951400756836, 512.606143951416, 893.7089443206787, 510.0719928741455, 514.7931575775146, 507.8730583190918, 901.0193347930908, 131.55698776245117, 1285.4256629943848, 1279.8795700073242, 1273.655652999878, 1279.2696952819824, 1275.3868103027344, 898.1373310089111, 900.6218910217285, 902.2917747497559, 1286.9324684143066, 1285.1426601409912, 1288.5537147521973, 902.8453826904297, 708.2858085632324, 964.8900032043457, 903.303861618042, 903.8915634155273, 902.3985862731934, 705.4805755615234, 594.9661731719971, 714.7696018218994, 598.8411903381348, 1298.177719116211, 1288.8453006744385, 1295.624017715454, 1297.4653244018555, 1292.323112487793, 1296.6649532318115, 520.653486251831, 713.7019634246826, 602.3023128509521, 908.2682132720947, 907.1815013885498, 906.7175388336182, 908.3750247955322, 908.0033302307129, 911.2467765808105, 905.1785469055176, 906.170129776001, 710.47043800354, 592.6470756530762, 710.4017734527588, 713.6983871459961, 602.7112007141113, 602.9033660888672, 602.3027896881104, 603.0209064483643, 723.1662273406982, 708.4085941314697, 1303.175449371338, 1294.464111328125, 716.4108753204346, 599.2202758789062, 914.7429466247559, 710.0703716278076, 413.23161125183105, 413.81192207336426, 522.2117900848389, 523.4861373901367, 520.9789276123047, 912.3148918151855, 520.317792892456, 911.9620323181152, 524.8534679412842, 45.30477523803711, 64.11933898925781, 916.0254001617432, 914.719820022583, 913.7582778930664, 909.7626209259033, 910.4487895965576, 469.5758819580078, 415.00377655029297, 411.88526153564453, 413.3744239807129, 405.36952018737793, 510.8835697174072, 710.134744644165, 417.9377555847168, 513.3194923400879, 911.8862152099609, 521.9612121582031, 519.9394226074219, 520.8883285522461, 905.8001041412354, 469.24352645874023, 1295.9976196289062, 1292.7606105804443, 1301.154613494873, 1279.7541618347168, 1274.524211883545, 907.8691005706787, 903.2268524169922, 903.8519859313965, 1292.8860187530518, 1278.5799503326416, 1287.3082160949707, 902.6515483856201, 705.5103778839111, 584.1898918151855, 899.4712829589844, 906.2962532043457, 913.1865501403809, 708.7595462799072, 595.1714515686035, 711.6496562957764, 587.4032974243164, 1292.4296855926514, 1283.7474346160889, 1275.5630016326904, 1290.4465198516846, 1285.0651741027832, 1288.8424396514893, 516.730546951294, 705.1098346710205, 596.3535308837891, 903.893232345581, 1299.9649047851562, 906.9766998291016, 906.9533348083496, 907.8571796417236, 913.6950969696045, 906.2533378601074, 914.635181427002, 709.1917991638184, 599.6131896972656, 716.080904006958, 713.5767936706543, 603.4531593322754, 599.0698337554932, 598.076343536377, 598.6495018005371, 713.4087085723877, 715.1408195495605, 1306.9393634796143, 1295.372486114502, 723.3505249023438, 600.4929542541504, 913.3768081665039, 711.6603851318359, 416.63360595703125, 414.1242504119873, 522.205114364624, 522.5670337677002, 517.5809860229492, 914.2730236053467, 522.0897197723389, 908.306360244751, 519.1164016723633, 48.015594482421875, 51.34725570678711, 909.4562530517578, 907.8364372253418, 925.4415035247803, 907.6402187347412, 913.1839275360107, 472.5613594055176, 417.39583015441895, 412.40811347961426, 414.48092460632324, 419.3599224090576, 517.8935527801514, 715.4648303985596, 415.1349067687988, 515.4080390930176, 912.513017654419, 519.6199417114258, 524.6365070343018, 521.2244987487793, 914.618730545044, 109.38668251037598, 1300.6465435028076, 1296.6067790985107, 1295.166254043579, 1296.8099117279053, 1294.6233749389648, 916.8195724487305, 916.4965152740479, 916.1458015441895, 1304.6400547027588, 1292.8378582000732, 1294.4049835205078, 914.6161079406738, 728.5177707672119, 603.8031578063965, 909.5301628112793, 908.9186191558838, 906.0726165771484, 707.2229385375977, 596.0021018981934, 711.9982242584229, 594.531774520874, 1293.4725284576416, 1301.7029762268066, 1292.5679683685303, 1293.1756973266602, 1297.6586818695068, 1283.245325088501, 513.7186050415039, 716.1507606506348, 585.8581066131592, 903.052806854248, 901.2703895568848, 909.3441963195801, 905.1253795623779, 904.4852256774902, 908.273458480835, 905.205488204956, 905.8935642242432, 706.0327529907227, 593.5509204864502, 713.6969566345215, 714.7214412689209, 598.8740921020508, 597.233772277832, 597.4273681640625, 595.6559181213379, 713.4530544281006, 709.7253799438477, 1283.1954956054688, 1285.2635383605957, 708.763837814331, 598.7739562988281, 904.6709537506104, 705.0895690917969, 415.36402702331543, 417.5260066986084, 518.3720588684082, 519.4485187530518, 519.6108818054199, 904.0772914886475, 519.3779468536377, 907.846212387085, 515.9933567047119, 45.824289321899414, 58.54511260986328, 902.1341800689697, 902.8847217559814, 902.1139144897461, 900.7668495178223, 898.8237380981445, 460.2770805358887, 409.01780128479004, 826.3905048370361, 416.52822494506836, 410.02607345581055, 508.9900493621826, 710.986852645874, 411.1607074737549, 515.4321193695068, 907.0873260498047, 520.1869010925293, 519.7911262512207, 522.6330757141113, 909.4164371490479, 1474.5090007781982, 1293.9116954803467, 1293.0397987365723, 1288.1441116333008, 1286.9110107421875, 1304.328203201294, 912.2180938720703, 913.6691093444824, 913.3284091949463, 1292.7515506744385, 1294.4409847259521, 1303.2727241516113, 911.060094833374, 710.9675407409668, 600.6224155426025, 907.7484607696533, 908.3318710327148, 906.3949584960938, 713.4027481079102, 596.6324806213379, 712.3708724975586, 601.6032695770264, 1355.3662300109863, 1307.8019618988037, 1290.5588150024414, 1297.1618175506592, 1293.8368320465088, 1292.5689220428467, 522.9270458221436, 717.7748680114746, 595.8306789398193, 916.985034942627, 910.0239276885986, 907.9787731170654, 914.4496917724609, 918.6859130859375, 913.7687683105469, 912.2226238250732, 914.6409034729004, 714.8101329803467, 601.9749641418457, 713.2730484008789, 717.7348136901855, 606.3945293426514, 593.5730934143066, 600.1336574554443, 597.5663661956787, 713.8004302978516, 722.8043079376221, 1292.9551601409912, 1298.9764213562012, 715.3151035308838, 595.2067375183105, 910.8057022094727, 715.7249450683594, 410.916805267334, 416.84818267822266, 522.1908092498779, 516.0644054412842, 516.0751342773438, 909.6109867095947, 521.3704109191895, 903.6757946014404, 514.6880149841309, 39.40892219543457, 53.25007438659668, 903.1260013580322, 902.014970779419, 901.336669921875, 903.526782989502, 904.1342735290527, 463.45019340515137, 413.0239486694336, 409.78026390075684, 406.0547351837158, 408.89430046081543, 517.6622867584229, 708.3725929260254, 413.346529006958, 521.9495296478271, 903.815507888794, 513.5648250579834, 514.7080421447754, 512.0329856872559, 906.7122936248779, 1449.2559432983398, 1285.7723236083984, 1291.5945053100586, 1285.7859134674072, 1275.35080909729, 1269.305944442749, 902.606725692749, 900.3441333770752, 903.0861854553223, 1282.6600074768066, 1289.7851467132568, 1308.7074756622314, 904.0877819061279, 708.9624404907227, 596.7774391174316, 906.5494537353516, 