{"pareto_front_0": [[1]], "pareto_front_1": [[0]], "pareto_front_2": [[1]], "pareto_front_3": [[0], [0, 1], [0, 1, 10], [0, 1, 10, 11], [0, 1, 10, 11, 12], [0, 1, 10, 11, 12, 19]], "pareto_front_4": [[0]], "pareto_front_5": [[1]], "pareto_front_6": [[0], [0, 10], [0, 10, 11], [0, 10, 11, 12], [0, 10, 11, 12, 19]], "pareto_front_7": [[1], [1, 10], [1, 10, 11], [1, 10, 11, 12], [1, 10, 11, 12, 19]], "pareto_front_8": [[1], [1, 10], [1, 10, 11], [1, 10, 11, 12], [1, 10, 11, 12, 19]], "pareto_front_9": [[1], [1, 10], [1, 10, 11], [1, 10, 11, 12], [1, 10, 11, 12, 19]], "mean_qpu_run_time(ms)": 747.6921887774216, "stdev_qpu_run_time(ms)": 392.9633834387981, "all_qpu_run_times(ms)": [519.4058418273926, 411.4863872528076, 1288.5470390319824, 910.4893207550049, 516.8969631195068, 1285.761833190918, 400.2575874328613, 408.9391231536865, 133.6081027984619, 912.7342700958252, 714.7197723388672, 458.88376235961914, 410.7520580291748, 513.4897232055664, 459.5048427581787, 99.89237785339355, 1286.9858741760254, 590.4519557952881, 456.1433792114258, 590.9156799316406, 412.5790596008301, 1283.6146354675293, 589.9691581726074, 592.7753448486328, 141.2041187286377, 465.395450592041, 518.1026458740234, 591.3505554199219, 592.5037860870361, 516.4635181427002, 71.5935230255127, 71.35772705078125, 458.6803913116455, 53.27653884887695, 44.79861259460449, 145.9646224975586, 93.94431114196777, 1313.4098052978516, 1287.172794342041, 1279.2699337005615, 1268.010139465332, 1282.2885513305664, 454.3473720550537, 1292.2382354736328, 1285.2206230163574, 920.2511310577393, 707.8425884246826, 597.4597930908203, 1180.2256107330322, 709.0713977813721, 914.0374660491943, 908.0758094787598, 904.9990177154541, 911.4699363708496, 907.1459770202637, 1292.1183109283447, 1289.9165153503418, 913.1278991699219, 716.2842750549316, 602.5645732879639, 713.8206958770752, 602.1754741668701, 598.5827445983887, 597.7151393890381, 716.1452770233154, 601.8383502960205, 908.4222316741943, 911.94748878479, 909.1620445251465, 1298.8519668579102, 1311.1040592193604, 1296.229362487793, 1291.5277481079102, 1290.5621528625488, 1290.9083366394043, 462.9092216491699, 520.1804637908936, 405.4245948791504, 1290.1661396026611, 910.5839729309082, 521.1677551269531, 1302.1631240844727, 417.27185249328613, 414.4108295440674, 121.0489273071289, 916.1624908447266, 717.235803604126, 459.83338356018066, 412.8458499908447, 519.5317268371582, 462.9476070404053, 95.35074234008789, 1285.6695652008057, 601.1066436767578, 469.1615104675293, 595.0262546539307, 417.3767566680908, 1302.103042602539, 592.4053192138672, 594.663143157959, 154.31618690490723, 467.0233726501465, 509.1392993927002, 594.6228504180908, 588.1245136260986, 520.2887058258057, 54.27670478820801, 71.39277458190918, 457.9339027404785, 42.639970779418945, 40.769100189208984, 107.32531547546387, 65.18197059631348, 933.5229396820068, 1284.2762470245361, 1274.15132522583, 1280.4138660430908, 1282.5243473052979, 455.29913902282715, 1270.742416381836, 1277.475118637085, 894.4859504699707, 697.1118450164795, 583.258867263794, 899.2445468902588, 707.369327545166, 896.4669704437256, 894.5164680480957, 888.7133598327637, 896.540641784668, 894.2978382110596, 1274.3914127349854, 1277.632713317871, 888.373613357544, 701.4172077178955, 583.4500789642334, 695.8389282226562, 585.7276916503906, 589.3898010253906, 593.2064056396484, 694.9291229248047, 585.7663154602051, 894.564151763916, 901.2253284454346, 898.1213569641113, 1272.7055549621582, 1285.0992679595947, 1562.5004768371582, 1284.9326133728027, 1285.0258350372314, 1294.0027713775635, 456.8626880645752, 519.127368927002, 411.9832515716553, 1285.1617336273193, 904.8962593078613, 528.3207893371582, 1291.747808456421, 410.98880767822266, 419.2395210266113, 137.4187469482422, 908.5721969604492, 709.7349166870117, 460.2398872375488, 411.90075874328613, 516.9360637664795, 461.444616317749, 97.25737571716309, 1299.6819019317627, 595.1864719390869, 459.65075492858887, 598.1910228729248, 403.4891128540039, 1288.8460159301758, 590.6548500061035, 590.6200408935547, 135.92958450317383, 454.2117118835449, 515.6919956207275, 589.5724296569824, 588.0885124206543, 513.7887001037598, 81.77876472473145, 83.50157737731934, 455.9459686279297, 47.898054122924805, 58.985233306884766, 278.8059711456299, 85.3416919708252, 1341.2518501281738, 1297.4836826324463, 1294.466257095337, 1292.5081253051758, 1290.9293174743652, 465.66176414489746, 1294.243574142456, 1297.5976467132568, 904.6132564544678, 713.5040760040283, 601.0708808898926, 909.8730087280273, 699.3257999420166, 905.9338569641113, 906.1908721923828, 905.1830768585205, 903.9478302001953, 901.1213779449463, 1286.9212627410889, 1314.1930103302002, 900.3293514251709, 707.2901725769043, 588.961124420166, 709.6350193023682, 588.1161689758301, 585.620641708374, 590.2402400970459, 701.2765407562256, 582.8685760498047, 899.7111320495605, 898.3004093170166, 899.5378017425537, 1283.886432647705, 1286.107063293457, 1275.5413055419922, 1278.698444366455, 1276.8402099609375, 1274.454116821289, 455.66701889038086, 515.3467655181885, 402.6908874511719, 1276.8781185150146, 895.409107208252, 514.0411853790283, 1276.120901107788, 401.9296169281006, 402.38237380981445, 122.14899063110352, 901.2620449066162, 703.9194107055664, 463.14215660095215, 401.30138397216797, 514.7113800048828, 452.8005123138428, 108.78705978393555, 1274.9223709106445, 887.7849578857422, 448.67753982543945, 590.5811786651611, 417.71602630615234, 1281.0337543487549, 603.4820079803467, 588.1004333496094, 110.68511009216309, 462.2979164123535, 514.6269798278809, 591.4876461029053, 590.3708934783936, 521.6355323791504, 82.5493335723877, 72.43108749389648, 459.5060348510742, 47.720909118652344, 52.22010612487793, 222.10025787353516, 93.32919120788574, 1335.4675769805908, 1293.5223579406738, 1293.0240631103516, 1286.4553928375244, 1282.604694366455, 468.93930435180664, 1285.4738235473633, 1279.5212268829346, 902.0261764526367, 704.7784328460693, 619.4565296173096, 942.3468112945557, 710.1728916168213, 908.6699485778809, 906.8763256072998, 907.289981842041, 907.4649810791016, 903.2392501831055, 1289.8306846618652, 1287.1217727661133, 911.8199348449707, 714.5097255706787, 598.2537269592285, 718.3685302734375, 600.8992195129395, 605.3123474121094, 600.1346111297607, 713.1428718566895, 597.7728366851807, 914.9577617645264, 909.6424579620361, 912.395715713501, 1287.4584197998047, 1286.085844039917, 1286.23628616333, 1279.412031173706, 1281.3448905944824, 1276.4079570770264, 454.4677734375, 515.3183937072754, 414.5958423614502, 1282.3920249938965, 908.0734252929688, 519.0112590789795, 1282.5183868408203, 408.89525413513184, 403.5623073577881, 95.6263542175293, 900.6133079528809, 697.484016418457, 459.7330093383789, 402.6980400085449, 510.99133491516113, 455.0755023956299, 95.37482261657715, 1279.6642780303955, 595.8695411682129, 459.9156379699707, 595.1659679412842, 405.3962230682373, 1276.322841644287, 584.7101211547852, 584.9418640136719, 130.57613372802734, 458.90331268310547, 513.1852626800537, 589.0533924102783, 585.1848125457764, 508.5632801055908, 60.16206741333008, 72.8154182434082, 463.9468193054199, 49.23701286315918, 56.2441349029541, 210.71362495422363, 82.37934112548828, 1085.1821899414062, 1274.1200923919678, 1276.2327194213867, 1272.1033096313477, 1274.937629699707, 455.585241317749, 1268.0003643035889, 1273.8416194915771, 1221.4415073394775, 706.6378593444824, 594.8021411895752, 902.7824401855469, 709.8164558410645, 911.0743999481201, 909.6367359161377, 903.5797119140625, 915.3790473937988, 911.8366241455078, 1300.2417087554932, 1289.9513244628906, 906.538724899292, 693.2365894317627, 603.0704975128174, 720.2396392822266, 592.7188396453857, 597.2599983215332, 602.0832061767578, 712.7811908721924, 601.4444828033447, 905.4250717163086, 903.064489364624, 904.4578075408936, 1278.9885997772217, 1278.7861824035645, 1283.6906909942627, 1289.5441055297852, 1279.081106185913, 1291.412115097046, 473.91724586486816, 521.4152336120605, 