{"pareto_front_0": [[0], [0, 10], [0, 10, 11], [0, 10, 11, 12], [0, 10, 11, 12, 19]], "pareto_front_1": [[1], [1, 10], [1, 10, 11], [1, 10, 11, 12], [1, 10, 11, 12, 19]], "pareto_front_2": [[0]], "pareto_front_3": [[0]], "pareto_front_4": [[0], [0, 1], [0, 1, 10], [0, 1, 10, 11], [0, 1, 10, 11, 12], [0, 1, 10, 11, 12, 19]], "pareto_front_5": [[1], [1, 10], [1, 10, 11], [1, 10, 11, 12], [1, 10, 11, 12, 19]], "pareto_front_6": [[1]], "pareto_front_7": [[0]], "pareto_front_8": [[1]], "pareto_front_9": [[0]], "mean_qpu_run_time(ms)": 743.9640112825342, "stdev_qpu_run_time(ms)": 356.2915766840891, "all_qpu_run_times(ms)": [548.5200881958008, 430.5121898651123, 1395.2617645263672, 1063.9622211456299, 550.7769584655762, 1304.7499656677246, 421.35047912597656, 904.7095775604248, 416.26834869384766, 173.97785186767578, 923.8767623901367, 465.73591232299805, 541.7861938476562, 519.0656185150146, 469.82526779174805, 170.33982276916504, 1354.9787998199463, 624.4072914123535, 541.4323806762695, 613.4212017059326, 1289.8695468902588, 598.7815856933594, 593.9948558807373, 81.69746398925781, 1287.7671718597412, 457.69453048706055, 515.1703357696533, 587.7833366394043, 589.1876220703125, 587.6483917236328, 469.03395652770996, 85.1590633392334, 414.83068466186523, 456.02989196777344, 52.05273628234863, 49.40485954284668, 159.18445587158203, 93.06192398071289, 108.15691947937012, 1280.9257507324219, 1299.1313934326172, 1290.2376651763916, 1290.6980514526367, 1276.2377262115479, 897.0680236816406, 901.1032581329346, 699.3088722229004, 591.6435718536377, 596.1112976074219, 1290.381669998169, 894.0260410308838, 1276.5371799468994, 1273.984432220459, 899.9114036560059, 902.4393558502197, 901.4184474945068, 901.2365341186523, 902.4345874786377, 895.0145244598389, 698.8186836242676, 595.4327583312988, 696.6712474822998, 709.6428871154785, 700.1230716705322, 705.7170867919922, 698.2522010803223, 900.1555442810059, 899.3587493896484, 898.5693454742432, 902.7767181396484, 904.1717052459717, 900.6040096282959, 906.8994522094727, 904.2079448699951, 515.9914493560791, 411.8843078613281, 1290.644884109497, 900.2532958984375, 518.984317779541, 1444.3304538726807, 403.00941467285156, 904.4754505157471, 414.1240119934082, 216.49956703186035, 900.7961750030518, 452.41498947143555, 396.7878818511963, 520.1618671417236, 454.3571472167969, 152.01687812805176, 1279.4015407562256, 593.4650897979736, 514.5952701568604, 594.6152210235596, 1292.9623126983643, 592.153787612915, 585.2489471435547, 155.25293350219727, 1296.7898845672607, 461.23361587524414, 518.5296535491943, 588.0200862884521, 587.2602462768555, 593.1189060211182, 459.87606048583984, 75.36959648132324, 412.31679916381836, 465.47913551330566, 43.09487342834473, 50.707340240478516, 133.09264183044434, 81.93850517272949, 1346.0173606872559, 1286.020278930664, 1303.7164211273193, 1295.6509590148926, 1296.6835498809814, 1295.2628135681152, 906.3472747802734, 907.6945781707764, 708.7929248809814, 595.7496166229248, 595.0849056243896, 1291.346549987793, 905.5361747741699, 1287.3573303222656, 1287.0450019836426, 903.2111167907715, 897.6757526397705, 901.2966156005859, 901.8735885620117, 905.5583477020264, 905.5900573730469, 703.2580375671387, 590.5337333679199, 703.4296989440918, 705.6238651275635, 701.256275177002, 704.2679786682129, 703.6325931549072, 900.6862640380859, 902.3892879486084, 902.1282196044922, 902.3246765136719, 900.9542465209961, 904.2177200317383, 902.5788307189941, 1070.3437328338623, 514.1282081604004, 407.4399471282959, 1280.0683975219727, 900.0029563903809, 517.2088146209717, 1274.2631435394287, 407.47594833374023, 901.256799697876, 406.16488456726074, 209.19394493103027, 903.1679630279541, 465.46459197998047, 414.4256114959717, 522.1195220947266, 463.8948440551758, 169.91758346557617, 1286.1518859863281, 591.6750431060791, 515.3100490570068, 594.9132442474365, 1276.885986328125, 591.8393135070801, 589.2219543457031, 141.4947509765625, 1283.0908298492432, 452.5489807128906, 520.7350254058838, 593.2900905609131, 593.7612056732178, 595.0024127960205, 465.3189182281494, 96.74215316772461, 418.87664794921875, 458.86898040771484, 42.58298873901367, 47.55353927612305, 267.4543857574463, 86.9605541229248, 700.3977298736572, 1289.4480228424072, 1285.1824760437012, 1275.1154899597168, 1265.6493186950684, 1264.5232677459717, 894.7832584381104, 900.7580280303955, 705.2791118621826, 591.4864540100098, 587.7809524536133, 1283.508062362671, 903.0294418334961, 1277.7845859527588, 1281.6684246063232, 897.6385593414307, 900.3467559814453, 904.0122032165527, 901.9501209259033, 898.0040550231934, 896.050214767456, 702.085018157959, 589.8990631103516, 698.4522342681885, 702.9216289520264, 706.0894966125488, 702.3575305938721, 700.0181674957275, 897.179365158081, 899.1942405700684, 900.5143642425537, 1087.0296955108643, 894.7727680206299, 904.9134254455566, 905.9836864471436, 901.538610458374, 515.5436992645264, 406.94689750671387, 1284.6088409423828, 898.9598751068115, 518.7580585479736, 1281.3913822174072, 403.58996391296387, 907.1762561798096, 405.16138076782227, 220.3960418701172, 903.433084487915, 453.7994861602783, 400.63929557800293, 514.5020484924316, 456.0256004333496, 151.1669158935547, 1287.1034145355225, 597.3379611968994, 517.899751663208, 603.90305519104, 1303.7564754486084, 586.7438316345215, 598.9556312561035, 143.84174346923828, 1283.5073471069336, 458.8932991027832, 515.784740447998, 594.1951274871826, 587.3208045959473, 585.7281684875488, 457.2904109954834, 80.10220527648926, 401.4711380004883, 457.1352005004883, 46.5085506439209, 48.49886894226074, 171.42128944396973, 90.3475284576416, 1148.3118534088135, 1281.6240787506104, 1279.952049255371, 1281.0964584350586, 1283.5519313812256, 1274.4598388671875, 895.9622383117676, 901.9508361816406, 698.3804702758789, 596.9419479370117, 590.6815528869629, 1284.0025424957275, 899.6186256408691, 1287.2684001922607, 1283.3216190338135, 901.7486572265625, 896.7535495758057, 903.587818145752, 901.216983795166, 898.5047340393066, 909.6143245697021, 701.7905712127686, 590.2373790740967, 715.1567935943604, 699.009895324707, 707.0176601409912, 697.6346969604492, 898.8454341888428, 902.9901027679443, 905.2743911743164, 901.4918804168701, 900.8069038391113, 903.7868976593018, 905.3280353546143, 904.7460556030273, 904.3524265289307, 519.2553997039795, 413.33770751953125, 1288.5284423828125, 899.5623588562012, 512.2718811035156, 1283.9014530181885, 411.58556938171387, 903.0697345733643, 404.7551155090332, 216.90773963928223, 905.9734344482422, 464.32971954345703, 407.254695892334, 512.2199058532715, 457.4863910675049, 140.98381996154785, 1292.7086353302002, 595.3280925750732, 520.6170082092285, 596.5845584869385, 1281.6112041473389, 590.0547504425049, 592.6010608673096, 178.06172370910645, 1292.6769256591797, 459.1631889343262, 520.5287933349609, 596.9209671020508, 592.332124710083, 602.2448539733887, 471.73023223876953, 110.60762405395508, 419.76022720336914, 472.7492332458496, 46.23150825500488, 53.88665199279785, 221.80461883544922, 80.78432083129883, 1323.8661289215088, 1280.3151607513428, 1280.3733348846436, 1286.8056297302246, 1290.0495529174805, 1275.336503982544, 895.0355052947998, 897.118330001831, 706.960916519165, 594.4359302520752, 586.8403911590576, 1276.2846946716309, 900.5000591278076, 1275.5181789398193, 1273.7982273101807, 897.4075317382812, 899.4133472442627, 915.8487319946289, 895.4191207885742, 900.2199172973633, 906.292200088501, 704.3700218200684, 585.7322216033936, 704.1845321655273, 697.7882385253906, 703.6864757537842, 705.2147388458252, 708.9126110076904, 1108.2379817962646, 899.6024131774902, 901.3988971710205, 909.1942310333252, 905.0157070159912, 903.6779403686523, 906.0819149017334, 912.5733375549316, 518.6483860015869, 412.4255180358887, 1287.006139755249, 902.5566577911377, 522.4583148956299, 1298.2892990112305, 417.2658920288086, 907.4287414550781, 406.3441753387451, 203.9949893951416, 905.9226512908936, 463.14215660095215, 408.19358825683594, 