{"pareto_front_0": [[2], [2, 3], [2, 3, 5], [2, 3, 5, 7]], "pareto_front_1": [[2], [2, 3], [2, 3, 5], [2, 3, 5, 8]], "pareto_front_2": [[2], [2, 3]], "pareto_front_3": [[2], [2, 3], [2, 3, 5], [2, 3, 5, 7]], "pareto_front_4": [[5], [5, 7]], "pareto_front_5": [[2], [2, 3], [2, 3, 5]], "pareto_front_6": [[5], [5, 8]], "pareto_front_7": [[2], [2, 3], [2, 3, 4], [2, 3, 4, 5], [2, 3, 4, 5, 6]], "pareto_front_8": [[2], [2, 3], [2, 3, 5]], "pareto_front_9": [[2], [2, 3], [2, 3, 4]], "mean_qpu_run_time(ms)": 793.8431274189669, "stdev_qpu_run_time(ms)": 315.1399222649391, "all_qpu_run_times(ms)": [405.82966804504395, 402.3146629333496, 519.9751853942871, 515.4972076416016, 516.0624980926514, 907.8855514526367, 518.8376903533936, 906.6457748413086, 511.7347240447998, 47.74022102355957, 57.45291709899902, 904.320240020752, 901.1139869689941, 899.0268707275391, 901.2596607208252, 902.4901390075684, 458.1491947174072, 413.0516052246094, 408.4451198577881, 404.5701026916504, 406.9979190826416, 508.29291343688965, 699.683427810669, 399.97267723083496, 512.5908851623535, 897.2139358520508, 515.470027923584, 517.3814296722412, 514.9917602539062, 900.0649452209473, 128.1893253326416, 1270.7445621490479, 1292.3259735107422, 1278.2297134399414, 1287.6951694488525, 1283.4770679473877, 897.4952697753906, 898.2906341552734, 899.82008934021, 1282.8593254089355, 1288.3248329162598, 1277.0726680755615, 902.7917385101318, 705.7545185089111, 589.270830154419, 899.8768329620361, 902.9316902160645, 902.5745391845703, 702.6665210723877, 593.6486721038818, 704.1797637939453, 592.4904346466064, 1277.4767875671387, 1279.7644138336182, 1682.4145317077637, 1279.0272235870361, 1276.9899368286133, 1284.6205234527588, 514.2972469329834, 707.3216438293457, 598.7527370452881, 903.8486480712891, 911.4513397216797, 911.221981048584, 911.0538959503174, 913.367748260498, 920.889139175415, 915.8711433410645, 916.1851406097412, 710.8194828033447, 594.5918560028076, 715.3728008270264, 711.4944458007812, 586.371898651123, 600.165605545044, 597.689151763916, 601.2303829193115, 723.8023281097412, 711.9255065917969, 1282.2163105010986, 1287.2514724731445, 709.9039554595947, 596.8036651611328, 910.5305671691895, 705.2285671234131, 405.09581565856934, 404.4675827026367, 516.1516666412354, 517.690896987915, 518.484354019165, 903.4380912780762, 517.2910690307617, 916.6603088378906, 516.343355178833, 44.36349868774414, 55.0847053527832, 912.0442867279053, 905.3456783294678, 908.959150314331, 906.31103515625, 911.2834930419922, 461.50875091552734, 409.3325138092041, 407.07898139953613, 405.9467315673828, 404.5369625091553, 519.1547870635986, 704.3399810791016, 408.2455635070801, 515.8417224884033, 910.4585647583008, 515.9440040588379, 513.8969421386719, 517.0392990112305, 908.2200527191162, 130.096435546875, 1286.841630935669, 1287.1644496917725, 1282.9878330230713, 1280.5774211883545, 1282.0723056793213, 897.8421688079834, 914.7493839263916, 912.2672080993652, 1290.9023761749268, 1280.759572982788, 1292.6082611083984, 904.681921005249, 697.6535320281982, 594.6307182312012, 897.3495960235596, 906.3739776611328, 903.810977935791, 699.8076438903809, 588.8233184814453, 703.5853862762451, 592.1096801757812, 1291.1295890808105, 1273.1211185455322, 1279.7038555145264, 1278.9490222930908, 1275.7344245910645, 1278.3019542694092, 511.2018585205078, 706.1629295349121, 591.881513595581, 898.2315063476562, 902.1127223968506, 897.7267742156982, 894.4120407104492, 902.5547504425049, 896.6405391693115, 902.1532535552979, 903.3100605010986, 703.6447525024414, 591.1664962768555, 707.5948715209961, 696.3598728179932, 592.3385620117188, 589.1685485839844, 585.702657699585, 589.3223285675049, 706.3770294189453, 726.9213199615479, 1335.1833820343018, 1294.187307357788, 1090.4150009155273, 595.5507755279541, 910.0594520568848, 711.9143009185791, 409.2073440551758, 416.60356521606445, 521.324634552002, 522.4041938781738, 519.547700881958, 908.2350730895996, 514.4138336181641, 898.796558380127, 522.6681232452393, 52.00815200805664, 60.01877784729004, 901.3092517852783, 904.4296741485596, 909.1513156890869, 917.6406860351562, 918.2286262512207, 472.09739685058594, 404.76274490356445, 415.82679748535156, 419.69871520996094, 424.9386787414551, 516.4058208465576, 715.7261371612549, 420.8550453186035, 525.35080909729, 918.1158542633057, 522.5811004638672, 518.9876556396484, 523.2093334197998, 911.752462387085, 1456.3634395599365, 1286.912202835083, 1289.9703979492188, 1287.9760265350342, 1283.3163738250732, 1285.5360507965088, 906.5437316894531, 908.3261489868164, 909.3563556671143, 1295.1388359069824, 1289.5116806030273, 1308.220386505127, 908.1401824951172, 712.3172283172607, 595.3562259674072, 906.6202640533447, 908.8747501373291, 909.9071025848389, 707.3578834533691, 596.5349674224854, 712.517499923706, 599.5395183563232, 1293.2054996490479, 1303.8861751556396, 1290.5821800231934, 1285.6824398040771, 1299.5209693908691, 1291.4149761199951, 521.1422443389893, 714.7402763366699, 596.9572067260742, 912.7683639526367, 913.6042594909668, 911.3061428070068, 905.9841632843018, 907.5808525085449, 905.5807590484619, 906.2290191650391, 909.151554107666, 703.2499313354492, 594.5582389831543, 702.8014659881592, 704.4382095336914, 586.6563320159912, 584.0964317321777, 581.298828125, 584.0883255004883, 703.6004066467285, 708.5449695587158, 1282.7916145324707, 1283.5109233856201, 706.8028450012207, 594.9966907501221, 900.4395008087158, 705.1191329956055, 410.94326972961426, 406.4929485321045, 518.6045169830322, 515.4895782470703, 514.3589973449707, 897.3112106323242, 520.3957557678223, 898.5240459442139, 510.6487274169922, 43.94865036010742, 51.279544830322266, 892.0149803161621, 900.3696441650391, 896.4049816131592, 903.9304256439209, 896.2905406951904, 458.5072994232178, 405.17449378967285, 409.4877243041992, 403.8386344909668, 403.9480686187744, 506.11209869384766, 702.7957439422607, 404.41131591796875, 521.1622714996338, 898.8676071166992, 513.7004852294922, 516.0515308380127, 507.8146457672119, 900.7053375244141, 138.02170753479004, 1279.2179584503174, 1274.9769687652588, 1283.172607421875, 1284.412145614624, 1290.1270389556885, 896.7006206512451, 898.8609313964844, 895.8742618560791, 1280.6921005249023, 1282.69624710083, 1286.5056991577148, 1338.1767272949219, 695.1851844787598, 588.5334014892578, 907.6054096221924, 906.7516326904297, 914.9343967437744, 710.2916240692139, 599.6139049530029, 703.258752822876, 600.32057762146, 1287.7202033996582, 1288.6073589324951, 1286.2772941589355, 1289.3767356872559, 1285.6721878051758, 1283.3383083343506, 518.7129974365234, 711.3509178161621, 598.0486869812012, 909.6295833587646, 908.9837074279785, 912.0285511016846, 915.116548538208, 902.8782844543457, 907.0842266082764, 907.4053764343262, 909.2724323272705, 704.5676708221436, 599.7629165649414, 703.9749622344971, 705.5232524871826, 595.5543518066406, 595.7081317901611, 596.3447093963623, 599.2996692657471, 708.4717750549316, 712.5992774963379, 1300.957202911377, 1296.3266372680664, 713.085412979126, 598.203182220459, 908.0276489257812, 710.2651596069336, 415.1928424835205, 415.524959564209, 528.7060737609863, 515.4023170471191, 519.8450088500977, 911.2510681152344, 516.9312953948975, 916.6262149810791, 529.2651653289795, 46.56863212585449, 54.42643165588379, 915.0159358978271, 912.9862785339355, 910.7131958007812, 909.4405174255371, 908.4000587463379, 466.8285846710205, 417.9215431213379, 411.3609790802002, 414.0923023223877, 410.66789627075195, 521.3809013366699, 718.7907695770264, 415.12322425842285, 519.6471214294434, 909.5902442932129, 526.4313220977783, 517.9095268249512, 525.0668525695801, 906.1558246612549, 128.5409927368164, 1276.9157886505127, 1279.418706893921, 1282.1784019470215, 1287.1971130371094, 1277.1248817443848, 906.3372611999512, 901.5233516693115, 903.728723526001, 1281.458854675293, 1278.8426876068115, 1273.5445499420166, 902.1587371826172, 708.3165645599365, 594.3753719329834, 908.4722995758057, 904.0927886962891, 