{"pareto_front_0": [[2], [2, 3], [2, 3, 5]], "pareto_front_1": [], "pareto_front_2": [[2], [2, 3], [2, 3, 5], [2, 3, 5, 8]], "pareto_front_3": [[2], [2, 3], [2, 3, 4], [2, 3, 4, 7]], "pareto_front_4": [[5], [5, 7]], "pareto_front_5": [[2], [2, 3], [2, 3, 4], [2, 3, 4, 7]], "pareto_front_6": [[2], [2, 3], [2, 3, 4], [2, 3, 4, 5]], "pareto_front_7": [[2], [2, 3], [2, 3, 4], [2, 3, 4, 5], [2, 3, 4, 5, 6]], "pareto_front_8": [[2], [2, 3], [2, 3, 5], [2, 3, 5, 7]], "pareto_front_9": [[2], [2, 3], [2, 3, 5], [2, 3, 5, 6]], "mean_qpu_run_time(ms)": 791.3397847219956, "stdev_qpu_run_time(ms)": 329.74979930279085, "all_qpu_run_times(ms)": [412.2886657714844, 415.3764247894287, 526.7388820648193, 532.5832366943359, 525.381326675415, 524.4333744049072, 523.9403247833252, 518.028974533081, 913.578987121582, 524.2717266082764, 50.10628700256348, 46.66781425476074, 53.79462242126465, 907.8335762023926, 911.473274230957, 914.7353172302246, 904.7043323516846, 910.2778434753418, 911.8363857269287, 513.5679244995117, 455.336332321167, 404.2341709136963, 408.8706970214844, 408.91146659851074, 407.45043754577637, 517.0316696166992, 712.0764255523682, 409.7011089324951, 517.2758102416992, 510.07843017578125, 512.946367263794, 913.1679534912109, 720.5536365509033, 1286.928653717041, 1274.8596668243408, 1288.4283065795898, 1288.3927822113037, 1295.8104610443115, 908.4739685058594, 907.951831817627, 907.0651531219482, 1298.3922958374023, 1300.2121448516846, 1297.3613739013672, 913.701057434082, 709.7928524017334, 606.3098907470703, 1295.0294017791748, 1296.7560291290283, 1292.0441627502441, 906.0277938842773, 713.8824462890625, 593.0280685424805, 704.4398784637451, 595.3738689422607, 1304.3158054351807, 1294.776201248169, 1290.1103496551514, 1296.1983680725098, 1297.2686290740967, 1314.7633075714111, 516.9827938079834, 911.7608070373535, 909.8618030548096, 906.6574573516846, 909.4316959381104, 906.1353206634521, 907.2659015655518, 906.2471389770508, 905.7376384735107, 706.6869735717773, 593.0995941162109, 709.4302177429199, 590.9440517425537, 594.0859317779541, 598.0770587921143, 711.3194465637207, 710.1271152496338, 901.8752574920654, 901.7577171325684, 910.5215072631836, 902.40478515625, 904.3149948120117, 596.571683883667, 712.4574184417725, 594.5570468902588, 415.1897430419922, 410.5710983276367, 521.0080146789551, 514.9221420288086, 515.873908996582, 515.4368877410889, 512.415885925293, 515.3102874755859, 902.8592109680176, 513.908863067627, 44.90804672241211, 49.76058006286621, 44.49915885925293, 899.5609283447266, 900.057315826416, 901.238203048706, 902.9130935668945, 898.9496231079102, 899.6615409851074, 515.7930850982666, 460.9661102294922, 409.54017639160156, 411.5147590637207, 416.5465831756592, 409.1501235961914, 512.1192932128906, 700.4690170288086, 395.9839344024658, 502.307653427124, 503.98898124694824, 507.69758224487305, 897.5608348846436, 364.5520210266113, 1266.6716575622559, 1290.1031970977783, 1286.1332893371582, 1284.228801727295, 1278.4688472747803, 897.953987121582, 901.3876914978027, 897.3245620727539, 1283.6260795593262, 1284.0392589569092, 1280.5376052856445, 934.0822696685791, 712.3064994812012, 592.1268463134766, 1830.8188915252686, 1281.069040298462, 1300.612211227417, 909.0385437011719, 711.7550373077393, 599.902868270874, 710.0198268890381, 592.2973155975342, 1293.3611869812012, 1294.6760654449463, 1287.7600193023682, 1283.6310863494873, 1287.6667976379395, 1288.3610725402832, 519.2203521728516, 911.9136333465576, 909.1413021087646, 910.8967781066895, 910.8719825744629, 916.999101638794, 913.6388301849365, 915.5800342559814, 915.4446125030518, 706.2976360321045, 602.9548645019531, 715.153694152832, 588.8690948486328, 593.3198928833008, 598.5739231109619, 711.8992805480957, 717.9780006408691, 906.7599773406982, 904.5741558074951, 902.2533893585205, 904.4256210327148, 905.8792591094971, 594.653844833374, 714.8168087005615, 593.0812358856201, 407.8710079193115, 411.4573001861572, 520.2865600585938, 518.1646347045898, 518.4941291809082, 517.380952835083, 515.6264305114746, 526.8056392669678, 907.7818393707275, 517.3306465148926, 44.464111328125, 43.87617111206055, 44.23999786376953, 906.2252044677734, 907.0444107055664, 912.4183654785156, 915.5025482177734, 912.1606349945068, 914.0985012054443, 524.9085426330566, 472.8875160217285, 420.6082820892334, 420.80116271972656, 425.8599281311035, 421.02718353271484, 525.5682468414307, 720.6320762634277, 420.3770160675049, 518.5670852661133, 519.9623107910156, 519.7186470031738, 906.6557884216309, 132.69281387329102, 1295.4206466674805, 1300.3382682800293, 1302.9794692993164, 1299.4112968444824, 1289.4275188446045, 909.1124534606934, 914.7970676422119, 917.9186820983887, 1292.3240661621094, 1296.7352867126465, 1292.6697731018066, 910.0050926208496, 714.1921520233154, 592.6527976989746, 1283.1401824951172, 1292.314052581787, 1296.776294708252, 908.4975719451904, 712.578296661377, 594.0728187561035, 710.2057933807373, 598.541259765625, 1279.597282409668, 1274.0614414215088, 1285.1827144622803, 1299.8788356781006, 1283.5981845855713, 1289.6764278411865, 516.1471366882324, 906.2426090240479, 903.7861824035645, 899.6303081512451, 897.5820541381836, 900.8755683898926, 903.8662910461426, 901.057243347168, 899.1780281066895, 699.8474597930908, 595.383882522583, 704.448938369751, 588.7603759765625, 583.9414596557617, 586.0836505889893, 705.1267623901367, 697.0651149749756, 898.1320858001709, 900.7446765899658, 897.0446586608887, 900.5427360534668, 897.1891403198242, 586.7612361907959, 702.3284435272217, 586.9669914245605, 410.7177257537842, 404.1707515716553, 516.8101787567139, 514.8148536682129, 516.5770053863525, 511.89374923706055, 515.9978866577148, 508.11147689819336, 901.8723964691162, 518.9645290374756, 44.69037055969238, 43.33209991455078, 48.323631286621094, 904.5073986053467, 905.487060546875, 891.1285400390625, 903.2127857208252, 901.9255638122559, 900.4940986633301, 517.4276828765869, 455.2774429321289, 398.740291595459, 403.8379192352295, 407.9124927520752, 400.1948833465576, 515.5344009399414, 703.0947208404541, 405.8570861816406, 517.6517963409424, 511.0354423522949, 510.8673572540283, 903.4006595611572, 480.24559020996094, 1838.6023044586182, 1285.290241241455, 1280.0469398498535, 1285.6614589691162, 1301.1953830718994, 902.8172492980957, 912.7650260925293, 912.2073650360107, 1289.4988059997559, 1287.2519493103027, 1300.2235889434814, 913.3484363555908, 710.0484371185303, 602.1561622619629, 1309.8211288452148, 1306.628942489624, 1325.5431652069092, 921.9787120819092, 718.2168960571289, 607.774019241333, 712.7845287322998, 599.8754501342773, 1295.454502105713, 1305.8876991271973, 1292.7324771881104, 1282.7539443969727, 1294.4128513336182, 1284.1641902923584, 519.6561813354492, 912.6038551330566, 915.2300357818604, 911.0307693481445, 903.62548828125, 905.5569171905518, 909.0631008148193, 910.4735851287842, 913.6073589324951, 709.8631858825684, 602.3514270782471, 715.2163982391357, 598.3059406280518, 602.454423904419, 600.3162860870361, 717.9009914398193, 726.4835834503174, 909.8706245422363, 905.0436019897461, 909.210205078125, 914.9045944213867, 914.5383834838867, 603.5277843475342, 716.6852951049805, 602.0667552947998, 414.0501022338867, 409.940242767334, 523.4272480010986, 517.7991390228271, 518.2621479034424, 522.6266384124756, 517.9786682128906, 520.1437473297119, 914.4148826599121, 511.43717765808105, 45.65620422363281, 48.80833625793457, 51.125288009643555, 907.0329666137695, 907.4366092681885, 905.8263301849365, 919.9573993682861, 910.4709625244141, 909.4953536987305, 519.6075439453125, 460.371732711792, 409.315824508667, 406.8892002105713, 407.35721588134766, 408.94007682800293, 519.6478366851807, 707.1151733398438, 414.87836837768555, 515.4774188995361, 519.5443630218506, 513.892412185669, 904.2112827301025, 147.1879482269287, 1286.529302597046, 1282.757043838501, 1293.6115264892578, 1302.267074584961, 1298.1164455413818, 902.5905132293701, 906.3315391540527, 909.3828201293945, 