,best_itr,best_fval,best_solution,total_qaoa,total_impact,total_exe,execution_times,final_test_suite_costs,final_failure_rates
0,10,0.11467261217981647,"[0, 1, 0, 0, 0, 0, 0, 0, 1, 0, 1, 1, 1, 1, 0, 1, 0, 0, 1, 1, 1, 0, 0, 1, 1, 0, 1, 1, 1, 0, 0, 1, 0, 1, 0, 0, 0, 1, 0, 1, 0, 1, 1, 1, 1, 1, 1, 1, 0, 1, 1, 0, 0, 0, 1, 0, 0, 0, 1, 1, 1, 1, 1, 1, 1, 1, 0, 1, 1, 1, 1, 1, 1, 0, 1, 1, 1, 1, 1, 1, 1, 0, 0, 0, 1, 0, 1, 0, 0]",239.24751091003418,0.00328826904296875,240.06463956832886,"[29.14120602607727, 24.283823251724243, 21.446864366531372, 24.745545625686646, 22.644601583480835, 23.087571620941162, 24.292114973068237, 23.842530727386475, 23.095831632614136, 22.670709371566772]","[np.float64(1305339.0), np.float64(1177631.0), np.float64(1052901.0), np.float64(1071617.0), np.float64(1090780.0), np.float64(930333.0), np.float64(1010397.0), np.float64(926714.0), np.float64(1054216.0), np.float64(1029951.0)]","[np.float64(13.075863343686116), np.float64(12.54796982398123), np.float64(12.06819979585843), np.float64(12.434232266123551), np.float64(12.999864622330524), np.float64(12.374727901951365), np.float64(13.115322584344375), np.float64(12.666636103040446), np.float64(13.689279818011668), np.float64(13.521300815386995)]"
