{"pareto_front_0": [], "pareto_front_1": [], "pareto_front_2": [], "pareto_front_3": [], "pareto_front_4": [], "pareto_front_5": [], "pareto_front_6": [], "pareto_front_7": [], "pareto_front_8": [], "pareto_front_9": [], "mean_qpu_run_time(ms)": 536.8323078522316, "stdev_qpu_run_time(ms)": 262.15956721475027, "all_qpu_run_times(ms)": [458.690881729126, 40.32397270202637, 1286.6432666778564, 403.6397933959961, 906.3253402709961, 913.8591289520264, 511.6746425628662, 406.97479248046875, 401.95369720458984, 453.98736000061035, 458.1151008605957, 455.1405906677246, 450.9005546569824, 453.824520111084, 460.8621597290039, 404.8008918762207, 1293.1568622589111, 463.73963356018066, 455.0654888153076, 599.5597839355469, 599.1315841674805, 468.30296516418457, 415.5251979827881, 415.6911373138428, 416.16034507751465, 524.3923664093018, 415.0543212890625, 621.3233470916748, 411.5757942199707, 413.55156898498535, 465.82865715026855, 413.47622871398926, 467.14067459106445, 523.7231254577637, 520.7974910736084, 407.19008445739746, 407.5605869293213, 403.37586402893066, 74.05281066894531, 433.80188941955566, 426.23233795166016, 431.60128593444824, 420.8664894104004, 597.4688529968262, 601.851224899292, 521.7041969299316, 521.803617477417, 411.98253631591797, 720.3235626220703, 716.4056301116943, 1303.9026260375977, 1291.7468547821045, 464.4737243652344, 45.51386833190918, 1280.5225849151611, 422.3465919494629, 921.2725162506104, 920.8569526672363, 520.2009677886963, 422.0395088195801, 414.6287441253662, 462.5113010406494, 472.4762439727783, 472.17512130737305, 466.7201042175293, 467.49091148376465, 469.6059226989746, 412.16230392456055, 1301.7418384552002, 466.95494651794434, 469.35081481933594, 600.5840301513672, 598.8810062408447, 458.11939239501953, 414.57080841064453, 411.7319583892822, 416.2733554840088, 523.8730907440186, 416.4149761199951, 406.77738189697266, 415.2092933654785, 419.28744316101074, 463.27972412109375, 404.7808647155762, 460.1554870605469, 522.632360458374, 519.3343162536621, 407.7868461608887, 407.98020362854004, 411.24653816223145, 87.33296394348145, 411.78369522094727, 407.18746185302734, 406.45503997802734, 408.771276473999, 600.1944541931152, 599.2991924285889, 523.9193439483643, 522.7904319763184, 418.87688636779785, 716.9439792633057, 714.8451805114746, 1297.0693111419678, 1297.0542907714844, 472.1794128417969, 52.211761474609375, 1296.6351509094238, 402.54664421081543, 913.5663509368896, 910.7472896575928, 519.2563533782959, 423.964262008667, 419.33465003967285, 475.31771659851074, 471.0261821746826, 470.43538093566895, 468.8436985015869, 470.78633308410645, 471.7824459075928, 402.9955863952637, 1293.1077480316162, 448.72403144836426, 458.5607051849365, 606.5378189086914, 594.1028594970703, 468.9798355102539, 417.09375381469727, 411.6084575653076, 413.360595703125, 515.8631801605225, 398.35262298583984, 401.6296863555908, 407.6199531555176, 403.08499336242676, 461.8973731994629, 403.4562110900879, 462.71300315856934, 519.6511745452881, 508.331298828125, 395.30301094055176, 416.9766902923584, 414.61968421936035, 69.11277770996094, 410.855770111084, 407.56702423095703, 409.1916084289551, 402.15420722961426, 587.2616767883301, 586.6653919219971, 512.7248764038086, 514.9633884429932, 400.4232883453369, 700.6266117095947, 701.0397911071777, 1288.0914211273193, 1281.125545501709, 454.8380374908447, 49.634695053100586, 1280.7891368865967, 404.47092056274414, 903.9878845214844, 903.6471843719482, 512.2637748718262, 612.9992008209229, 401.3032913208008, 453.19485664367676, 461.0772132873535, 465.470552444458, 460.92820167541504, 453.34649085998535, 462.1293544769287, 409.70396995544434, 1304.1834831237793, 460.79182624816895, 461.87376976013184, 600.7001399993896, 599.9901294708252, 466.6876792907715, 410.07184982299805, 415.42744636535645, 415.973424911499, 527.6689529418945, 409.6081256866455, 410.6595516204834, 415.2235984802246, 414.0005111694336, 472.8214740753174, 410.4573726654053, 464.11967277526855, 525.83909034729, 520.9360122680664, 406.6178798675537, 411.75127029418945, 409.06620025634766, 89.43915367126465, 405.4679870605469, 407.83095359802246, 406.18228912353516, 413.3176803588867, 596.5433120727539, 597.4233150482178, 518.7201499938965, 524.8363018035889, 413.1002426147461, 721.5960025787354, 715.0695323944092, 1304.2988777160645, 1300.6021976470947, 466.0634994506836, 51.073312759399414, 1298.0504035949707, 419.5666313171387, 917.9928302764893, 913.689374923706, 523.4088897705078, 443.1178569793701, 413.3191108703613, 469.25854682922363, 473.7865924835205, 473.1295108795166, 474.84755516052246, 470.37816047668457, 469.4674015045166, 409.9905490875244, 1296.7612743377686, 481.54258728027344, 462.7418518066406, 598.2379913330078, 599.1966724395752, 468.19424629211426, 417.21367835998535, 413.83886337280273, 414.75534439086914, 521.5766429901123, 415.62676429748535, 419.51966285705566, 419.9049472808838, 421.0195541381836, 471.01426124572754, 422.56879806518555, 474.7800827026367, 521.6155052185059, 524.6038436889648, 409.32440757751465, 400.3612995147705, 408.77270698547363, 76.20358467102051, 407.8357219696045, 408.297061920166, 408.74791145324707, 411.4968776702881, 606.1820983886719, 596.8630313873291, 519.7508335113525, 520.2803611755371, 405.3504467010498, 707.4408531188965, 708.9459896087646, 1295.156717300415, 1293.04838180542, 460.085391998291, 47.11413383483887, 1294.2700386047363, 405.18903732299805, 910.2218151092529, 902.9664993286133, 520.8911895751953, 410.1238250732422, 408.8892936706543, 463.25063705444336, 455.5342197418213, 461.23576164245605, 459.9342346191406, 457.2453498840332, 456.0260772705078, 403.22208404541016, 1289.2508506774902, 458.52136611938477, 449.0165710449219, 594.6931838989258, 587.5449180603027, 453.0670642852783, 401.69668197631836, 407.29284286499023, 402.8005599975586, 515.2785778045654, 413.88773918151855, 406.843900680542, 407.0751667022705, 399.5184898376465, 455.16347885131836, 400.42662620544434, 455.00898361206055, 511.9454860687256, 516.6275501251221, 403.1405448913574, 400.73704719543457, 404.33192253112793, 72.55125045776367, 404.44350242614746, 408.0069065093994, 403.34200859069824, 407.8960418701172, 591.1502838134766, 590.1768207550049, 519.5915699005127, 521.1613178253174, 403.9289951324463, 704.2703628540039, 703.4523487091064, 1279.1905403137207, 1281.7904949188232, 467.33593940734863, 50.42123794555664, 1529.6242237091064, 412.89305686950684, 908.6081981658936, 904.8798084259033, 522.1352577209473, 409.95168685913086, 412.7480983734131, 467.2994613647461, 458.30750465393066, 459.53941345214844, 460.923433303833, 458.2023620605469, 460.4177474975586, 403.57255935668945, 1426.9828796386719, 510.44201850891113, 473.65546226501465, 620.1572418212891, 620.7177639007568, 466.3586616516113, 411.0743999481201, 411.10992431640625, 408.60915184020996, 523.1466293334961, 410.3574752807617, 408.3983898162842, 408.62250328063965, 408.6413383483887, 459.8517417907715, 409.912109375, 466.2938117980957, 520.5895900726318, 523.6625671386719, 406.41164779663086, 416.0144329071045, 411.4813804626465, 64.69464302062988, 406.53228759765625, 413.4411811828613, 416.49842262268066, 415.50254821777344, 603.8937568664551, 597.1510410308838, 519.7124481201172, 524.4145393371582, 407.4716567993164, 710.2503776550293, 714.49875831604, 1294.619083404541, 1302.562952041626, 465.82889556884766, 45.83096504211426, 1309.3633651733398, 417.0873165130615, 918.3778762817383, 918.1904792785645, 528.3937454223633, 416.46361351013184, 420.51029205322266, 468.23883056640625, 468.02592277526855, 477.5702953338623, 470.7005023956299, 470.45350074768066, 465.48008918762207, 417.055606842041, 1298.0153560638428, 468.2338237762451, 460.01195907592773, 597.2495079040527, 593.8160419464111, 465.1951789855957, 407.5353145599365, 422.6856231689453, 415.38071632385254, 526.573896408081, 408.2932472229004, 409.0554714202881, 405.7011604309082, 412.9049777984619, 469.3477153778076, 420.0453758239746, 469.03014183044434, 