{"pareto_front_0": [], "pareto_front_1": [], "pareto_front_2": [], "pareto_front_3": [], "pareto_front_4": [], "pareto_front_5": [], "pareto_front_6": [], "pareto_front_7": [], "pareto_front_8": [], "pareto_front_9": [], "mean_qpu_run_time(ms)": 534.1698871209071, "stdev_qpu_run_time(ms)": 257.5490702732569, "all_qpu_run_times(ms)": [475.6276607513428, 44.49105262756348, 1270.824909210205, 408.35094451904297, 705.0316333770752, 911.3306999206543, 462.62216567993164, 411.6992950439453, 407.7341556549072, 466.70985221862793, 464.16711807250977, 472.9888439178467, 465.43288230895996, 463.47737312316895, 455.9910297393799, 463.2599353790283, 1299.3807792663574, 467.29087829589844, 460.2315425872803, 598.5243320465088, 521.1355686187744, 461.8642330169678, 464.80345726013184, 408.9791774749756, 403.84888648986816, 459.6271514892578, 520.1611518859863, 411.0598564147949, 405.4276943206787, 411.327600479126, 411.28087043762207, 407.95230865478516, 516.9851779937744, 411.9598865509033, 601.4523506164551, 405.2267074584961, 405.5473804473877, 405.5900573730469, 68.49455833435059, 406.5232276916504, 402.77719497680664, 413.2680892944336, 412.0001792907715, 705.6095600128174, 591.4819240570068, 457.0140838623047, 463.90748023986816, 651.2706279754639, 707.9808712005615, 714.4057750701904, 1296.2491512298584, 1290.1084423065186, 469.2971706390381, 49.936771392822266, 1283.6830615997314, 421.4763641357422, 723.944902420044, 910.956859588623, 464.019775390625, 405.61485290527344, 407.87672996520996, 459.5816135406494, 467.9112434387207, 463.1457328796387, 462.8417491912842, 468.04165840148926, 474.25103187561035, 464.2157554626465, 1296.9090938568115, 474.55883026123047, 469.5258140563965, 611.5555763244629, 533.071756362915, 469.81310844421387, 475.2647876739502, 419.56543922424316, 418.0760383605957, 471.0054397583008, 521.0306644439697, 418.98036003112793, 419.90184783935547, 419.9490547180176, 418.6749458312988, 416.16320610046387, 530.7683944702148, 404.56509590148926, 600.0237464904785, 410.6290340423584, 418.54166984558105, 419.8622703552246, 73.71258735656738, 417.03009605407715, 416.80288314819336, 411.3130569458008, 411.26370429992676, 723.7613201141357, 607.285737991333, 463.1674289703369, 468.95623207092285, 525.6814956665039, 721.2939262390137, 725.5275249481201, 1354.8948764801025, 1328.077793121338, 468.86229515075684, 51.915884017944336, 1317.270278930664, 426.61571502685547, 715.2888774871826, 938.0085468292236, 468.8735008239746, 406.080961227417, 420.0901985168457, 476.0878086090088, 485.274076461792, 461.93909645080566, 461.5201950073242, 457.7207565307617, 455.2452564239502, 455.8141231536865, 1286.9234085083008, 461.1814022064209, 460.9956741333008, 590.7173156738281, 515.5375003814697, 460.111141204834, 457.51094818115234, 405.7047367095947, 408.92577171325684, 463.38820457458496, 520.3464031219482, 410.9830856323242, 405.46131134033203, 408.3859920501709, 400.96473693847656, 407.1958065032959, 517.3583030700684, 400.6664752960205, 589.423418045044, 411.6194248199463, 407.637357711792, 407.49573707580566, 56.41341209411621, 406.9643020629883, 405.689001083374, 402.52232551574707, 408.1301689147949, 707.9956531524658, 600.6722450256348, 457.6985836029053, 459.702730178833, 518.5344219207764, 709.0270519256592, 707.6621055603027, 1281.3844680786133, 1288.6412143707275, 461.7886543273926, 38.678646087646484, 1296.9653606414795, 403.2411575317383, 704.913854598999, 904.1316509246826, 611.2551689147949, 400.9838104248047, 405.4679870605469, 456.6621780395508, 462.4147415161133, 456.29167556762695, 458.6961269378662, 459.18941497802734, 459.25092697143555, 454.62656021118164, 1289.4680500030518, 458.3001136779785, 461.1847400665283, 596.8630313873291, 536.1061096191406, 492.94114112854004, 466.19224548339844, 414.49761390686035, 410.60471534729004, 467.0858383178711, 524.9552726745605, 410.0675582885742, 408.2198143005371, 407.87482261657715, 409.8494052886963, 417.42610931396484, 533.0381393432617, 456.16817474365234, 621.384859085083, 410.4423522949219, 413.067102432251, 418.210506439209, 75.6380558013916, 418.7459945678711, 409.5165729522705, 408.54883193969727, 406.9797992706299, 714.7233486175537, 597.8431701660156, 466.2210941314697, 464.2634391784668, 521.3689804077148, 712.7840518951416, 707.664966583252, 1297.1715927124023, 1294.61669921875, 461.46440505981445, 48.74086380004883, 1297.8050708770752, 398.9677429199219, 714.6892547607422, 914.1623973846436, 475.42428970336914, 413.84053230285645, 415.1613712310791, 461.26341819763184, 455.4409980773926, 471.50373458862305, 458.3396911621094, 467.1497344970703, 459.0158462524414, 462.6154899597168, 1289.548635482788, 460.54744720458984, 462.26954460144043, 599.6675491333008, 516.6890621185303, 461.20357513427734, 460.0250720977783, 408.10084342956543, 403.66148948669434, 456.38465881347656, 517.7974700927734, 400.71845054626465, 409.7893238067627, 410.0992679595947, 411.2725257873535, 404.4384956359863, 516.9563293457031, 402.3447036743164, 586.1496925354004, 399.2161750793457, 394.23060417175293, 403.41830253601074, 80.40094375610352, 393.68653297424316, 405.8821201324463, 398.4556198120117, 404.9398899078369, 697.761058807373, 595.149040222168, 455.89661598205566, 455.8568000793457, 513.0605697631836, 702.822208404541, 698.6331939697266, 1289.7529602050781, 1300.8828163146973, 468.034029006958, 43.50709915161133, 1283.4551334381104, 415.4787063598633, 712.2056484222412, 903.1820297241211, 464.9620056152344, 414.3857955932617, 414.57533836364746, 469.9666500091553, 459.24854278564453, 458.5912227630615, 469.13933753967285, 450.19006729125977, 469.5124626159668, 460.6027603149414, 1298.675775527954, 465.747594833374, 466.0313129425049, 598.2518196105957, 516.0942077636719, 460.3097438812256, 458.24146270751953, 404.8283100128174, 412.3361110687256, 452.20279693603516, 510.9093189239502, 404.1414260864258, 409.23476219177246, 405.2863121032715, 436.232328414917, 577.1641731262207, 519.5825099945068, 402.285099029541, 592.5436019897461, 397.36127853393555, 411.8762016296387, 403.6388397216797, 67.92473793029785, 412.20784187316895, 403.0804634094238, 402.44483947753906, 399.8687267303467, 706.9745063781738, 594.7768688201904, 458.2233428955078, 457.95512199401855, 521.5842723846436, 711.3704681396484, 713.6876583099365, 1293.0333614349365, 1295.7351207733154, 467.18740463256836, 47.41311073303223, 1283.2238674163818, 419.94261741638184, 716.9556617736816, 912.4739170074463, 465.6181335449219, 407.53173828125, 408.4787368774414, 467.75054931640625, 464.4584655761719, 473.21391105651855, 468.6434268951416, 468.77431869506836, 464.7374153137207, 465.2140140533447, 1282.7880382537842, 465.43169021606445, 468.23859214782715, 605.2982807159424, 525.7439613342285, 470.020055770874, 467.6861763000488, 406.5065383911133, 416.6898727416992, 471.55094146728516, 523.0648517608643, 410.9997749328613, 405.1945209503174, 420.05181312561035, 410.50267219543457, 421.68641090393066, 529.069185256958, 424.8056411743164, 606.0066223144531, 411.76557540893555, 421.506404876709, 419.28887367248535, 65.27113914489746, 421.01049423217773, 416.32080078125, 411.9844436645508, 412.1994972229004, 707.1506977081299, 594.0637588500977, 454.2977809906006, 456.5269947052002, 515.8116817474365, 708.6167335510254, 701.1120319366455, 1295.654535293579, 1286.0305309295654, 458.2483768463135, 44.103145599365234, 1291.165828704834, 403.81550788879395, 706.770658493042, 906.2495231628418, 462.1765613555908, 407.2084426879883, 410.811185836792, 464.7548198699951, 463.6373519897461, 465.853214263916, 466.36509895324707, 465.317964553833, 460.0222110748291, 460.8917236328125, 1285.4907512664795, 459.4409465789795, 454.15568351745605, 589.5843505859375, 516.8406963348389, 458.0826759338379, 461.98153495788574, 411.9572639465332, 405.3812026977539, 460.01148223876953, 517.61794090271, 408.4317684173584, 410.22706031799316, 403.32651138305664, 407.9244136810303, 405.4698944091797, 514.4498348236084, 400.8667469024658, 