{"pareto_front_0": [[3], [3, 4], [3, 4, 5], [3, 4, 5, 7]], "pareto_front_1": [[7]], "pareto_front_2": [[3], [3, 4], [3, 4, 5], [3, 4, 5, 7]], "pareto_front_3": [[7]], "pareto_front_4": [[6]], "pareto_front_5": [[3], [3, 4], [3, 4, 5], [3, 4, 5, 7]], "pareto_front_6": [[7]], "pareto_front_7": [[3], [3, 4], [3, 4, 5], [3, 4, 5, 6], [3, 4, 5, 6, 7]], "pareto_front_8": [[6]], "pareto_front_9": [[7]], "mean_qpu_run_time(ms)": 691.5543258190155, "stdev_qpu_run_time(ms)": 290.75842208202533, "all_qpu_run_times(ms)": [55.620670318603516, 716.6495323181152, 463.228702545166, 405.21788597106934, 462.4607563018799, 520.1165676116943, 402.56261825561523, 406.18038177490234, 403.32889556884766, 717.4508571624756, 411.29517555236816, 522.7944850921631, 525.4073143005371, 515.6960487365723, 409.24072265625, 405.6844711303711, 720.3176021575928, 521.5802192687988, 458.65726470947266, 715.4960632324219, 599.2848873138428, 44.79551315307617, 522.4578380584717, 412.62149810791016, 464.9369716644287, 463.24634552001953, 412.19544410705566, 412.60695457458496, 470.45111656188965, 410.5262756347656, 404.16598320007324, 418.14398765563965, 415.2047634124756, 277.3313522338867, 845.2236652374268, 919.6996688842773, 718.3105945587158, 915.4350757598877, 715.259313583374, 714.1804695129395, 717.2245979309082, 707.7221870422363, 710.0608348846436, 908.3173274993896, 913.4888648986816, 907.4981212615967, 906.2519073486328, 713.2699489593506, 908.5705280303955, 910.574197769165, 596.9371795654297, 604.1784286499023, 594.956636428833, 602.0572185516357, 600.703239440918, 1291.623592376709, 1304.0478229522705, 706.0565948486328, 715.1401042938232, 596.665620803833, 1282.9482555389404, 1288.2742881774902, 721.7528820037842, 919.4104671478271, 913.2099151611328, 914.7171974182129, 1291.1467552185059, 1282.3855876922607, 903.0933380126953, 1285.672664642334, 1275.224208831787, 709.8264694213867, 707.4472904205322, 971.200704574585, 901.0214805603027, 906.4040184020996, 52.466392517089844, 710.7770442962646, 464.6463394165039, 406.1875343322754, 463.0696773529053, 519.8297500610352, 404.91795539855957, 406.56471252441406, 409.42931175231934, 714.8206233978271, 411.88693046569824, 523.3759880065918, 525.5990028381348, 518.7268257141113, 400.2704620361328, 404.63781356811523, 714.9074077606201, 515.4101848602295, 462.95881271362305, 714.0090465545654, 602.5876998901367, 43.862104415893555, 525.3939628601074, 412.72592544555664, 466.264009475708, 462.6493453979492, 404.6461582183838, 411.36717796325684, 458.42528343200684, 413.00487518310547, 417.04750061035156, 409.14297103881836, 407.56750106811523, 354.88247871398926, 956.8209648132324, 912.82057762146, 721.8296527862549, 910.9015464782715, 717.125415802002, 719.5181846618652, 713.1421566009521, 717.5796031951904, 713.4215831756592, 917.8504943847656, 921.2281703948975, 921.0028648376465, 915.3742790222168, 720.6146717071533, 918.790340423584, 912.5769138336182, 603.4986972808838, 601.9625663757324, 596.9886779785156, 603.8637161254883, 605.9410572052002, 1305.2151203155518, 1312.39652633667, 713.6614322662354, 711.6310596466064, 602.4134159088135, 1297.1503734588623, 1296.2753772735596, 714.0316963195801, 910.1865291595459, 914.2765998840332, 907.7935218811035, 1295.1991558074951, 1294.6014404296875, 919.0151691436768, 1289.9041175842285, 1297.684669494629, 714.7612571716309, 709.4416618347168, 711.416482925415, 909.4846248626709, 910.7420444488525, 67.68989562988281, 714.576244354248, 458.9664936065674, 410.4616641998291, 461.7319107055664, 521.5046405792236, 407.03368186950684, 411.21530532836914, 417.77801513671875, 712.9950523376465, 415.3902530670166, 520.5740928649902, 517.9965496063232, 518.3148384094238, 409.0118408203125, 410.9842777252197, 715.6412601470947, 515.9437656402588, 462.36443519592285, 711.2925052642822, 601.4769077301025, 45.93348503112793, 519.9766159057617, 404.43897247314453, 462.3751640319824, 464.74623680114746, 413.693904876709, 413.1901264190674, 463.9875888824463, 409.82913970947266, 409.1835021972656, 411.07726097106934, 405.46178817749023, 260.86974143981934, 940.1772022247314, 903.3706188201904, 709.8822593688965, 905.1756858825684, 704.5469284057617, 705.153226852417, 710.6924057006836, 709.6967697143555, 704.1444778442383, 903.4280776977539, 1194.6971416473389, 917.0784950256348, 914.5748615264893, 711.4908695220947, 916.222333908081, 916.8789386749268, 595.0560569763184, 602.5958061218262, 598.0029106140137, 593.2881832122803, 592.4713611602783, 1323.1618404388428, 1311.2404346466064, 717.1051502227783, 723.4418392181396, 608.9663505554199, 1301.1298179626465, 1309.1132640838623, 718.0535793304443, 915.654182434082, 915.5941009521484, 917.1407222747803, 1299.4050979614258, 1291.8665409088135, 909.9569320678711, 1295.6881523132324, 1293.1060791015625, 713.2997512817383, 715.3360843658447, 717.402458190918, 914.5734310150146, 920.0344085693359, 52.24108695983887, 721.5454578399658, 464.6942615509033, 410.72535514831543, 466.31860733032227, 524.8632431030273, 404.36792373657227, 414.15858268737793, 411.5791320800781, 718.2483673095703, 413.7387275695801, 526.7624855041504, 523.190975189209, 519.8841094970703, 410.170316696167, 412.2176170349121, 717.1080112457275, 523.0557918548584, 468.0325984954834, 717.2482013702393, 603.2681465148926, 48.635244369506836, 520.7743644714355, 411.3802909851074, 466.25685691833496, 460.78944206237793, 412.0218753814697, 413.8457775115967, 464.8103713989258, 417.2689914703369, 417.41085052490234, 414.1058921813965, 414.7951602935791, 334.8841667175293, 945.9974765777588, 915.2624607086182, 714.4894599914551, 908.7536334991455, 710.6113433837891, 711.5046977996826, 716.9361114501953, 706.4023017883301, 710.8917236328125, 908.266544342041, 916.4078235626221, 908.8635444641113, 906.0373306274414, 715.4068946838379, 913.0878448486328, 913.4864807128906, 599.1833209991455, 595.6881046295166, 597.9719161987305, 596.0173606872559, 598.0570316314697, 1295.5679893493652, 1290.5433177947998, 711.2390995025635, 705.1923274993896, 591.7327404022217, 1295.4566478729248, 1289.614200592041, 708.4159851074219, 905.1051139831543, 904.7048091888428, 906.7039489746094, 1291.3458347320557, 1292.0329570770264, 904.21462059021, 1594.5258140563965, 1290.8949851989746, 707.984447479248, 714.5335674285889, 715.8458232879639, 914.496898651123, 912.0488166809082, 52.78801918029785, 718.2028293609619, 463.32669258117676, 409.93428230285645, 464.25414085388184, 524.9691009521484, 407.6857566833496, 410.91370582580566, 410.75849533081055, 712.6173973083496, 406.6460132598877, 522.8807926177979, 521.3086605072021, 521.6643810272217, 415.2646064758301, 407.8183174133301, 719.3589210510254, 520.073652267456, 465.87419509887695, 714.587926864624, 598.8795757293701, 47.277212142944336, 517.5089836120605, 407.9899787902832, 456.99262619018555, 464.8246765136719, 414.9460792541504, 409.75260734558105, 465.0447368621826, 405.2262306213379, 411.7879867553711, 411.7717742919922, 400.4521369934082, 311.9542598724365, 944.1092014312744, 913.367748260498, 710.6258869171143, 903.2185077667236, 721.747875213623, 720.7159996032715, 711.7829322814941, 711.0733985900879, 720.067024230957, 918.1413650512695, 910.008430480957, 908.3030223846436, 906.9650173187256, 712.8019332885742, 913.6292934417725, 913.9182567596436, 600.7828712463379, 598.0863571166992, 601.855993270874, 613.7692928314209, 599.0521907806396, 1297.5540161132812, 1288.3059978485107, 711.1825942993164, 707.3793411254883, 595.7884788513184, 1293.6625480651855, 1285.390853881836, 705.8894634246826, 900.2604484558105, 904.2215347290039, 911.2560749053955, 1287.9185676574707, 1291.7871475219727, 905.0314426422119, 1295.1233386993408, 1287.2445583343506, 709.3756198883057, 705.9216499328613, 709.6583843231201, 914.5455360412598, 908.8678359985352, 58.31289291381836, 719.68674659729, 471.3106155395508, 405.42006492614746, 455.9793472290039, 518.3901786804199, 404.89959716796875, 404.56247329711914, 403.3956527709961, 703.9840221405029, 408.8442325592041,