{"pareto_front_0": [[7]], "pareto_front_1": [[7]], "pareto_front_2": [[3], [3, 4], [3, 4, 5], [3, 4, 5, 6]], "pareto_front_3": [[3], [3, 4], [3, 4, 5], [3, 4, 5, 6]], "pareto_front_4": [[7]], "pareto_front_5": [[3], [3, 4], [3, 4, 5], [3, 4, 5, 7]], "pareto_front_6": [[7]], "pareto_front_7": [[7]], "pareto_front_8": [[6]], "pareto_front_9": [[6], [6, 7]], "mean_qpu_run_time(ms)": 701.2350835298237, "stdev_qpu_run_time(ms)": 296.98273359913185, "all_qpu_run_times(ms)": [57.13605880737305, 422.2903251647949, 410.7677936553955, 519.0219879150391, 524.360179901123, 413.62547874450684, 602.6663780212402, 414.4566059112549, 409.44623947143555, 719.3713188171387, 526.4735221862793, 713.6349678039551, 473.2663631439209, 598.5763072967529, 419.1863536834717, 415.5611991882324, 417.56701469421387, 471.050500869751, 522.4733352661133, 471.41265869140625, 594.867467880249, 518.9008712768555, 47.7449893951416, 420.00627517700195, 422.56879806518555, 471.7402458190918, 453.99928092956543, 415.54737091064453, 460.8480930328369, 408.19239616394043, 406.70228004455566, 413.6507511138916, 408.0781936645508, 305.6325912475586, 939.0623569488525, 909.3139171600342, 713.0305767059326, 907.3517322540283, 903.2795429229736, 709.2132568359375, 1087.6178741455078, 715.789794921875, 711.9579315185547, 915.6486988067627, 913.9800071716309, 915.3552055358887, 914.9012565612793, 721.7280864715576, 926.9862174987793, 925.9543418884277, 608.2110404968262, 605.8940887451172, 598.9744663238525, 927.7141094207764, 727.1788120269775, 726.097822189331, 605.5436134338379, 1319.8282718658447, 1319.242000579834, 716.0155773162842, 926.2230396270752, 920.290470123291, 924.2358207702637, 914.682149887085, 917.3059463500977, 920.1443195343018, 1307.1627616882324, 1300.0540733337402, 914.9160385131836, 1301.1934757232666, 1306.2195777893066, 721.3454246520996, 718.9023494720459, 723.9737510681152, 1307.4698448181152, 916.9003963470459, 56.063175201416016, 415.55237770080566, 414.98327255249023, 531.1810970306396, 525.343656539917, 415.8444404602051, 605.0722599029541, 419.25811767578125, 424.74818229675293, 720.508337020874, 522.0119953155518, 722.3029136657715, 469.2363739013672, 602.928876876831, 414.4930839538574, 416.4564609527588, 414.2124652862549, 470.0801372528076, 530.1463603973389, 460.9816074371338, 600.135326385498, 529.35791015625, 50.70161819458008, 425.1439571380615, 421.0035800933838, 478.3179759979248, 471.585750579834, 411.53550148010254, 459.75446701049805, 401.32808685302734, 414.40296173095703, 408.0514907836914, 412.1832847595215, 411.44371032714844, 951.0607719421387, 919.4915294647217, 714.257001876831, 921.2422370910645, 923.5601425170898, 712.6500606536865, 719.3253040313721, 724.1470813751221, 723.9904403686523, 909.1296195983887, 910.8247756958008, 915.320634841919, 915.1813983917236, 715.5354022979736, 907.5195789337158, 912.0471477508545, 615.9684658050537, 600.2099514007568, 597.4159240722656, 918.1039333343506, 716.4361476898193, 718.5251712799072, 602.2148132324219, 1291.696548461914, 1293.8003540039062, 713.7777805328369, 913.0346775054932, 913.3803844451904, 910.2323055267334, 910.8414649963379, 912.3663902282715, 905.9348106384277, 1297.7523803710938, 1297.1529960632324, 908.1122875213623, 1293.3404445648193, 1298.1984615325928, 709.9480628967285, 710.8933925628662, 711.9660377502441, 1293.0073738098145, 908.069372177124, 42.87099838256836, 414.19076919555664, 413.09452056884766, 519.3367004394531, 514.1341686248779, 402.33874320983887, 585.5741500854492, 402.2173881530762, 405.8399200439453, 706.2783241271973, 512.7027034759521, 711.1256122589111, 473.2215404510498, 605.6032180786133, 417.0815944671631, 421.86880111694336, 412.3053550720215, 469.1035747528076, 521.7087268829346, 471.5619087219238, 598.9804267883301, 520.8554267883301, 48.70104789733887, 410.07375717163086, 409.97958183288574, 465.1064872741699, 459.73849296569824, 404.45804595947266, 462.07356452941895, 414.7453308105469, 414.71123695373535, 416.8381690979004, 417.3281192779541, 283.8780879974365, 1111.71555519104, 907.02223777771, 711.3809585571289, 911.0774993896484, 910.7706546783447, 707.0362567901611, 709.2220783233643, 706.7828178405762, 716.0885334014893, 913.8484001159668, 917.5875186920166, 919.2309379577637, 919.8408126831055, 722.8686809539795, 914.9165153503418, 920.2325344085693, 615.8082485198975, 606.377124786377, 597.0239639282227, 919.6929931640625, 723.6580848693848, 724.5104312896729, 608.6835861206055, 1315.965175628662, 1310.8747005462646, 718.7297344207764, 917.1524047851562, 922.8861331939697, 923.1855869293213, 917.6139831542969, 914.3598079681396, 912.2748374938965, 1305.8502674102783, 1308.2118034362793, 921.6525554656982, 1304.2097091674805, 1317.9311752319336, 726.0937690734863, 718.2281017303467, 726.0665893554688, 1339.78271484375, 924.2374897003174, 47.7442741394043, 411.08012199401855, 410.8080863952637, 521.1167335510254, 521.892786026001, 408.6766242980957, 602.9748916625977, 410.23874282836914, 412.0631217956543, 716.0272598266602, 521.073579788208, 726.107120513916, 474.1508960723877, 605.6673526763916, 423.2194423675537, 413.7086868286133, 418.91932487487793, 469.1751003265381, 526.4790058135986, 466.46618843078613, 602.1735668182373, 524.3833065032959, 50.269126892089844, 412.6429557800293, 413.2072925567627, 462.2526168823242, 469.25878524780273, 418.3511734008789, 463.34290504455566, 404.9816131591797, 420.6874370574951, 426.0437488555908, 424.2124557495117, 387.6791000366211, 942.7826404571533, 913.8901233673096, 721.1503982543945, 913.5332107543945, 911.7817878723145, 716.0732746124268, 722.7017879486084, 715.9457206726074, 711.775541305542, 914.0310287475586, 910.8293056488037, 924.9744415283203, 916.7563915252686, 715.3565883636475, 906.6932201385498, 914.6988391876221, 603.4576892852783, 616.5249347686768, 601.0339260101318, 913.9268398284912, 715.5952453613281, 713.0863666534424, 603.0600070953369, 1295.0413227081299, 1293.9949035644531, 714.0798568725586, 908.9994430541992, 912.8115177154541, 907.2842597961426, 911.0312461853027, 910.5739593505859, 911.0116958618164, 1299.4036674499512, 1291.6886806488037, 910.2814197540283, 1287.971019744873, 1299.5381355285645, 708.3888053894043, 708.7328433990479, 711.6682529449463, 1302.7544021606445, 909.3096256256104, 52.41823196411133, 408.63537788391113, 406.24094009399414, 522.4850177764893, 517.5526142120361, 414.0124320983887, 596.9436168670654, 410.9320640563965, 407.7951908111572, 711.6405963897705, 522.9372978210449, 719.5475101470947, 460.89696884155273, 592.6275253295898, 409.0533256530762, 407.0577621459961, 403.66268157958984, 462.174654006958, 517.3425674438477, 466.05753898620605, 602.4446487426758, 522.6192474365234, 45.03154754638672, 407.50837326049805, 419.2960262298584, 456.05921745300293, 467.3898220062256, 406.4445495605469, 462.85009384155273, 407.6380729675293, 835.0136280059814, 404.036283493042, 407.05394744873047, 348.29163551330566, 942.4107074737549, 909.6863269805908, 713.508129119873, 908.4873199462891, 906.3918590545654, 715.487003326416, 714.3945693969727, 716.5021896362305, 710.745096206665, 913.4492874145508, 913.3989810943604, 917.8574085235596, 913.61403465271, 714.0388488769531, 920.1431274414062, 925.0473976135254, 610.8827590942383, 611.8390560150146, 602.9794216156006, 924.8111248016357, 731.9741249084473, 725.4447937011719, 603.3530235290527, 1316.2472248077393, 1324.2244720458984, 721.8596935272217, 920.8521842956543, 922.9929447174072, 920.6726551055908, 916.8238639831543, 917.4983501434326, 927.4110794067383, 1290.1811599731445, 1309.1192245483398, 917.9153442382812, 1301.7349243164062, 1310.6393814086914, 716.0530090332031, 710.7491493225098, 708.6684703826904, 1316.44868850708, 919.8033809661865, 53.284406661987305, 431.7467212677002, 428.769588470459, 542.1342849731445, 533.118724822998, 418.69139671325684, 612.3449802398682, 421.6911792755127, 421.07272148132324, 723.1781482696533, 527.1155834197998, 730.1032543182373, 469.6485996246338, 