,best_itr,best_fval,best_solution,total_qaoa,total_impact,total_exe,execution_times,final_test_suite_costs,final_failure_rates
0,5,0.047261790874160436,"[0, 0, 0, 0, 0, 1, 1, 1, 1, 0, 0, 0, 0, 1, 1, 1, 0, 0, 1, 1, 1, 1, 1, 1, 0, 1, 0, 1, 1, 1, 0, 0, 0, 1, 1, 1, 1, 1, 1, 1, 0, 1, 1, 0, 0, 0, 1, 1, 1, 0, 1, 1, 1, 1, 1, 1, 0, 1, 1, 1, 1, 1, 0, 1, 1, 1, 1, 1, 1, 1, 1, 1, 0, 0, 0, 0, 0, 0, 0, 0, 0, 0, 0, 0, 1, 1, 0, 0, 0, 0, 0, 0, 0, 0, 0, 0, 0, 0, 0, 0, 0, 0, 0, 0, 0, 0, 0, 1, 0, 1, 1, 0, 1, 0, 1, 0, 0, 0, 0, 0, 0, 0, 0, 0, 0, 0, 1, 0, 0, 0]",31.326730251312256,0.00613093376159668,361.6622860431671,"[3.106753349304199, 3.105180263519287, 3.214216947555542, 3.098123788833618, 3.1036860942840576, 3.157688617706299, 3.1474454402923584, 3.099644422531128, 3.2012946605682373, 3.098827600479126]","[np.float64(0.08700000000000002), np.float64(0.09400000000000003), np.float64(0.08000000000000002), np.float64(0.07), np.float64(0.07200000000000001), np.float64(0.07200000000000001), np.float64(0.07200000000000001), np.float64(0.07200000000000001), np.float64(0.07200000000000001), np.float64(0.07200000000000001)]","[np.float64(4.196859903381639), np.float64(4.701690821256035), np.float64(4.564009661835746), np.float64(4.461352657004828), np.float64(4.528985507246374), np.float64(4.528985507246374), np.float64(4.528985507246374), np.float64(4.528985507246374), np.float64(4.528985507246374), np.float64(4.528985507246374)]"
