{"pareto_front_0": [[1]], "pareto_front_1": [[1]], "pareto_front_2": [[0], [0, 10], [0, 10, 11], [0, 10, 11, 12], [0, 10, 11, 12, 19]], "pareto_front_3": [[1]], "pareto_front_4": [[0], [0, 10], [0, 10, 11], [0, 10, 11, 12], [0, 10, 11, 12, 19]], "pareto_front_5": [[1]], "pareto_front_6": [[1], [1, 10], [1, 10, 11], [1, 10, 11, 12], [1, 10, 11, 12, 19]], "pareto_front_7": [[0]], "pareto_front_8": [[1], [1, 10], [1, 10, 11], [1, 10, 11, 12], [1, 10, 11, 12, 19]], "pareto_front_9": [[1], [1, 10], [1, 10, 11], [1, 10, 11, 12], [1, 10, 11, 12, 19]], "mean_qpu_run_time(ms)": 739.0944062052546, "stdev_qpu_run_time(ms)": 356.3253394824181, "all_qpu_run_times(ms)": [519.8431015014648, 404.1125774383545, 1271.2092399597168, 889.1551494598389, 505.6736469268799, 1265.373706817627, 403.20658683776855, 889.5668983459473, 401.8254280090332, 94.46024894714355, 890.8500671386719, 455.6314945220947, 531.2075614929199, 504.94980812072754, 456.2709331512451, 169.4033145904541, 1280.5171012878418, 595.1378345489502, 515.676736831665, 594.8257446289062, 1279.191255569458, 591.4011001586914, 591.3553237915039, 116.5165901184082, 1280.8637619018555, 452.0151615142822, 516.2858963012695, 587.749719619751, 588.1011486053467, 582.8163623809814, 456.15601539611816, 92.3457145690918, 421.68712615966797, 462.96048164367676, 50.63128471374512, 51.94902420043945, 135.97965240478516, 56.644439697265625, 1309.3805313110352, 1271.6214656829834, 1265.915870666504, 1270.7374095916748, 1274.1389274597168, 1270.9696292877197, 897.1049785614014, 897.3982334136963, 704.9901485443115, 581.6347599029541, 586.4353179931641, 1282.0589542388916, 898.0226516723633, 1276.8158912658691, 1273.024559020996, 898.0357646942139, 895.613431930542, 898.5929489135742, 897.0205783843994, 893.474817276001, 895.7655429840088, 703.8466930389404, 590.6269550323486, 697.9198455810547, 703.7856578826904, 701.4141082763672, 694.2737102508545, 693.7451362609863, 897.7963924407959, 896.3770866394043, 898.2484340667725, 898.5600471496582, 901.4379978179932, 886.3098621368408, 891.9439315795898, 898.7669944763184, 512.9125118255615, 401.70788764953613, 1285.1812839508057, 897.1941471099854, 512.7205848693848, 1429.9511909484863, 401.3810157775879, 897.8614807128906, 402.9226303100586, 212.03088760375977, 896.2364196777344, 447.9057788848877, 396.364688873291, 503.80396842956543, 448.66394996643066, 180.27520179748535, 1293.041706085205, 585.282564163208, 519.871711730957, 589.3433094024658, 1297.3864078521729, 583.7192535400391, 588.768720626831, 90.69371223449707, 1284.6758365631104, 460.3147506713867, 518.0082321166992, 589.679479598999, 592.3402309417725, 590.5349254608154, 459.5296382904053, 100.80957412719727, 411.60106658935547, 462.94617652893066, 41.67294502258301, 49.17550086975098, 204.5431137084961, 83.20808410644531, 1330.108404159546, 1282.2861671447754, 1277.0826816558838, 1278.2161235809326, 1283.8952541351318, 1280.7066440582275, 898.5123634338379, 898.1795310974121, 703.6058902740479, 591.73583984375, 590.235710144043, 1277.1668434143066, 894.6382999420166, 1269.256353378296, 1285.4268550872803, 901.9970893859863, 902.3776054382324, 897.8219032287598, 903.8894176483154, 905.3201675415039, 899.2934226989746, 706.6659927368164, 593.0449962615967, 701.5881538391113, 698.8489627838135, 701.9195556640625, 699.6276378631592, 704.9160003662109, 906.6803455352783, 904.045820236206, 898.979902267456, 901.2327194213867, 898.3886241912842, 894.4723606109619, 897.3867893218994, 1069.932460784912, 515.6242847442627, 408.4491729736328, 1277.8074741363525, 899.6562957763672, 515.2208805084229, 1282.1073532104492, 410.9482765197754, 904.0131568908691, 408.3552360534668, 102.93149948120117, 899.3854522705078, 463.92059326171875, 410.3076457977295, 518.1937217712402, 464.0350341796875, 167.7403450012207, 1277.5161266326904, 591.5536880493164, 516.8766975402832, 594.8240756988525, 1273.2021808624268, 586.3208770751953, 584.9814414978027, 119.31562423706055, 1277.9223918914795, 465.20066261291504, 517.9522037506104, 594.1061973571777, 592.8242206573486, 588.6139869689941, 457.78441429138184, 91.400146484375, 407.2566032409668, 461.82799339294434, 52.15096473693848, 48.464059829711914, 267.70949363708496, 77.89778709411621, 1332.2498798370361, 1281.0561656951904, 1280.0421714782715, 1284.4569683074951, 1287.4760627746582, 1290.985107421875, 902.0571708679199, 901.6642570495605, 709.2475891113281, 596.8887805938721, 591.81809425354, 1273.7147808074951, 900.0215530395508, 1275.8333683013916, 1288.5949611663818, 903.6152362823486, 901.3087749481201, 899.6338844299316, 897.8135585784912, 898.7212181091309, 900.7818698883057, 705.6207656860352, 590.0413990020752, 704.2591571807861, 706.6683769226074, 705.4109573364258, 706.1126232147217, 707.1044445037842, 899.8079299926758, 896.5528011322021, 895.4048156738281, 1087.829351425171, 899.982213973999, 906.6400527954102, 901.3442993164062, 901.4999866485596, 518.2468891143799, 411.8800163269043, 1278.7275314331055, 909.1849327087402, 518.2211399078369, 1299.7186183929443, 409.7788333892822, 908.3068370819092, 404.02841567993164, 165.5266284942627, 903.6109447479248, 464.6463394165039, 406.94499015808105, 517.8811550140381, 462.6576900482178, 134.48238372802734, 1289.3638610839844, 598.7944602966309, 517.8318023681641, 597.2747802734375, 1284.8327159881592, 590.1069641113281, 591.4804935455322, 121.11997604370117, 1287.4586582183838, 459.02013778686523, 515.3429508209229, 588.3560180664062, 592.8382873535156, 593.3821201324463, 459.3689441680908, 78.74250411987305, 402.26054191589355, 465.38782119750977, 43.59173774719238, 47.101497650146484, 180.924654006958, 96.35162353515625, 1331.1097621917725, 1274.3995189666748, 1275.7792472839355, 1271.8756198883057, 1279.2119979858398, 1274.0662097930908, 902.8904438018799, 900.9811878204346, 698.9555358886719, 600.989580154419, 596.996545791626, 1296.9651222229004, 903.5248756408691, 1285.6032848358154, 1299.3969917297363, 895.4458236694336, 900.7585048675537, 899.7182846069336, 905.555009841919, 903.1991958618164, 908.7450504302979, 711.6570472717285, 594.2494869232178, 702.1610736846924, 699.1238594055176, 706.3286304473877, 709.9101543426514, 890.7754421234131, 898.8785743713379, 900.2580642700195, 904.9854278564453, 903.6941528320312, 903.4907817840576, 903.3234119415283, 902.7013778686523, 907.3412418365479, 514.1375064849854, 413.9578342437744, 1283.3235263824463, 901.0512828826904, 521.1052894592285, 1284.815788269043, 410.5105400085449, 902.8470516204834, 404.98828887939453, 190.25707244873047, 911.4937782287598, 454.59628105163574, 403.8364887237549, 512.2437477111816, 452.897310256958, 102.48112678527832, 1312.5205039978027, 590.9168720245361, 513.0791664123535, 602.7352809906006, 1275.6202220916748, 602.0662784576416, 603.813886642456, 117.49768257141113, 1272.0763683319092, 461.944580078125, 525.7492065429688, 603.6098003387451, 600.7814407348633, 605.9145927429199, 474.2271900177002, 91.62783622741699, 411.7884635925293, 475.15010833740234, 43.80965232849121, 52.31308937072754, 113.30246925354004, 98.8152027130127, 1136.995553970337, 1267.4448490142822, 1273.0906009674072, 1279.4990539550781, 1273.6024856567383, 1281.1002731323242, 896.0402011871338, 899.2660045623779, 714.8854732513428, 599.0049839019775, 593.1363105773926, 1261.8012428283691, 899.3480205535889, 1262.035608291626, 1264.195203781128, 898.5843658447266, 897.7885246276855, 894.559383392334, 901.3946056365967, 894.8800563812256, 896.7993259429932, 712.0227813720703, 593.437910079956, 710.8550071716309, 700.0746726989746, 701.9188404083252, 696.1789131164551, 904.8552513122559, 896.3766098022461, 903.1658172607422, 904.4573307037354, 911.4551544189453, 908.3051681518555, 907.6259136199951, 906.1651229858398, 907.9060554504395, 519.0079212188721, 420.2096462249756, 1285.5823040008545, 904.5896530151367, 511.25550270080566, 1287.5189781188965, 420.78208923339844, 904.9923419952393, 414.55793380737305, 163.55037689208984, 904.5844078063965, 475.15249252319336, 