{"pareto_front_0": [[2], [2, 3], [2, 3, 4], [2, 3, 4, 5]], "pareto_front_1": [[2], [2, 3], [2, 3, 4], [2, 3, 4, 5], [2, 3, 4, 5, 7]], "pareto_front_2": [[5], [5, 6], [5, 6, 8]], "pareto_front_3": [[2], [2, 3], [2, 3, 4], [2, 3, 4, 7]], "pareto_front_4": [], "pareto_front_5": [[2], [2, 3], [2, 3, 5]], "pareto_front_6": [[2], [2, 3], [2, 3, 4], [2, 3, 4, 5], [2, 3, 4, 5, 6]], "pareto_front_7": [[4], [4, 5], [4, 5, 8]], "pareto_front_8": [[2], [2, 3], [2, 3, 6]], "pareto_front_9": [[2], [2, 3], [2, 3, 5], [2, 3, 5, 7]], "mean_qpu_run_time(ms)": 793.1008033974226, "stdev_qpu_run_time(ms)": 326.71410978774725, "all_qpu_run_times(ms)": [419.42882537841797, 407.6249599456787, 517.1287059783936, 519.63210105896, 518.9216136932373, 519.9565887451172, 519.3793773651123, 520.4293727874756, 908.5674285888672, 522.1340656280518, 49.16644096374512, 43.7924861907959, 52.75774002075195, 902.177095413208, 904.7410488128662, 909.0607166290283, 909.1951847076416, 908.0579280853271, 903.0039310455322, 518.869161605835, 459.6519470214844, 413.71607780456543, 409.35373306274414, 413.2070541381836, 407.7332019805908, 515.2075290679932, 718.0898189544678, 416.623592376709, 521.0065841674805, 513.524055480957, 518.4342861175537, 912.0118618011475, 137.88747787475586, 1298.0408668518066, 1293.020248413086, 1279.7391414642334, 1289.7381782531738, 1286.0920429229736, 903.9969444274902, 908.5397720336914, 913.1789207458496, 1296.9636917114258, 1303.6847114562988, 1292.771577835083, 902.9462337493896, 714.972734451294, 595.6943035125732, 1303.2691478729248, 1300.9068965911865, 1288.231372833252, 903.2747745513916, 710.0882530212402, 595.2668190002441, 701.7748355865479, 592.505931854248, 1288.8119220733643, 1283.6692333221436, 1281.1405658721924, 1289.9353504180908, 1302.823781967163, 1276.6773700714111, 517.5135135650635, 903.3172130584717, 897.3567485809326, 899.6062278747559, 902.6665687561035, 894.3917751312256, 895.1089382171631, 899.7194766998291, 896.3809013366699, 709.4805240631104, 588.9723300933838, 704.143762588501, 588.221549987793, 585.4959487915039, 585.4012966156006, 706.0995101928711, 699.2342472076416, 898.4236717224121, 898.6139297485352, 898.9613056182861, 890.6979560852051, 892.8737640380859, 592.3440456390381, 700.9148597717285, 582.8125476837158, 402.7566909790039, 401.8518924713135, 506.26301765441895, 511.5683078765869, 511.293888092041, 509.3262195587158, 514.906644821167, 512.9168033599854, 897.463321685791, 515.427827835083, 44.30556297302246, 41.168928146362305, 57.222604751586914, 897.3050117492676, 897.946834564209, 896.765947341919, 892.5328254699707, 902.3880958557129, 895.3649997711182, 510.5559825897217, 454.7007083892822, 405.25293350219727, 404.2835235595703, 403.3389091491699, 404.4804573059082, 510.2691650390625, 699.1777420043945, 402.15134620666504, 1029.881477355957, 515.2513980865479, 518.0850028991699, 901.0615348815918, 379.07862663269043, 1285.6218814849854, 1294.3739891052246, 1289.5705699920654, 1283.7638854980469, 1282.965898513794, 908.966064453125, 910.7227325439453, 906.0819149017334, 1292.975902557373, 1300.1115322113037, 1293.2136058807373, 912.0557308197021, 711.7588520050049, 596.6732501983643, 1298.8612651824951, 1290.8267974853516, 1297.266960144043, 906.9595336914062, 717.4835205078125, 598.2990264892578, 708.0264091491699, 598.5627174377441, 1307.0745468139648, 1312.9868507385254, 1306.9572448730469, 1308.2454204559326, 1304.5070171356201, 1291.7966842651367, 519.486665725708, 910.2320671081543, 908.4830284118652, 903.327465057373, 904.1452407836914, 907.4130058288574, 906.5215587615967, 905.9116840362549, 910.7677936553955, 709.2039585113525, 599.1411209106445, 706.6471576690674, 585.623025894165, 587.1455669403076, 598.6084938049316, 714.545726776123, 709.7461223602295, 910.029411315918, 911.5607738494873, 906.9030284881592, 905.9419631958008, 911.2515449523926, 600.9619235992432, 719.5398807525635, 598.1497764587402, 418.1520938873291, 417.96350479125977, 522.608757019043, 522.2690105438232, 518.5136795043945, 520.0917720794678, 517.7240371704102, 522.3212242126465, 905.9388637542725, 516.8170928955078, 48.63238334655762, 42.81783103942871, 50.74763298034668, 906.7752361297607, 905.7855606079102, 907.6888561248779, 908.531904220581, 909.1196060180664, 912.0564460754395, 517.8196430206299, 465.09289741516113, 411.7574691772461, 405.8837890625, 401.6563892364502, 410.5844497680664, 515.7427787780762, 704.2875289916992, 405.47823905944824, 515.667200088501, 517.364501953125, 512.1796131134033, 903.9454460144043, 149.27101135253906, 1274.9128341674805, 1271.019458770752, 1287.0206832885742, 1278.106451034546, 1272.3710536956787, 897.6900577545166, 901.5791416168213, 896.5885639190674, 1265.6586170196533, 1278.5289287567139, 1273.7135887145996, 897.2280025482178, 711.7445468902588, 588.3479118347168, 1275.2745151519775, 1274.3868827819824, 1279.0963649749756, 900.1383781433105, 696.075439453125, 586.4396095275879, 703.1331062316895, 585.9379768371582, 1283.5609912872314, 1276.6613960266113, 1280.84397315979, 1274.5416164398193, 1274.745225906372, 1274.284839630127, 513.5288238525391, 895.9715366363525, 894.2394256591797, 899.1436958312988, 898.6339569091797, 900.4466533660889, 898.9353179931641, 895.277738571167, 892.55690574646, 701.3401985168457, 585.6876373291016, 701.7619609832764, 590.0352001190186, 587.2349739074707, 584.601640701294, 705.6427001953125, 697.5393295288086, 894.2534923553467, 894.6950435638428, 1463.2446765899658, 894.6068286895752, 900.2361297607422, 592.6289558410645, 696.403980255127, 585.658073425293, 412.6255512237549, 413.83838653564453, 511.5170478820801, 517.4365043640137, 521.5969085693359, 516.1974430084229, 519.798994064331, 514.5611763000488, 900.5908966064453, 508.34155082702637, 44.40617561340332, 36.87453269958496, 48.07138442993164, 903.0184745788574, 903.5871028900146, 909.21950340271, 911.7612838745117, 908.7164402008057, 909.0731143951416, 517.4496173858643, 464.6437168121338, 420.7446575164795, 415.6339168548584, 419.5678234100342, 414.9959087371826, 527.3611545562744, 718.8065052032471, 421.61107063293457, 524.6202945709229, 520.085334777832, 521.6395854949951, 909.6455574035645, 1438.232421875, 1289.5689010620117, 1294.3739891052246, 1308.4135055541992, 1275.5217552185059, 1275.446891784668, 911.3843441009521, 910.8684062957764, 905.8189392089844, 1297.468900680542, 1293.311595916748, 1285.3219509124756, 910.2985858917236, 718.562126159668, 592.1120643615723, 1288.0871295928955, 1288.1858348846436, 1294.553279876709, 907.1240425109863, 715.3360843658447, 600.5127429962158, 703.394889831543, 597.231388092041, 1286.0915660858154, 1293.5020923614502, 1284.780502319336, 1281.3279628753662, 1285.3639125823975, 1291.9447422027588, 519.8187828063965, 908.911943435669, 911.2746715545654, 910.1097583770752, 913.8281345367432, 909.8014831542969, 906.2364101409912, 913.5818481445312, 907.6159000396729, 714.5867347717285, 595.6904888153076, 711.6954326629639, 597.0487594604492, 589.3797874450684, 602.7741432189941, 708.8840007781982, 711.0333442687988, 910.9654426574707, 910.0399017333984, 910.0551605224609, 909.1403484344482, 907.7308177947998, 602.8661727905273, 710.801362991333, 595.9076881408691, 415.01855850219727, 419.8276996612549, 519.3862915039062, 522.4418640136719, 520.4520225524902, 519.9823379516602, 515.7449245452881, 516.4711475372314, 908.982515335083, 514.613151550293, 50.925493240356445, 43.99418830871582, 46.16045951843262, 906.6095352172852, 905.2212238311768, 901.353120803833, 902.5828838348389, 903.1286239624023, 901.7810821533203, 514.9376392364502, 457.7350616455078, 402.87327766418457, 407.1831703186035, 404.5572280883789, 407.28116035461426, 511.4431381225586, 703.8712501525879, 398.5257148742676, 516.5348052978516, 512.2780799865723, 512.563943862915, 894.160270690918, 1412.3070240020752, 1273.834466934204, 1275.2876281738281, 1281.1248302459717, 1279.3080806732178, 1259.2039108276367, 897.5534439086914, 897.3791599273682, 899.7211456298828, 1279.7191143035889, 