{"pareto_front_0": [[0]], "pareto_front_1": [[1], [1, 10], [1, 10, 11], [1, 10, 11, 12], [1, 10, 11, 12, 19]], "pareto_front_2": [[1], [1, 10], [1, 10, 11], [1, 10, 11, 12], [1, 10, 11, 12, 19]], "pareto_front_3": [[1]], "pareto_front_4": [[1], [1, 10], [1, 10, 11], [1, 10, 11, 12], [1, 10, 11, 12, 19]], "pareto_front_5": [[0]], "pareto_front_6": [[2], [2, 10], [2, 10, 11], [2, 10, 11, 12], [2, 10, 11, 12, 19]], "pareto_front_7": [[0], [0, 10], [0, 10, 11], [0, 10, 11, 12], [0, 10, 11, 12, 19]], "pareto_front_8": [[1]], "pareto_front_9": [[2], [2, 10], [2, 10, 11], [2, 10, 11, 12], [2, 10, 11, 12, 19]], "mean_qpu_run_time(ms)": 738.8984564103579, "stdev_qpu_run_time(ms)": 386.72170624221945, "all_qpu_run_times(ms)": [518.8851356506348, 411.1313819885254, 1293.1783199310303, 901.2787342071533, 519.7820663452148, 1278.6965370178223, 416.58568382263184, 417.4034595489502, 92.98872947692871, 896.3327407836914, 706.1121463775635, 456.2971591949463, 405.77125549316406, 518.2619094848633, 451.07150077819824, 104.76922988891602, 1279.0474891662598, 587.1806144714355, 456.6974639892578, 583.7481021881104, 402.92906761169434, 1276.9556045532227, 593.1341648101807, 589.5144939422607, 143.33033561706543, 456.087589263916, 516.1030292510986, 590.3563499450684, 586.5418910980225, 503.68642807006836, 89.59484100341797, 68.74775886535645, 453.34625244140625, 44.17061805725098, 43.772220611572266, 147.3076343536377, 93.40429306030273, 1311.8276596069336, 1276.366949081421, 1268.7225341796875, 1274.7039794921875, 1280.7862758636475, 459.75208282470703, 1273.8325595855713, 1269.3750858306885, 895.928144454956, 699.9857425689697, 847.9068279266357, 903.1538963317871, 705.4054737091064, 904.2611122131348, 908.0300331115723, 898.5295295715332, 904.2758941650391, 908.5688591003418, 1290.0187969207764, 1333.5044384002686, 905.0841331481934, 703.8266658782959, 594.2642688751221, 708.9948654174805, 589.9455547332764, 595.4337120056152, 597.4314212799072, 710.5495929718018, 587.9931449890137, 906.1422348022461, 909.015417098999, 901.9641876220703, 1303.1044006347656, 1283.982515335083, 1290.8954620361328, 1287.306547164917, 1288.6903285980225, 1283.5185527801514, 460.5374336242676, 518.7122821807861, 406.8033695220947, 1284.9600315093994, 898.5483646392822, 514.2967700958252, 1293.0853366851807, 407.00817108154297, 403.86199951171875, 93.34278106689453, 900.30837059021, 713.0959033966064, 459.72585678100586, 404.0250778198242, 516.54052734375, 454.0419578552246, 88.76967430114746, 1280.6146144866943, 596.0080623626709, 454.7915458679199, 588.402509689331, 400.27594566345215, 1287.1158123016357, 582.1967124938965, 585.9262943267822, 82.11135864257812, 458.41121673583984, 513.1425857543945, 583.5497379302979, 588.1378650665283, 516.3614749908447, 73.63128662109375, 91.74680709838867, 464.57386016845703, 44.579267501831055, 53.2681941986084, 239.38894271850586, 86.27510070800781, 1333.341121673584, 1286.2176895141602, 1288.7156009674072, 1278.653621673584, 1281.1753749847412, 458.1151008605957, 1275.6319046020508, 1286.2777709960938, 894.8030471801758, 697.2141265869141, 586.8334770202637, 895.7955837249756, 693.7437057495117, 896.2788581848145, 902.2278785705566, 903.9499759674072, 896.5904712677002, 897.0623016357422, 1278.961181640625, 1268.9857482910156, 895.4992294311523, 702.843189239502, 591.303825378418, 703.7718296051025, 589.1833305358887, 590.5663967132568, 589.510440826416, 700.4177570343018, 590.8305644989014, 897.7353572845459, 1191.7757987976074, 912.9788875579834, 1280.388593673706, 1288.7377738952637, 1284.8620414733887, 1301.2094497680664, 1302.1817207336426, 1282.8953266143799, 457.751989364624, 515.695333480835, 405.19094467163086, 1281.984567642212, 894.7436809539795, 515.568733215332, 1285.4113578796387, 408.72955322265625, 411.0879898071289, 148.46134185791016, 911.0848903656006, 710.984468460083, 452.5899887084961, 409.0249538421631, 514.1561031341553, 456.7878246307373, 95.15023231506348, 1284.7731113433838, 596.7552661895752, 460.101842880249, 596.4717864990234, 412.90831565856934, 1285.6974601745605, 591.5615558624268, 595.0992107391357, 111.49978637695312, 450.31046867370605, 511.0962390899658, 579.2815685272217, 586.6641998291016, 511.7673873901367, 70.53017616271973, 84.86151695251465, 463.0312919616699, 48.6757755279541, 57.79838562011719, 168.1368350982666, 56.37621879577637, 1323.3129978179932, 1280.5109024047852, 1289.0419960021973, 1288.5172367095947, 1287.6622676849365, 454.6079635620117, 1285.4712009429932, 1285.7606410980225, 904.2093753814697, 710.3197574615479, 595.2193737030029, 906.8918228149414, 704.9479484558105, 905.4510593414307, 909.0213775634766, 903.34153175354, 901.4637470245361, 906.6004753112793, 1284.2936515808105, 1282.0332050323486, 900.1462459564209, 701.4248371124268, 597.4431037902832, 701.11083984375, 586.6103172302246, 585.6778621673584, 587.8007411956787, 701.5254497528076, 589.5094871520996, 895.0955867767334, 897.9556560516357, 894.1030502319336, 1276.707410812378, 1278.968334197998, 1283.2787036895752, 1275.2156257629395, 1274.1658687591553, 1278.7716388702393, 455.64913749694824, 512.4127864837646, 405.29561042785645, 1276.4649391174316, 902.0593166351318, 515.6795978546143, 1277.2283554077148, 406.9247245788574, 418.8952445983887, 136.90686225891113, 892.9762840270996, 701.9929885864258, 456.09068870544434, 414.9973392486572, 514.4000053405762, 749.2537498474121, 107.03563690185547, 1287.3458862304688, 593.6706066131592, 459.8987102508545, 588.2704257965088, 403.3339023590088, 1288.9904975891113, 590.8558368682861, 591.9835567474365, 164.75319862365723, 467.77844429016113, 516.2744522094727, 589.9672508239746, 590.9554958343506, 522.2597122192383, 67.75093078613281, 53.01547050476074, 462.5821113586426, 42.06991195678711, 50.58169364929199, 259.92441177368164, 96.6801643371582, 894.8371410369873, 1293.0469512939453, 1294.9934005737305, 1286.1196994781494, 1285.11643409729, 467.4241542816162, 1273.2808589935303, 1275.7797241210938, 901.0984897613525, 712.2678756713867, 592.3128128051758, 904.7515392303467, 704.2882442474365, 903.5782814025879, 901.6757011413574, 904.6657085418701, 900.9826183319092, 899.1844654083252, 1274.935245513916, 1277.5626182556152, 904.1669368743896, 707.2482109069824, 590.9502506256104, 708.9359760284424, 596.4446067810059, 589.9448394775391, 590.1384353637695, 702.61549949646, 591.6485786437988, 898.5254764556885, 898.0085849761963, 903.5329818725586, 1282.1838855743408, 1285.1202487945557, 1290.4388904571533, 1298.0961799621582, 1287.6636981964111, 1281.9156646728516, 457.26704597473145, 514.8334503173828, 398.998498916626, 1293.9074039459229, 899.3768692016602, 506.5906047821045, 1285.2191925048828, 404.62589263916016, 401.4129638671875, 115.30041694641113, 896.1918354034424, 702.0399570465088, 451.5359401702881, 400.14052391052246, 513.6916637420654, 455.8746814727783, 57.636260986328125, 1295.767068862915, 585.4616165161133, 452.63218879699707, 585.191011428833, 403.6574363708496, 1275.1235961914062, 591.2699699401855, 590.1041030883789, 163.7732982635498, 456.8672180175781, 514.3556594848633, 590.1463031768799, 589.4358158111572, 512.7801895141602, 83.78148078918457, 48.250675201416016, 455.2137851715088, 48.1414794921875, 49.03745651245117, 192.59357452392578, 87.09907531738281, 854.8758029937744, 1274.0252017974854, 1259.1516971588135, 1273.7596035003662, 1278.653860092163, 453.5799026489258, 1274.4810581207275, 1276.8213748931885, 896.1000442504883, 699.5291709899902, 912.3129844665527, 896.7759609222412, 698.1501579284668, 891.7591571807861, 898.125171661377, 898.3485698699951, 900.4080295562744, 903.4228324890137, 1282.7188968658447, 1290.5089855194092, 905.4288864135742, 714.7448062896729, 591.921329498291, 712.6579284667969, 596.0240364074707, 593.0650234222412, 599.0200042724609, 711.0974788665771, 595.7183837890625, 902.8558731079102, 900.8774757385254, 899.8098373413086, 1287.9681587219238, 1286.2484455108643, 1288.9015674591064, 1284.5683097839355, 1287.5559329986572, 