{"pareto_front_0": [[4], [4, 7]], "pareto_front_1": [[4]], "pareto_front_2": [[6], [6, 7]], "pareto_front_3": [[2], [2, 3], [2, 3, 4], [2, 3, 4, 5], [2, 3, 4, 5, 6]], "pareto_front_4": [[4], [4, 5], [4, 5, 6]], "pareto_front_5": [[4]], "pareto_front_6": [[2], [2, 3], [2, 3, 5], [2, 3, 5, 7]], "pareto_front_7": [], "pareto_front_8": [[5], [5, 6]], "pareto_front_9": [[4], [4, 5], [4, 5, 7]], "mean_qpu_run_time(ms)": 793.9300551133997, "stdev_qpu_run_time(ms)": 315.23089952443695, "all_qpu_run_times(ms)": [412.9681587219238, 413.4252071380615, 518.8114643096924, 518.1317329406738, 519.402265548706, 899.63698387146, 511.8715763092041, 902.4868011474609, 509.98663902282715, 47.01709747314453, 53.33089828491211, 900.9337425231934, 899.1155624389648, 896.6326713562012, 899.9929428100586, 901.7853736877441, 461.96436882019043, 412.1382236480713, 403.96928787231445, 407.3829650878906, 393.7234878540039, 501.6613006591797, 693.8858032226562, 398.8151550292969, 517.0724391937256, 893.6636447906494, 499.27234649658203, 511.8868350982666, 513.3466720581055, 902.9395580291748, 1381.7768096923828, 1251.93190574646, 1258.1303119659424, 1256.3331127166748, 1258.2550048828125, 1262.3727321624756, 897.1514701843262, 895.9488868713379, 897.2518444061279, 1261.2969875335693, 1269.113302230835, 1261.5492343902588, 900.5990028381348, 696.5227127075195, 588.2678031921387, 904.7505855560303, 901.9758701324463, 1264.9600505828857, 699.5213031768799, 595.0160026550293, 709.6569538116455, 598.6113548278809, 1292.6852703094482, 1295.036792755127, 1286.6289615631104, 1284.8761081695557, 1288.0229949951172, 1289.5755767822266, 520.4968452453613, 710.8895778656006, 595.8666801452637, 915.205717086792, 907.3855876922607, 910.9973907470703, 908.3681106567383, 908.0703258514404, 905.5395126342773, 906.1286449432373, 907.9973697662354, 705.6069374084473, 591.0565853118896, 708.1148624420166, 711.4017009735107, 603.7671566009521, 602.7483940124512, 598.7458229064941, 588.7966156005859, 705.9874534606934, 704.5233249664307, 1301.1095523834229, 1301.448106765747, 708.0426216125488, 599.0962982177734, 913.4383201599121, 713.9072418212891, 415.56286811828613, 414.151668548584, 522.1688747406006, 519.8044776916504, 518.0971622467041, 912.4336242675781, 518.7039375305176, 918.6904430389404, 522.0086574554443, 43.64919662475586, 49.9119758605957, 910.5584621429443, 914.2355918884277, 911.9787216186523, 915.3397083282471, 912.2726917266846, 467.09132194519043, 412.26863861083984, 410.9828472137451, 411.4699363708496, 417.84024238586426, 521.0387706756592, 711.5287780761719, 412.77360916137695, 518.9120769500732, 910.1638793945312, 519.5508003234863, 520.4956531524658, 522.284746170044, 905.5140018463135, 137.75920867919922, 1279.4854640960693, 1272.1529006958008, 1292.8032875061035, 1278.9688110351562, 1281.714677810669, 900.336742401123, 893.242597579956, 891.1428451538086, 1265.695333480835, 1272.7625370025635, 1267.6732540130615, 899.0271091461182, 704.3552398681641, 593.111515045166, 901.8352031707764, 904.3731689453125, 904.6986103057861, 703.5455703735352, 585.8736038208008, 703.568696975708, 591.4731025695801, 1282.0768356323242, 1282.475471496582, 1281.0900211334229, 1281.853199005127, 1286.6547107696533, 1285.414695739746, 514.6629810333252, 710.3540897369385, 600.884199142456, 898.2398509979248, 899.3470668792725, 897.0026969909668, 901.5066623687744, 904.097318649292, 900.4690647125244, 903.0044078826904, 897.7422714233398, 703.1369209289551, 593.2891368865967, 701.3802528381348, 704.6282291412354, 592.9043292999268, 595.4511165618896, 589.0941619873047, 588.2534980773926, 1117.0933246612549, 701.2667655944824, 1275.4807472229004, 1278.1908512115479, 703.8288116455078, 594.9857234954834, 898.8070487976074, 706.0227394104004, 400.9284973144531, 411.8461608886719, 518.5911655426025, 517.3945426940918, 516.4308547973633, 904.7560691833496, 518.8870429992676, 911.7159843444824, 512.5176906585693, 49.542903900146484, 65.34361839294434, 908.9627265930176, 914.8492813110352, 906.0013294219971, 906.6224098205566, 909.4524383544922, 458.74619483947754, 408.39219093322754, 410.68220138549805, 414.6914482116699, 413.0127429962158, 522.2969055175781, 710.5369567871094, 414.43347930908203, 522.4111080169678, 906.3782691955566, 521.3353633880615, 523.5512256622314, 521.0776329040527, 905.2221775054932, 111.04369163513184, 1286.3447666168213, 1285.9899997711182, 1286.729097366333, 1278.4333229064941, 1287.7411842346191, 911.6916656494141, 908.405065536499, 910.3059768676758, 1290.6010150909424, 1293.8392162322998, 1289.8190021514893, 907.843828201294, 718.496561050415, 595.130443572998, 908.7615013122559, 900.9449481964111, 913.0163192749023, 709.6676826477051, 596.7504978179932, 715.2655124664307, 602.3757457733154, 1289.1058921813965, 1301.532506942749, 1297.0452308654785, 1291.0048961639404, 1285.3524684906006, 1280.360460281372, 516.0331726074219, 710.9992504119873, 594.7356224060059, 912.1921062469482, 902.9014110565186, 910.0275039672852, 904.2797088623047, 907.1197509765625, 901.6625881195068, 900.8896350860596, 897.0048427581787, 700.1476287841797, 587.0985984802246, 700.7813453674316, 705.8901786804199, 590.4109477996826, 598.1037616729736, 600.0385284423828, 598.7827777862549, 700.2987861633301, 696.9988346099854, 1280.4291248321533, 1283.4062576293945, 714.1728401184082, 599.501371383667, 903.8338661193848, 710.4296684265137, 406.7997932434082, 401.3361930847168, 508.331298828125, 508.1772804260254, 510.42842864990234, 901.414155960083, 515.7608985900879, 900.3379344940186, 518.4683799743652, 47.98698425292969, 50.07052421569824, 900.6967544555664, 902.9819965362549, 905.5984020233154, 901.458740234375, 902.0273685455322, 470.50023078918457, 401.0732173919678, 401.28278732299805, 401.48162841796875, 407.51028060913086, 514.2796039581299, 697.5123882293701, 407.35507011413574, 516.7059898376465, 899.8651504516602, 512.7847194671631, 516.2742137908936, 515.5749320983887, 897.648811340332, 517.6668167114258, 1280.468463897705, 1296.8602180480957, 1291.7096614837646, 1278.4423828125, 1281.6448211669922, 904.3376445770264, 905.9772491455078, 905.0886631011963, 1291.7134761810303, 1287.7073287963867, 1298.2511520385742, 911.3767147064209, 707.66282081604, 594.3775177001953, 913.7289524078369, 919.8191165924072, 911.7095470428467, 709.2766761779785, 598.0141162872314, 713.7322425842285, 602.9727458953857, 1297.9681491851807, 1299.626350402832, 1298.4511852264404, 1292.7424907684326, 1292.3498153686523, 1287.4293327331543, 518.6460018157959, 712.3196125030518, 598.2534885406494, 934.4532489776611, 937.1581077575684, 911.9963645935059, 922.4610328674316, 902.9829502105713, 906.8689346313477, 905.3797721862793, 904.4318199157715, 710.8027935028076, 593.0962562561035, 703.7293910980225, 709.5780372619629, 598.5250473022461, 593.0771827697754, 600.9681224822998, 595.2484607696533, 709.9630832672119, 705.9996128082275, 1290.1010513305664, 1289.3919944763184, 710.6339931488037, 596.9023704528809, 912.9559993743896, 712.5108242034912, 410.175085067749, 413.2726192474365, 520.7610130310059, 521.331787109375, 517.3511505126953, 918.4072017669678, 529.1597843170166, 916.9189929962158, 536.4491939544678, 51.9719123840332, 58.817148208618164, 929.9321174621582, 940.3526782989502, 928.5247325897217, 917.2689914703369, 930.7684898376465, 470.60322761535645, 417.83618927001953, 416.02492332458496, 423.1076240539551, 423.08878898620605, 528.3653736114502, 726.0596752166748, 424.3955612182617, 532.7520370483398, 946.4216232299805, 528.8000106811523, 523.2253074645996, 530.1508903503418, 1006.3059329986572, 132.2653293609619, 1305.896520614624, 1294.8980331420898, 1297.231674194336, 2021.465539932251, 1317.4703121185303, 1546.1692810058594, 920.1414585113525, 894.7770595550537, 1290.8613681793213, 1282.8199863433838, 1285.7465744018555, 902.4019241333008, 709.7392082214355, 595.4148769378662, 901.5607833862305, 900.256872177124, 898.7236022949219, 706.2761783599854, 593.4028625488281, 708.1794738769531, 